,TradeID,RuleViolated,Reason,DetectedAt
0,1,Timeliness,Trade timestamp older than allowed window,2026-01-02T15:16:16.392162
1,17,Timeliness,Trade timestamp older than allowed window,2026-01-02T15:16:16.392162
2,100,Timeliness,Trade timestamp older than allowed window,2026-01-02T15:16:16.392162
3,114,Timeliness,Trade timestamp older than allowed window,2026-01-02T15:16:16.392162
4,126,Timeliness,Trade timestamp older than allowed window,2026-01-02T15:16:16.392162
5,139,Timeliness,Trade timestamp older than allowed window,2026-01-02T15:16:16.392162
6,165,Timeliness,Trade timestamp older than allowed window,2026-01-02T15:16:16.392162
7,173,Timeliness,Trade timestamp older than allowed window,2026-01-02T15:16:16.392162
8,230,Timeliness,Trade timestamp older than allowed window,2026-01-02T15:16:16.392162
9,237,Timeliness,Trade timestamp older than allowed window,2026-01-02T15:16:16.392162
10,248,Timeliness,Trade timestamp older than allowed window,2026-01-02T15:16:16.392162
11,377,Timeliness,Trade timestamp older than allowed window,2026-01-02T15:16:16.392162
12,390,Timeliness,Trade timestamp older than allowed window,2026-01-02T15:16:16.392162
13,403,Timeliness,Trade timestamp older than allowed window,2026-01-02T15:16:16.392162
14,420,Timeliness,Trade timestamp older than allowed window,2026-01-02T15:16:16.392162
15,428,Timeliness,Trade timestamp older than allowed window,2026-01-02T15:16:16.392162
16,440,Timeliness,Trade timestamp older than allowed window,2026-01-02T15:16:16.392162
17,458,Timeliness,Trade timestamp older than allowed window,2026-01-02T15:16:16.392162
18,459,Timeliness,Trade timestamp older than allowed window,2026-01-02T15:16:16.392162
19,462,Timeliness,Trade timestamp older than allowed window,2026-01-02T15:16:16.392162
20,477,Timeliness,Trade timestamp older than allowed window,2026-01-02T15:16:16.392162
21,501,Timeliness,Trade timestamp older than allowed window,2026-01-02T15:16:16.392162
22,516,Timeliness,Trade timestamp older than allowed window,2026-01-02T15:16:16.392162
23,529,Timeliness,Trade timestamp older than allowed window,2026-01-02T15:16:16.392162
24,532,Timeliness,Trade timestamp older than allowed window,2026-01-02T15:16:16.392162
25,549,Timeliness,Trade timestamp older than allowed window,2026-01-02T15:16:16.392162
26,569,Timeliness,Trade timestamp older than allowed window,2026-01-02T15:16:16.392162
27,574,Timeliness,Trade timestamp older than allowed window,2026-01-02T15:16:16.392162
28,591,Timeliness,Trade timestamp older than allowed window,2026-01-02T15:16:16.392162
29,662,Timeliness,Trade timestamp older than allowed window,2026-01-02T15:16:16.392162
30,674,Timeliness,Trade timestamp older than allowed window,2026-01-02T15:16:16.392162
31,691,Timeliness,Trade timestamp older than allowed window,2026-01-02T15:16:16.392162
32,694,Timeliness,Trade timestamp older than allowed window,2026-01-02T15:16:16.392162
33,785,Timeliness,Trade timestamp older than allowed window,2026-01-02T15:16:16.392162
34,870,Timeliness,Trade timestamp older than allowed window,2026-01-02T15:16:16.392162
35,1060,Timeliness,Trade timestamp older than allowed window,2026-01-02T15:16:16.392162
36,1082,Timeliness,Trade timestamp older than allowed window,2026-01-02T15:16:16.392162
37,1085,Timeliness,Trade timestamp older than allowed window,2026-01-02T15:16:16.392162
38,1111,Timeliness,Trade timestamp older than allowed window,2026-01-02T15:16:16.392162
39,1113,Timeliness,Trade timestamp older than allowed window,2026-01-02T15:16:16.392162
40,1115,Timeliness,Trade timestamp older than allowed window,2026-01-02T15:16:16.392162
41,1117,Timeliness,Trade timestamp older than allowed window,2026-01-02T15:16:16.392162
42,1159,Timeliness,Trade timestamp older than allowed window,2026-01-02T15:16:16.392162
43,1162,Timeliness,Trade timestamp older than allowed window,2026-01-02T15:16:16.392162
44,1165,Timeliness,Trade timestamp older than allowed window,2026-01-02T15:16:16.392162
45,1169,Timeliness,Trade timestamp older than allowed window,2026-01-02T15:16:16.392162
46,1181,Timeliness,Trade timestamp older than allowed window,2026-01-02T15:16:16.392162
47,1199,Timeliness,Trade timestamp older than allowed window,2026-01-02T15:16:16.392162
48,1234,Timeliness,Trade timestamp older than allowed window,2026-01-02T15:16:16.392162
49,1247,Timeliness,Trade timestamp older than allowed window,2026-01-02T15:16:16.392162
50,1272,Timeliness,Trade timestamp older than allowed window,2026-01-02T15:16:16.392162
51,1316,Timeliness,Trade timestamp older than allowed window,2026-01-02T15:16:16.392162
52,1318,Timeliness,Trade timestamp older than allowed window,2026-01-02T15:16:16.392162
53,1319,Timeliness,Trade timestamp older than allowed window,2026-01-02T15:16:16.392162
54,1327,Timeliness,Trade timestamp older than allowed window,2026-01-02T15:16:16.392162
55,1364,Timeliness,Trade timestamp older than allowed window,2026-01-02T15:16:16.392162
56,1366,Timeliness,Trade timestamp older than allowed window,2026-01-02T15:16:16.392162
57,1370,Timeliness,Trade timestamp older than allowed window,2026-01-02T15:16:16.392162
58,1438,Timeliness,Trade timestamp older than allowed window,2026-01-02T15:16:16.392162
59,1454,Timeliness,Trade timestamp older than allowed window,2026-01-02T15:16:16.392162
60,1486,Timeliness,Trade timestamp older than allowed window,2026-01-02T15:16:16.392162
61,1508,Timeliness,Trade timestamp older than allowed window,2026-01-02T15:16:16.392162
62,1559,Timeliness,Trade timestamp older than allowed window,2026-01-02T15:16:16.392162
63,1575,Timeliness,Trade timestamp older than allowed window,2026-01-02T15:16:16.392162
64,1594,Timeliness,Trade timestamp older than allowed window,2026-01-02T15:16:16.392162
65,1599,Timeliness,Trade timestamp older than allowed window,2026-01-02T15:16:16.392162
66,1601,Timeliness,Trade timestamp older than allowed window,2026-01-02T15:16:16.392162
67,1670,Timeliness,Trade timestamp older than allowed window,2026-01-02T15:16:16.392162
68,1675,Timeliness,Trade timestamp older than allowed window,2026-01-02T15:16:16.392162
69,1741,Timeliness,Trade timestamp older than allowed window,2026-01-02T15:16:16.392162
70,1826,Timeliness,Trade timestamp older than allowed window,2026-01-02T15:16:16.392162
71,1984,Timeliness,Trade timestamp older than allowed window,2026-01-02T15:16:16.392162
72,2002,Timeliness,Trade timestamp older than allowed window,2026-01-02T15:16:16.392162
73,2004,Timeliness,Trade timestamp older than allowed window,2026-01-02T15:16:16.392162
74,2005,Timeliness,Trade timestamp older than allowed window,2026-01-02T15:16:16.392162
75,2007,Timeliness,Trade timestamp older than allowed window,2026-01-02T15:16:16.392162
76,2070,Timeliness,Trade timestamp older than allowed window,2026-01-02T15:16:16.392162
77,2116,Timeliness,Trade timestamp older than allowed window,2026-01-02T15:16:16.392162
78,2125,Timeliness,Trade timestamp older than allowed window,2026-01-02T15:16:16.392162
79,2326,Timeliness,Trade timestamp older than allowed window,2026-01-02T15:16:16.392162
80,2407,Timeliness,Trade timestamp older than allowed window,2026-01-02T15:16:16.392162
81,2413,Timeliness,Trade timestamp older than allowed window,2026-01-02T15:16:16.392162
82,2423,Timeliness,Trade timestamp older than allowed window,2026-01-02T15:16:16.392162
83,2433,Timeliness,Trade timestamp older than allowed window,2026-01-02T15:16:16.392162
84,2507,Timeliness,Trade timestamp older than allowed window,2026-01-02T15:16:16.392162
85,2514,Timeliness,Trade timestamp older than allowed window,2026-01-02T15:16:16.392162
86,2555,Timeliness,Trade timestamp older than allowed window,2026-01-02T15:16:16.392162
87,2565,Timeliness,Trade timestamp older than allowed window,2026-01-02T15:16:16.392162
88,2577,Timeliness,Trade timestamp older than allowed window,2026-01-02T15:16:16.392162
89,2611,Timeliness,Trade timestamp older than allowed window,2026-01-02T15:16:16.392162
90,2628,Timeliness,Trade timestamp older than allowed window,2026-01-02T15:16:16.392162
91,2677,Timeliness,Trade timestamp older than allowed window,2026-01-02T15:16:16.392162
92,2685,Timeliness,Trade timestamp older than allowed window,2026-01-02T15:16:16.392162
93,2687,Timeliness,Trade timestamp older than allowed window,2026-01-02T15:16:16.392162
94,2712,Timeliness,Trade timestamp older than allowed window,2026-01-02T15:16:16.392162
95,2730,Timeliness,Trade timestamp older than allowed window,2026-01-02T15:16:16.392162
96,2765,Timeliness,Trade timestamp older than allowed window,2026-01-02T15:16:16.392162
97,2774,Timeliness,Trade timestamp older than allowed window,2026-01-02T15:16:16.392162
98,2799,Timeliness,Trade timestamp older than allowed window,2026-01-02T15:16:16.392162
99,2802,Timeliness,Trade timestamp older than allowed window,2026-01-02T15:16:16.392162
100,2851,Timeliness,Trade timestamp older than allowed window,2026-01-02T15:16:16.392162
101,2909,Timeliness,Trade timestamp older than allowed window,2026-01-02T15:16:16.392162
102,2956,Timeliness,Trade timestamp older than allowed window,2026-01-02T15:16:16.392162
103,3005,Timeliness,Trade timestamp older than allowed window,2026-01-02T15:16:16.392162
104,3012,Timeliness,Trade timestamp older than allowed window,2026-01-02T15:16:16.392162
105,3036,Timeliness,Trade timestamp older than allowed window,2026-01-02T15:16:16.392162
106,3078,Timeliness,Trade timestamp older than allowed window,2026-01-02T15:16:16.392162
107,3094,Timeliness,Trade timestamp older than allowed window,2026-01-02T15:16:16.392162
108,3131,Timeliness,Trade timestamp older than allowed window,2026-01-02T15:16:16.392162
109,3138,Timeliness,Trade timestamp older than allowed window,2026-01-02T15:16:16.392162
110,3161,Timeliness,Trade timestamp older than allowed window,2026-01-02T15:16:16.392162
111,3169,Timeliness,Trade timestamp older than allowed window,2026-01-02T15:16:16.392162
112,3236,Timeliness,Trade timestamp older than allowed window,2026-01-02T15:16:16.392162
113,3256,Timeliness,Trade timestamp older than allowed window,2026-01-02T15:16:16.392162
114,3279,Timeliness,Trade timestamp older than allowed window,2026-01-02T15:16:16.392162
115,3283,Timeliness,Trade timestamp older than allowed window,2026-01-02T15:16:16.392162
116,3328,Timeliness,Trade timestamp older than allowed window,2026-01-02T15:16:16.392162
117,3399,Timeliness,Trade timestamp older than allowed window,2026-01-02T15:16:16.392162
118,3421,Timeliness,Trade timestamp older than allowed window,2026-01-02T15:16:16.392162
119,3453,Timeliness,Trade timestamp older than allowed window,2026-01-02T15:16:16.392162
120,3470,Timeliness,Trade timestamp older than allowed window,2026-01-02T15:16:16.392162
121,3479,Timeliness,Trade timestamp older than allowed window,2026-01-02T15:16:16.392162
122,3487,Timeliness,Trade timestamp older than allowed window,2026-01-02T15:16:16.392162
123,3490,Timeliness,Trade timestamp older than allowed window,2026-01-02T15:16:16.392162
124,3536,Timeliness,Trade timestamp older than allowed window,2026-01-02T15:16:16.392162
125,3636,Timeliness,Trade timestamp older than allowed window,2026-01-02T15:16:16.392162
126,3733,Timeliness,Trade timestamp older than allowed window,2026-01-02T15:16:16.392162
127,3811,Timeliness,Trade timestamp older than allowed window,2026-01-02T15:16:16.392162
128,3826,Timeliness,Trade timestamp older than allowed window,2026-01-02T15:16:16.392162
129,3865,Timeliness,Trade timestamp older than allowed window,2026-01-02T15:16:16.392162
130,3874,Timeliness,Trade timestamp older than allowed window,2026-01-02T15:16:16.392162
131,3876,Timeliness,Trade timestamp older than allowed window,2026-01-02T15:16:16.392162
132,3880,Timeliness,Trade timestamp older than allowed window,2026-01-02T15:16:16.392162
133,3893,Timeliness,Trade timestamp older than allowed window,2026-01-02T15:16:16.392162
134,3901,Timeliness,Trade timestamp older than allowed window,2026-01-02T15:16:16.392162
135,3950,Timeliness,Trade timestamp older than allowed window,2026-01-02T15:16:16.392162
136,3968,Timeliness,Trade timestamp older than allowed window,2026-01-02T15:16:16.392162
137,3973,Timeliness,Trade timestamp older than allowed window,2026-01-02T15:16:16.392162
138,3975,Timeliness,Trade timestamp older than allowed window,2026-01-02T15:16:16.392162
139,3994,Timeliness,Trade timestamp older than allowed window,2026-01-02T15:16:16.392162
140,4024,Timeliness,Trade timestamp older than allowed window,2026-01-02T15:16:16.392162
141,4029,Timeliness,Trade timestamp older than allowed window,2026-01-02T15:16:16.392162
142,4034,Timeliness,Trade timestamp older than allowed window,2026-01-02T15:16:16.392162
143,4039,Timeliness,Trade timestamp older than allowed window,2026-01-02T15:16:16.392162
144,4094,Timeliness,Trade timestamp older than allowed window,2026-01-02T15:16:16.392162
145,4097,Timeliness,Trade timestamp older than allowed window,2026-01-02T15:16:16.392162
146,4160,Timeliness,Trade timestamp older than allowed window,2026-01-02T15:16:16.392162
147,4173,Timeliness,Trade timestamp older than allowed window,2026-01-02T15:16:16.392162
148,4223,Timeliness,Trade timestamp older than allowed window,2026-01-02T15:16:16.392162
149,4272,Timeliness,Trade timestamp older than allowed window,2026-01-02T15:16:16.392162
150,4290,Timeliness,Trade timestamp older than allowed window,2026-01-02T15:16:16.392162
151,4323,Timeliness,Trade timestamp older than allowed window,2026-01-02T15:16:16.392162
152,4342,Timeliness,Trade timestamp older than allowed window,2026-01-02T15:16:16.392162
153,4368,Timeliness,Trade timestamp older than allowed window,2026-01-02T15:16:16.392162
154,4389,Timeliness,Trade timestamp older than allowed window,2026-01-02T15:16:16.392162
155,4404,Timeliness,Trade timestamp older than allowed window,2026-01-02T15:16:16.392162
156,4414,Timeliness,Trade timestamp older than allowed window,2026-01-02T15:16:16.392162
157,4467,Timeliness,Trade timestamp older than allowed window,2026-01-02T15:16:16.392162
158,4486,Timeliness,Trade timestamp older than allowed window,2026-01-02T15:16:16.392162
159,4499,Timeliness,Trade timestamp older than allowed window,2026-01-02T15:16:16.392162
160,4512,Timeliness,Trade timestamp older than allowed window,2026-01-02T15:16:16.392162
161,4517,Timeliness,Trade timestamp older than allowed window,2026-01-02T15:16:16.392162
162,4533,Timeliness,Trade timestamp older than allowed window,2026-01-02T15:16:16.392162
163,4572,Timeliness,Trade timestamp older than allowed window,2026-01-02T15:16:16.392162
164,4590,Timeliness,Trade timestamp older than allowed window,2026-01-02T15:16:16.392162
165,4626,Timeliness,Trade timestamp older than allowed window,2026-01-02T15:16:16.392162
166,4655,Timeliness,Trade timestamp older than allowed window,2026-01-02T15:16:16.392162
167,4672,Timeliness,Trade timestamp older than allowed window,2026-01-02T15:16:16.392162
168,4689,Timeliness,Trade timestamp older than allowed window,2026-01-02T15:16:16.392162
169,4694,Timeliness,Trade timestamp older than allowed window,2026-01-02T15:16:16.392162
170,4727,Timeliness,Trade timestamp older than allowed window,2026-01-02T15:16:16.392162
171,4740,Timeliness,Trade timestamp older than allowed window,2026-01-02T15:16:16.392162
172,4748,Timeliness,Trade timestamp older than allowed window,2026-01-02T15:16:16.392162
173,4776,Timeliness,Trade timestamp older than allowed window,2026-01-02T15:16:16.392162
174,4806,Timeliness,Trade timestamp older than allowed window,2026-01-02T15:16:16.392162
175,4824,Timeliness,Trade timestamp older than allowed window,2026-01-02T15:16:16.392162
176,4838,Timeliness,Trade timestamp older than allowed window,2026-01-02T15:16:16.392162
177,4895,Timeliness,Trade timestamp older than allowed window,2026-01-02T15:16:16.392162
178,4903,Timeliness,Trade timestamp older than allowed window,2026-01-02T15:16:16.392162
179,4988,Timeliness,Trade timestamp older than allowed window,2026-01-02T15:16:16.392162
180,4991,Timeliness,Trade timestamp older than allowed window,2026-01-02T15:16:16.392162
181,4997,Timeliness,Trade timestamp older than allowed window,2026-01-02T15:16:16.392162
182,5033,Timeliness,Trade timestamp older than allowed window,2026-01-02T15:16:16.392162
183,5039,Timeliness,Trade timestamp older than allowed window,2026-01-02T15:16:16.392162
184,5168,Timeliness,Trade timestamp older than allowed window,2026-01-02T15:16:16.392162
185,5197,Timeliness,Trade timestamp older than allowed window,2026-01-02T15:16:16.392162
186,5203,Timeliness,Trade timestamp older than allowed window,2026-01-02T15:16:16.392162
187,5292,Timeliness,Trade timestamp older than allowed window,2026-01-02T15:16:16.392162
188,5340,Timeliness,Trade timestamp older than allowed window,2026-01-02T15:16:16.392162
189,5351,Timeliness,Trade timestamp older than allowed window,2026-01-02T15:16:16.392162
190,5367,Timeliness,Trade timestamp older than allowed window,2026-01-02T15:16:16.392162
191,5389,Timeliness,Trade timestamp older than allowed window,2026-01-02T15:16:16.392162
192,5408,Timeliness,Trade timestamp older than allowed window,2026-01-02T15:16:16.392162
193,5448,Timeliness,Trade timestamp older than allowed window,2026-01-02T15:16:16.392162
194,5457,Timeliness,Trade timestamp older than allowed window,2026-01-02T15:16:16.392162
195,5510,Timeliness,Trade timestamp older than allowed window,2026-01-02T15:16:16.392162
196,5545,Timeliness,Trade timestamp older than allowed window,2026-01-02T15:16:16.392162
197,5570,Timeliness,Trade timestamp older than allowed window,2026-01-02T15:16:16.392162
198,5590,Timeliness,Trade timestamp older than allowed window,2026-01-02T15:16:16.392162
199,5641,Timeliness,Trade timestamp older than allowed window,2026-01-02T15:16:16.392162
200,5647,Timeliness,Trade timestamp older than allowed window,2026-01-02T15:16:16.392162
201,5708,Timeliness,Trade timestamp older than allowed window,2026-01-02T15:16:16.392162
202,5714,Timeliness,Trade timestamp older than allowed window,2026-01-02T15:16:16.392162
203,5719,Timeliness,Trade timestamp older than allowed window,2026-01-02T15:16:16.392162
204,5735,Timeliness,Trade timestamp older than allowed window,2026-01-02T15:16:16.392162
205,5754,Timeliness,Trade timestamp older than allowed window,2026-01-02T15:16:16.392162
206,5764,Timeliness,Trade timestamp older than allowed window,2026-01-02T15:16:16.392162
207,5766,Timeliness,Trade timestamp older than allowed window,2026-01-02T15:16:16.392162
208,5823,Timeliness,Trade timestamp older than allowed window,2026-01-02T15:16:16.392162
209,5834,Timeliness,Trade timestamp older than allowed window,2026-01-02T15:16:16.392162
210,5863,Timeliness,Trade timestamp older than allowed window,2026-01-02T15:16:16.392162
211,5868,Timeliness,Trade timestamp older than allowed window,2026-01-02T15:16:16.392162
212,5875,Timeliness,Trade timestamp older than allowed window,2026-01-02T15:16:16.392162
213,5909,Timeliness,Trade timestamp older than allowed window,2026-01-02T15:16:16.392162
214,6023,Timeliness,Trade timestamp older than allowed window,2026-01-02T15:16:16.392162
215,6127,Timeliness,Trade timestamp older than allowed window,2026-01-02T15:16:16.392162
216,6166,Timeliness,Trade timestamp older than allowed window,2026-01-02T15:16:16.392162
217,6170,Timeliness,Trade timestamp older than allowed window,2026-01-02T15:16:16.392162
218,6172,Timeliness,Trade timestamp older than allowed window,2026-01-02T15:16:16.392162
219,6174,Timeliness,Trade timestamp older than allowed window,2026-01-02T15:16:16.392162
220,6188,Timeliness,Trade timestamp older than allowed window,2026-01-02T15:16:16.392162
221,6208,Timeliness,Trade timestamp older than allowed window,2026-01-02T15:16:16.392162
222,6267,Timeliness,Trade timestamp older than allowed window,2026-01-02T15:16:16.392162
223,6271,Timeliness,Trade timestamp older than allowed window,2026-01-02T15:16:16.392162
224,6274,Timeliness,Trade timestamp older than allowed window,2026-01-02T15:16:16.392162
225,6294,Timeliness,Trade timestamp older than allowed window,2026-01-02T15:16:16.392162
226,6297,Timeliness,Trade timestamp older than allowed window,2026-01-02T15:16:16.392162
227,6301,Timeliness,Trade timestamp older than allowed window,2026-01-02T15:16:16.392162
228,6329,Timeliness,Trade timestamp older than allowed window,2026-01-02T15:16:16.392162
229,6333,Timeliness,Trade timestamp older than allowed window,2026-01-02T15:16:16.392162
230,6339,Timeliness,Trade timestamp older than allowed window,2026-01-02T15:16:16.392162
231,6361,Timeliness,Trade timestamp older than allowed window,2026-01-02T15:16:16.392162
232,6495,Timeliness,Trade timestamp older than allowed window,2026-01-02T15:16:16.392162
233,6515,Timeliness,Trade timestamp older than allowed window,2026-01-02T15:16:16.392162
234,6548,Timeliness,Trade timestamp older than allowed window,2026-01-02T15:16:16.392162
235,6549,Timeliness,Trade timestamp older than allowed window,2026-01-02T15:16:16.392162
236,6575,Timeliness,Trade timestamp older than allowed window,2026-01-02T15:16:16.392162
237,6580,Timeliness,Trade timestamp older than allowed window,2026-01-02T15:16:16.392162
238,6598,Timeliness,Trade timestamp older than allowed window,2026-01-02T15:16:16.392162
239,6617,Timeliness,Trade timestamp older than allowed window,2026-01-02T15:16:16.392162
240,6620,Timeliness,Trade timestamp older than allowed window,2026-01-02T15:16:16.392162
241,6691,Timeliness,Trade timestamp older than allowed window,2026-01-02T15:16:16.392162
242,6715,Timeliness,Trade timestamp older than allowed window,2026-01-02T15:16:16.392162
243,6739,Timeliness,Trade timestamp older than allowed window,2026-01-02T15:16:16.392162
244,6751,Timeliness,Trade timestamp older than allowed window,2026-01-02T15:16:16.392162
245,6768,Timeliness,Trade timestamp older than allowed window,2026-01-02T15:16:16.392162
246,6830,Timeliness,Trade timestamp older than allowed window,2026-01-02T15:16:16.392162
247,6925,Timeliness,Trade timestamp older than allowed window,2026-01-02T15:16:16.392162
248,6965,Timeliness,Trade timestamp older than allowed window,2026-01-02T15:16:16.392162
249,7030,Timeliness,Trade timestamp older than allowed window,2026-01-02T15:16:16.392162
250,7085,Timeliness,Trade timestamp older than allowed window,2026-01-02T15:16:16.392162
251,7088,Timeliness,Trade timestamp older than allowed window,2026-01-02T15:16:16.392162
252,7124,Timeliness,Trade timestamp older than allowed window,2026-01-02T15:16:16.392162
253,7133,Timeliness,Trade timestamp older than allowed window,2026-01-02T15:16:16.392162
254,7159,Timeliness,Trade timestamp older than allowed window,2026-01-02T15:16:16.392162
255,7173,Timeliness,Trade timestamp older than allowed window,2026-01-02T15:16:16.392162
256,7176,Timeliness,Trade timestamp older than allowed window,2026-01-02T15:16:16.392162
257,7195,Timeliness,Trade timestamp older than allowed window,2026-01-02T15:16:16.392162
258,7242,Timeliness,Trade timestamp older than allowed window,2026-01-02T15:16:16.392162
259,7250,Timeliness,Trade timestamp older than allowed window,2026-01-02T15:16:16.392162
260,7255,Timeliness,Trade timestamp older than allowed window,2026-01-02T15:16:16.392162
261,7263,Timeliness,Trade timestamp older than allowed window,2026-01-02T15:16:16.392162
262,7290,Timeliness,Trade timestamp older than allowed window,2026-01-02T15:16:16.392162
263,7317,Timeliness,Trade timestamp older than allowed window,2026-01-02T15:16:16.392162
264,7321,Timeliness,Trade timestamp older than allowed window,2026-01-02T15:16:16.392162
265,7335,Timeliness,Trade timestamp older than allowed window,2026-01-02T15:16:16.392162
266,7368,Timeliness,Trade timestamp older than allowed window,2026-01-02T15:16:16.392162
267,7379,Timeliness,Trade timestamp older than allowed window,2026-01-02T15:16:16.392162
268,7433,Timeliness,Trade timestamp older than allowed window,2026-01-02T15:16:16.392162
269,7463,Timeliness,Trade timestamp older than allowed window,2026-01-02T15:16:16.392162
270,7508,Timeliness,Trade timestamp older than allowed window,2026-01-02T15:16:16.392162
271,7521,Timeliness,Trade timestamp older than allowed window,2026-01-02T15:16:16.392162
272,7526,Timeliness,Trade timestamp older than allowed window,2026-01-02T15:16:16.392162
273,7528,Timeliness,Trade timestamp older than allowed window,2026-01-02T15:16:16.392162
274,7557,Timeliness,Trade timestamp older than allowed window,2026-01-02T15:16:16.392162
275,7584,Timeliness,Trade timestamp older than allowed window,2026-01-02T15:16:16.392162
276,7593,Timeliness,Trade timestamp older than allowed window,2026-01-02T15:16:16.392162
277,7608,Timeliness,Trade timestamp older than allowed window,2026-01-02T15:16:16.392162
278,7652,Timeliness,Trade timestamp older than allowed window,2026-01-02T15:16:16.392162
279,7674,Timeliness,Trade timestamp older than allowed window,2026-01-02T15:16:16.392162
280,7689,Timeliness,Trade timestamp older than allowed window,2026-01-02T15:16:16.392162
281,7695,Timeliness,Trade timestamp older than allowed window,2026-01-02T15:16:16.392162
282,7702,Timeliness,Trade timestamp older than allowed window,2026-01-02T15:16:16.392162
283,7704,Timeliness,Trade timestamp older than allowed window,2026-01-02T15:16:16.392162
284,7751,Timeliness,Trade timestamp older than allowed window,2026-01-02T15:16:16.392162
285,7784,Timeliness,Trade timestamp older than allowed window,2026-01-02T15:16:16.392162
286,7787,Timeliness,Trade timestamp older than allowed window,2026-01-02T15:16:16.392162
287,7803,Timeliness,Trade timestamp older than allowed window,2026-01-02T15:16:16.392162
288,7822,Timeliness,Trade timestamp older than allowed window,2026-01-02T15:16:16.392162
289,7826,Timeliness,Trade timestamp older than allowed window,2026-01-02T15:16:16.392162
290,7857,Timeliness,Trade timestamp older than allowed window,2026-01-02T15:16:16.392162
291,7863,Timeliness,Trade timestamp older than allowed window,2026-01-02T15:16:16.392162
292,7871,Timeliness,Trade timestamp older than allowed window,2026-01-02T15:16:16.392162
293,7874,Timeliness,Trade timestamp older than allowed window,2026-01-02T15:16:16.392162
294,7927,Timeliness,Trade timestamp older than allowed window,2026-01-02T15:16:16.392162
295,7935,Timeliness,Trade timestamp older than allowed window,2026-01-02T15:16:16.392162
296,7955,Timeliness,Trade timestamp older than allowed window,2026-01-02T15:16:16.392162
297,7972,Timeliness,Trade timestamp older than allowed window,2026-01-02T15:16:16.392162
298,8054,Timeliness,Trade timestamp older than allowed window,2026-01-02T15:16:16.392162
299,8070,Timeliness,Trade timestamp older than allowed window,2026-01-02T15:16:16.392162
300,8084,Timeliness,Trade timestamp older than allowed window,2026-01-02T15:16:16.392162
301,8133,Timeliness,Trade timestamp older than allowed window,2026-01-02T15:16:16.392162
302,8145,Timeliness,Trade timestamp older than allowed window,2026-01-02T15:16:16.392162
303,8160,Timeliness,Trade timestamp older than allowed window,2026-01-02T15:16:16.392162
304,8221,Timeliness,Trade timestamp older than allowed window,2026-01-02T15:16:16.392162
305,8236,Timeliness,Trade timestamp older than allowed window,2026-01-02T15:16:16.392162
306,8258,Timeliness,Trade timestamp older than allowed window,2026-01-02T15:16:16.392162
307,8273,Timeliness,Trade timestamp older than allowed window,2026-01-02T15:16:16.392162
308,8274,Timeliness,Trade timestamp older than allowed window,2026-01-02T15:16:16.392162
309,8276,Timeliness,Trade timestamp older than allowed window,2026-01-02T15:16:16.392162
310,8299,Timeliness,Trade timestamp older than allowed window,2026-01-02T15:16:16.392162
311,8308,Timeliness,Trade timestamp older than allowed window,2026-01-02T15:16:16.392162
312,8319,Timeliness,Trade timestamp older than allowed window,2026-01-02T15:16:16.392162
313,8340,Timeliness,Trade timestamp older than allowed window,2026-01-02T15:16:16.392162
314,8368,Timeliness,Trade timestamp older than allowed window,2026-01-02T15:16:16.392162
315,8439,Timeliness,Trade timestamp older than allowed window,2026-01-02T15:16:16.392162
316,8446,Timeliness,Trade timestamp older than allowed window,2026-01-02T15:16:16.392162
317,8449,Timeliness,Trade timestamp older than allowed window,2026-01-02T15:16:16.392162
318,8537,Timeliness,Trade timestamp older than allowed window,2026-01-02T15:16:16.392162
319,8570,Timeliness,Trade timestamp older than allowed window,2026-01-02T15:16:16.392162
320,8620,Timeliness,Trade timestamp older than allowed window,2026-01-02T15:16:16.392162
321,8624,Timeliness,Trade timestamp older than allowed window,2026-01-02T15:16:16.392162
322,8631,Timeliness,Trade timestamp older than allowed window,2026-01-02T15:16:16.392162
323,8661,Timeliness,Trade timestamp older than allowed window,2026-01-02T15:16:16.392162
324,8662,Timeliness,Trade timestamp older than allowed window,2026-01-02T15:16:16.392162
325,8729,Timeliness,Trade timestamp older than allowed window,2026-01-02T15:16:16.392162
326,8735,Timeliness,Trade timestamp older than allowed window,2026-01-02T15:16:16.392162
327,8782,Timeliness,Trade timestamp older than allowed window,2026-01-02T15:16:16.392162
328,8804,Timeliness,Trade timestamp older than allowed window,2026-01-02T15:16:16.392162
329,8818,Timeliness,Trade timestamp older than allowed window,2026-01-02T15:16:16.392162
330,8900,Timeliness,Trade timestamp older than allowed window,2026-01-02T15:16:16.392162
331,8903,Timeliness,Trade timestamp older than allowed window,2026-01-02T15:16:16.392162
332,8929,Timeliness,Trade timestamp older than allowed window,2026-01-02T15:16:16.392162
333,9003,Timeliness,Trade timestamp older than allowed window,2026-01-02T15:16:16.392162
334,9023,Timeliness,Trade timestamp older than allowed window,2026-01-02T15:16:16.392162
335,9038,Timeliness,Trade timestamp older than allowed window,2026-01-02T15:16:16.392162
336,9051,Timeliness,Trade timestamp older than allowed window,2026-01-02T15:16:16.392162
337,9088,Timeliness,Trade timestamp older than allowed window,2026-01-02T15:16:16.392162
338,9100,Timeliness,Trade timestamp older than allowed window,2026-01-02T15:16:16.392162
339,9104,Timeliness,Trade timestamp older than allowed window,2026-01-02T15:16:16.392162
340,9229,Timeliness,Trade timestamp older than allowed window,2026-01-02T15:16:16.392162
341,9236,Timeliness,Trade timestamp older than allowed window,2026-01-02T15:16:16.392162
342,9240,Timeliness,Trade timestamp older than allowed window,2026-01-02T15:16:16.392162
343,9250,Timeliness,Trade timestamp older than allowed window,2026-01-02T15:16:16.392162
344,9258,Timeliness,Trade timestamp older than allowed window,2026-01-02T15:16:16.392162
345,9294,Timeliness,Trade timestamp older than allowed window,2026-01-02T15:16:16.392162
346,9298,Timeliness,Trade timestamp older than allowed window,2026-01-02T15:16:16.392162
347,9325,Timeliness,Trade timestamp older than allowed window,2026-01-02T15:16:16.392162
348,9343,Timeliness,Trade timestamp older than allowed window,2026-01-02T15:16:16.392162
349,9409,Timeliness,Trade timestamp older than allowed window,2026-01-02T15:16:16.392162
350,9422,Timeliness,Trade timestamp older than allowed window,2026-01-02T15:16:16.392162
351,9435,Timeliness,Trade timestamp older than allowed window,2026-01-02T15:16:16.392162
352,9454,Timeliness,Trade timestamp older than allowed window,2026-01-02T15:16:16.392162
353,9480,Timeliness,Trade timestamp older than allowed window,2026-01-02T15:16:16.392162
354,9487,Timeliness,Trade timestamp older than allowed window,2026-01-02T15:16:16.392162
355,9488,Timeliness,Trade timestamp older than allowed window,2026-01-02T15:16:16.392162
356,9581,Timeliness,Trade timestamp older than allowed window,2026-01-02T15:16:16.392162
357,9598,Timeliness,Trade timestamp older than allowed window,2026-01-02T15:16:16.392162
358,9702,Timeliness,Trade timestamp older than allowed window,2026-01-02T15:16:16.392162
359,9707,Timeliness,Trade timestamp older than allowed window,2026-01-02T15:16:16.392162
360,9724,Timeliness,Trade timestamp older than allowed window,2026-01-02T15:16:16.392162
361,9738,Timeliness,Trade timestamp older than allowed window,2026-01-02T15:16:16.392162
362,9855,Timeliness,Trade timestamp older than allowed window,2026-01-02T15:16:16.392162
363,9914,Timeliness,Trade timestamp older than allowed window,2026-01-02T15:16:16.392162
364,9942,Timeliness,Trade timestamp older than allowed window,2026-01-02T15:16:16.392162
365,9979,Timeliness,Trade timestamp older than allowed window,2026-01-02T15:16:16.392162
366,18,Accuracy,Price or Quantity is non-positive,2026-01-02T15:16:16.248829
367,79,Accuracy,Price or Quantity is non-positive,2026-01-02T15:16:16.248829
368,80,Accuracy,Price or Quantity is non-positive,2026-01-02T15:16:16.248829
369,84,Accuracy,Price or Quantity is non-positive,2026-01-02T15:16:16.248829
370,85,Accuracy,Price or Quantity is non-positive,2026-01-02T15:16:16.248829
371,89,Accuracy,Price or Quantity is non-positive,2026-01-02T15:16:16.248829
372,90,Accuracy,Price or Quantity is non-positive,2026-01-02T15:16:16.248829
373,129,Accuracy,Price or Quantity is non-positive,2026-01-02T15:16:16.248829
374,142,Accuracy,Price or Quantity is non-positive,2026-01-02T15:16:16.248829
375,165,Accuracy,Price or Quantity is non-positive,2026-01-02T15:16:16.248829
376,197,Accuracy,Price or Quantity is non-positive,2026-01-02T15:16:16.248829
377,231,Accuracy,Price or Quantity is non-positive,2026-01-02T15:16:16.248829
378,255,Accuracy,Price or Quantity is non-positive,2026-01-02T15:16:16.248829
379,272,Accuracy,Price or Quantity is non-positive,2026-01-02T15:16:16.248829
380,274,Accuracy,Price or Quantity is non-positive,2026-01-02T15:16:16.248829
381,286,Accuracy,Price or Quantity is non-positive,2026-01-02T15:16:16.248829
382,306,Accuracy,Price or Quantity is non-positive,2026-01-02T15:16:16.248829
383,346,Accuracy,Price or Quantity is non-positive,2026-01-02T15:16:16.248829
384,419,Accuracy,Price or Quantity is non-positive,2026-01-02T15:16:16.248829
385,495,Accuracy,Price or Quantity is non-positive,2026-01-02T15:16:16.248829
386,508,Accuracy,Price or Quantity is non-positive,2026-01-02T15:16:16.248829
387,536,Accuracy,Price or Quantity is non-positive,2026-01-02T15:16:16.248829
388,577,Accuracy,Price or Quantity is non-positive,2026-01-02T15:16:16.248829
389,583,Accuracy,Price or Quantity is non-positive,2026-01-02T15:16:16.248829
390,589,Accuracy,Price or Quantity is non-positive,2026-01-02T15:16:16.248829
391,629,Accuracy,Price or Quantity is non-positive,2026-01-02T15:16:16.248829
392,664,Accuracy,Price or Quantity is non-positive,2026-01-02T15:16:16.248829
393,680,Accuracy,Price or Quantity is non-positive,2026-01-02T15:16:16.248829
394,681,Accuracy,Price or Quantity is non-positive,2026-01-02T15:16:16.248829
395,704,Accuracy,Price or Quantity is non-positive,2026-01-02T15:16:16.248829
396,723,Accuracy,Price or Quantity is non-positive,2026-01-02T15:16:16.248829
397,730,Accuracy,Price or Quantity is non-positive,2026-01-02T15:16:16.248829
398,754,Accuracy,Price or Quantity is non-positive,2026-01-02T15:16:16.248829
399,794,Accuracy,Price or Quantity is non-positive,2026-01-02T15:16:16.248829
400,844,Accuracy,Price or Quantity is non-positive,2026-01-02T15:16:16.248829
401,846,Accuracy,Price or Quantity is non-positive,2026-01-02T15:16:16.248829
402,847,Accuracy,Price or Quantity is non-positive,2026-01-02T15:16:16.248829
403,880,Accuracy,Price or Quantity is non-positive,2026-01-02T15:16:16.248829
404,885,Accuracy,Price or Quantity is non-positive,2026-01-02T15:16:16.248829
405,891,Accuracy,Price or Quantity is non-positive,2026-01-02T15:16:16.248829
406,907,Accuracy,Price or Quantity is non-positive,2026-01-02T15:16:16.248829
407,909,Accuracy,Price or Quantity is non-positive,2026-01-02T15:16:16.248829
408,911,Accuracy,Price or Quantity is non-positive,2026-01-02T15:16:16.248829
409,935,Accuracy,Price or Quantity is non-positive,2026-01-02T15:16:16.248829
410,993,Accuracy,Price or Quantity is non-positive,2026-01-02T15:16:16.248829
411,998,Accuracy,Price or Quantity is non-positive,2026-01-02T15:16:16.248829
412,1003,Accuracy,Price or Quantity is non-positive,2026-01-02T15:16:16.248829
413,1032,Accuracy,Price or Quantity is non-positive,2026-01-02T15:16:16.248829
414,1038,Accuracy,Price or Quantity is non-positive,2026-01-02T15:16:16.248829
415,1056,Accuracy,Price or Quantity is non-positive,2026-01-02T15:16:16.248829
416,1073,Accuracy,Price or Quantity is non-positive,2026-01-02T15:16:16.248829
417,1079,Accuracy,Price or Quantity is non-positive,2026-01-02T15:16:16.248829
418,1088,Accuracy,Price or Quantity is non-positive,2026-01-02T15:16:16.248829
419,1151,Accuracy,Price or Quantity is non-positive,2026-01-02T15:16:16.248829
420,1152,Accuracy,Price or Quantity is non-positive,2026-01-02T15:16:16.248829
421,1155,Accuracy,Price or Quantity is non-positive,2026-01-02T15:16:16.248829
422,1160,Accuracy,Price or Quantity is non-positive,2026-01-02T15:16:16.248829
423,1172,Accuracy,Price or Quantity is non-positive,2026-01-02T15:16:16.248829
424,1181,Accuracy,Price or Quantity is non-positive,2026-01-02T15:16:16.248829
425,1205,Accuracy,Price or Quantity is non-positive,2026-01-02T15:16:16.248829
426,1209,Accuracy,Price or Quantity is non-positive,2026-01-02T15:16:16.248829
427,1221,Accuracy,Price or Quantity is non-positive,2026-01-02T15:16:16.248829
428,1248,Accuracy,Price or Quantity is non-positive,2026-01-02T15:16:16.248829
429,1264,Accuracy,Price or Quantity is non-positive,2026-01-02T15:16:16.248829
430,1267,Accuracy,Price or Quantity is non-positive,2026-01-02T15:16:16.248829
431,1282,Accuracy,Price or Quantity is non-positive,2026-01-02T15:16:16.248829
432,1296,Accuracy,Price or Quantity is non-positive,2026-01-02T15:16:16.248829
433,1326,Accuracy,Price or Quantity is non-positive,2026-01-02T15:16:16.248829
434,1331,Accuracy,Price or Quantity is non-positive,2026-01-02T15:16:16.248829
435,1365,Accuracy,Price or Quantity is non-positive,2026-01-02T15:16:16.248829
436,1391,Accuracy,Price or Quantity is non-positive,2026-01-02T15:16:16.248829
437,1405,Accuracy,Price or Quantity is non-positive,2026-01-02T15:16:16.248829
438,1415,Accuracy,Price or Quantity is non-positive,2026-01-02T15:16:16.248829
439,1448,Accuracy,Price or Quantity is non-positive,2026-01-02T15:16:16.248829
440,1478,Accuracy,Price or Quantity is non-positive,2026-01-02T15:16:16.248829
441,1525,Accuracy,Price or Quantity is non-positive,2026-01-02T15:16:16.248829
442,1526,Accuracy,Price or Quantity is non-positive,2026-01-02T15:16:16.248829
443,1571,Accuracy,Price or Quantity is non-positive,2026-01-02T15:16:16.248829
444,1577,Accuracy,Price or Quantity is non-positive,2026-01-02T15:16:16.248829
445,1609,Accuracy,Price or Quantity is non-positive,2026-01-02T15:16:16.248829
446,1665,Accuracy,Price or Quantity is non-positive,2026-01-02T15:16:16.248829
447,1680,Accuracy,Price or Quantity is non-positive,2026-01-02T15:16:16.248829
448,1737,Accuracy,Price or Quantity is non-positive,2026-01-02T15:16:16.248829
449,1783,Accuracy,Price or Quantity is non-positive,2026-01-02T15:16:16.248829
450,1809,Accuracy,Price or Quantity is non-positive,2026-01-02T15:16:16.248829
451,1812,Accuracy,Price or Quantity is non-positive,2026-01-02T15:16:16.248829
452,1825,Accuracy,Price or Quantity is non-positive,2026-01-02T15:16:16.248829
453,1829,Accuracy,Price or Quantity is non-positive,2026-01-02T15:16:16.248829
454,1887,Accuracy,Price or Quantity is non-positive,2026-01-02T15:16:16.248829
455,1892,Accuracy,Price or Quantity is non-positive,2026-01-02T15:16:16.248829
456,1929,Accuracy,Price or Quantity is non-positive,2026-01-02T15:16:16.248829
457,1941,Accuracy,Price or Quantity is non-positive,2026-01-02T15:16:16.248829
458,1985,Accuracy,Price or Quantity is non-positive,2026-01-02T15:16:16.248829
459,1991,Accuracy,Price or Quantity is non-positive,2026-01-02T15:16:16.248829
460,2004,Accuracy,Price or Quantity is non-positive,2026-01-02T15:16:16.248829
461,2019,Accuracy,Price or Quantity is non-positive,2026-01-02T15:16:16.248829
462,2030,Accuracy,Price or Quantity is non-positive,2026-01-02T15:16:16.248829
463,2034,Accuracy,Price or Quantity is non-positive,2026-01-02T15:16:16.248829
464,2037,Accuracy,Price or Quantity is non-positive,2026-01-02T15:16:16.248829
465,2039,Accuracy,Price or Quantity is non-positive,2026-01-02T15:16:16.248829
466,2046,Accuracy,Price or Quantity is non-positive,2026-01-02T15:16:16.248829
467,2049,Accuracy,Price or Quantity is non-positive,2026-01-02T15:16:16.248829
468,2081,Accuracy,Price or Quantity is non-positive,2026-01-02T15:16:16.248829
469,2084,Accuracy,Price or Quantity is non-positive,2026-01-02T15:16:16.248829
470,2131,Accuracy,Price or Quantity is non-positive,2026-01-02T15:16:16.248829
471,2155,Accuracy,Price or Quantity is non-positive,2026-01-02T15:16:16.248829
472,2284,Accuracy,Price or Quantity is non-positive,2026-01-02T15:16:16.248829
473,2308,Accuracy,Price or Quantity is non-positive,2026-01-02T15:16:16.248829
474,2309,Accuracy,Price or Quantity is non-positive,2026-01-02T15:16:16.248829
475,2332,Accuracy,Price or Quantity is non-positive,2026-01-02T15:16:16.248829
476,2344,Accuracy,Price or Quantity is non-positive,2026-01-02T15:16:16.248829
477,2352,Accuracy,Price or Quantity is non-positive,2026-01-02T15:16:16.248829
478,2393,Accuracy,Price or Quantity is non-positive,2026-01-02T15:16:16.248829
479,2407,Accuracy,Price or Quantity is non-positive,2026-01-02T15:16:16.248829
480,2447,Accuracy,Price or Quantity is non-positive,2026-01-02T15:16:16.248829
481,2448,Accuracy,Price or Quantity is non-positive,2026-01-02T15:16:16.248829
482,2453,Accuracy,Price or Quantity is non-positive,2026-01-02T15:16:16.248829
483,2455,Accuracy,Price or Quantity is non-positive,2026-01-02T15:16:16.248829
484,2479,Accuracy,Price or Quantity is non-positive,2026-01-02T15:16:16.248829
485,2486,Accuracy,Price or Quantity is non-positive,2026-01-02T15:16:16.248829
486,2509,Accuracy,Price or Quantity is non-positive,2026-01-02T15:16:16.248829
487,2548,Accuracy,Price or Quantity is non-positive,2026-01-02T15:16:16.248829
488,2577,Accuracy,Price or Quantity is non-positive,2026-01-02T15:16:16.248829
489,2589,Accuracy,Price or Quantity is non-positive,2026-01-02T15:16:16.248829
490,2603,Accuracy,Price or Quantity is non-positive,2026-01-02T15:16:16.248829
491,2619,Accuracy,Price or Quantity is non-positive,2026-01-02T15:16:16.248829
492,2685,Accuracy,Price or Quantity is non-positive,2026-01-02T15:16:16.248829
493,2838,Accuracy,Price or Quantity is non-positive,2026-01-02T15:16:16.248829
494,2886,Accuracy,Price or Quantity is non-positive,2026-01-02T15:16:16.248829
495,2892,Accuracy,Price or Quantity is non-positive,2026-01-02T15:16:16.248829
496,2894,Accuracy,Price or Quantity is non-positive,2026-01-02T15:16:16.248829
497,2895,Accuracy,Price or Quantity is non-positive,2026-01-02T15:16:16.248829
498,2905,Accuracy,Price or Quantity is non-positive,2026-01-02T15:16:16.248829
499,2916,Accuracy,Price or Quantity is non-positive,2026-01-02T15:16:16.248829
500,2922,Accuracy,Price or Quantity is non-positive,2026-01-02T15:16:16.248829
501,2924,Accuracy,Price or Quantity is non-positive,2026-01-02T15:16:16.248829
502,2972,Accuracy,Price or Quantity is non-positive,2026-01-02T15:16:16.248829
503,2991,Accuracy,Price or Quantity is non-positive,2026-01-02T15:16:16.248829
504,3022,Accuracy,Price or Quantity is non-positive,2026-01-02T15:16:16.248829
505,3032,Accuracy,Price or Quantity is non-positive,2026-01-02T15:16:16.248829
506,3041,Accuracy,Price or Quantity is non-positive,2026-01-02T15:16:16.248829
507,3044,Accuracy,Price or Quantity is non-positive,2026-01-02T15:16:16.248829
508,3082,Accuracy,Price or Quantity is non-positive,2026-01-02T15:16:16.248829
509,3119,Accuracy,Price or Quantity is non-positive,2026-01-02T15:16:16.248829
510,3139,Accuracy,Price or Quantity is non-positive,2026-01-02T15:16:16.248829
511,3181,Accuracy,Price or Quantity is non-positive,2026-01-02T15:16:16.248829
512,3184,Accuracy,Price or Quantity is non-positive,2026-01-02T15:16:16.248829
513,3193,Accuracy,Price or Quantity is non-positive,2026-01-02T15:16:16.248829
514,3209,Accuracy,Price or Quantity is non-positive,2026-01-02T15:16:16.248829
515,3249,Accuracy,Price or Quantity is non-positive,2026-01-02T15:16:16.248829
516,3256,Accuracy,Price or Quantity is non-positive,2026-01-02T15:16:16.248829
517,3274,Accuracy,Price or Quantity is non-positive,2026-01-02T15:16:16.248829
518,3285,Accuracy,Price or Quantity is non-positive,2026-01-02T15:16:16.248829
519,3308,Accuracy,Price or Quantity is non-positive,2026-01-02T15:16:16.248829
520,3321,Accuracy,Price or Quantity is non-positive,2026-01-02T15:16:16.248829
521,3334,Accuracy,Price or Quantity is non-positive,2026-01-02T15:16:16.248829
522,3375,Accuracy,Price or Quantity is non-positive,2026-01-02T15:16:16.248829
523,3400,Accuracy,Price or Quantity is non-positive,2026-01-02T15:16:16.248829
524,3412,Accuracy,Price or Quantity is non-positive,2026-01-02T15:16:16.248829
525,3454,Accuracy,Price or Quantity is non-positive,2026-01-02T15:16:16.248829
526,3467,Accuracy,Price or Quantity is non-positive,2026-01-02T15:16:16.248829
527,3469,Accuracy,Price or Quantity is non-positive,2026-01-02T15:16:16.248829
528,3514,Accuracy,Price or Quantity is non-positive,2026-01-02T15:16:16.248829
529,3546,Accuracy,Price or Quantity is non-positive,2026-01-02T15:16:16.248829
530,3547,Accuracy,Price or Quantity is non-positive,2026-01-02T15:16:16.248829
531,3560,Accuracy,Price or Quantity is non-positive,2026-01-02T15:16:16.248829
532,3572,Accuracy,Price or Quantity is non-positive,2026-01-02T15:16:16.248829
533,3580,Accuracy,Price or Quantity is non-positive,2026-01-02T15:16:16.248829
534,3628,Accuracy,Price or Quantity is non-positive,2026-01-02T15:16:16.248829
535,3644,Accuracy,Price or Quantity is non-positive,2026-01-02T15:16:16.248829
536,3688,Accuracy,Price or Quantity is non-positive,2026-01-02T15:16:16.248829
537,3700,Accuracy,Price or Quantity is non-positive,2026-01-02T15:16:16.248829
538,3716,Accuracy,Price or Quantity is non-positive,2026-01-02T15:16:16.248829
539,3766,Accuracy,Price or Quantity is non-positive,2026-01-02T15:16:16.248829
540,3804,Accuracy,Price or Quantity is non-positive,2026-01-02T15:16:16.248829
541,3820,Accuracy,Price or Quantity is non-positive,2026-01-02T15:16:16.248829
542,3832,Accuracy,Price or Quantity is non-positive,2026-01-02T15:16:16.248829
543,3856,Accuracy,Price or Quantity is non-positive,2026-01-02T15:16:16.248829
544,3889,Accuracy,Price or Quantity is non-positive,2026-01-02T15:16:16.248829
545,3905,Accuracy,Price or Quantity is non-positive,2026-01-02T15:16:16.248829
546,3972,Accuracy,Price or Quantity is non-positive,2026-01-02T15:16:16.248829
547,3973,Accuracy,Price or Quantity is non-positive,2026-01-02T15:16:16.248829
548,4033,Accuracy,Price or Quantity is non-positive,2026-01-02T15:16:16.248829
549,4053,Accuracy,Price or Quantity is non-positive,2026-01-02T15:16:16.248829
550,4099,Accuracy,Price or Quantity is non-positive,2026-01-02T15:16:16.248829
551,4128,Accuracy,Price or Quantity is non-positive,2026-01-02T15:16:16.248829
552,4129,Accuracy,Price or Quantity is non-positive,2026-01-02T15:16:16.248829
553,4139,Accuracy,Price or Quantity is non-positive,2026-01-02T15:16:16.248829
554,4150,Accuracy,Price or Quantity is non-positive,2026-01-02T15:16:16.248829
555,4152,Accuracy,Price or Quantity is non-positive,2026-01-02T15:16:16.248829
556,4158,Accuracy,Price or Quantity is non-positive,2026-01-02T15:16:16.248829
557,4181,Accuracy,Price or Quantity is non-positive,2026-01-02T15:16:16.248829
558,4186,Accuracy,Price or Quantity is non-positive,2026-01-02T15:16:16.248829
559,4187,Accuracy,Price or Quantity is non-positive,2026-01-02T15:16:16.248829
560,4212,Accuracy,Price or Quantity is non-positive,2026-01-02T15:16:16.248829
561,4233,Accuracy,Price or Quantity is non-positive,2026-01-02T15:16:16.248829
562,4263,Accuracy,Price or Quantity is non-positive,2026-01-02T15:16:16.248829
563,4269,Accuracy,Price or Quantity is non-positive,2026-01-02T15:16:16.248829
564,4310,Accuracy,Price or Quantity is non-positive,2026-01-02T15:16:16.248829
565,4312,Accuracy,Price or Quantity is non-positive,2026-01-02T15:16:16.248829
566,4318,Accuracy,Price or Quantity is non-positive,2026-01-02T15:16:16.248829
567,4329,Accuracy,Price or Quantity is non-positive,2026-01-02T15:16:16.248829
568,4339,Accuracy,Price or Quantity is non-positive,2026-01-02T15:16:16.248829
569,4373,Accuracy,Price or Quantity is non-positive,2026-01-02T15:16:16.248829
570,4385,Accuracy,Price or Quantity is non-positive,2026-01-02T15:16:16.248829
571,4386,Accuracy,Price or Quantity is non-positive,2026-01-02T15:16:16.248829
572,4393,Accuracy,Price or Quantity is non-positive,2026-01-02T15:16:16.248829
573,4408,Accuracy,Price or Quantity is non-positive,2026-01-02T15:16:16.248829
574,4416,Accuracy,Price or Quantity is non-positive,2026-01-02T15:16:16.248829
575,4418,Accuracy,Price or Quantity is non-positive,2026-01-02T15:16:16.248829
576,4429,Accuracy,Price or Quantity is non-positive,2026-01-02T15:16:16.248829
577,4434,Accuracy,Price or Quantity is non-positive,2026-01-02T15:16:16.248829
578,4465,Accuracy,Price or Quantity is non-positive,2026-01-02T15:16:16.248829
579,4476,Accuracy,Price or Quantity is non-positive,2026-01-02T15:16:16.248829
580,4529,Accuracy,Price or Quantity is non-positive,2026-01-02T15:16:16.248829
581,4531,Accuracy,Price or Quantity is non-positive,2026-01-02T15:16:16.248829
582,4566,Accuracy,Price or Quantity is non-positive,2026-01-02T15:16:16.248829
583,4577,Accuracy,Price or Quantity is non-positive,2026-01-02T15:16:16.248829
584,4590,Accuracy,Price or Quantity is non-positive,2026-01-02T15:16:16.248829
585,4598,Accuracy,Price or Quantity is non-positive,2026-01-02T15:16:16.248829
586,4629,Accuracy,Price or Quantity is non-positive,2026-01-02T15:16:16.248829
587,4650,Accuracy,Price or Quantity is non-positive,2026-01-02T15:16:16.248829
588,4661,Accuracy,Price or Quantity is non-positive,2026-01-02T15:16:16.248829
589,4667,Accuracy,Price or Quantity is non-positive,2026-01-02T15:16:16.248829
590,4686,Accuracy,Price or Quantity is non-positive,2026-01-02T15:16:16.248829
591,4752,Accuracy,Price or Quantity is non-positive,2026-01-02T15:16:16.248829
592,4789,Accuracy,Price or Quantity is non-positive,2026-01-02T15:16:16.248829
593,4800,Accuracy,Price or Quantity is non-positive,2026-01-02T15:16:16.248829
594,4809,Accuracy,Price or Quantity is non-positive,2026-01-02T15:16:16.248829
595,4812,Accuracy,Price or Quantity is non-positive,2026-01-02T15:16:16.248829
596,4844,Accuracy,Price or Quantity is non-positive,2026-01-02T15:16:16.248829
597,4847,Accuracy,Price or Quantity is non-positive,2026-01-02T15:16:16.248829
598,4887,Accuracy,Price or Quantity is non-positive,2026-01-02T15:16:16.248829
599,4908,Accuracy,Price or Quantity is non-positive,2026-01-02T15:16:16.248829
600,4921,Accuracy,Price or Quantity is non-positive,2026-01-02T15:16:16.248829
601,4939,Accuracy,Price or Quantity is non-positive,2026-01-02T15:16:16.248829
602,4965,Accuracy,Price or Quantity is non-positive,2026-01-02T15:16:16.248829
603,4985,Accuracy,Price or Quantity is non-positive,2026-01-02T15:16:16.248829
604,4991,Accuracy,Price or Quantity is non-positive,2026-01-02T15:16:16.248829
605,5015,Accuracy,Price or Quantity is non-positive,2026-01-02T15:16:16.248829
606,5017,Accuracy,Price or Quantity is non-positive,2026-01-02T15:16:16.248829
607,5029,Accuracy,Price or Quantity is non-positive,2026-01-02T15:16:16.248829
608,5038,Accuracy,Price or Quantity is non-positive,2026-01-02T15:16:16.248829
609,5080,Accuracy,Price or Quantity is non-positive,2026-01-02T15:16:16.248829
610,5104,Accuracy,Price or Quantity is non-positive,2026-01-02T15:16:16.248829
611,5118,Accuracy,Price or Quantity is non-positive,2026-01-02T15:16:16.248829
612,5157,Accuracy,Price or Quantity is non-positive,2026-01-02T15:16:16.248829
613,5158,Accuracy,Price or Quantity is non-positive,2026-01-02T15:16:16.248829
614,5163,Accuracy,Price or Quantity is non-positive,2026-01-02T15:16:16.248829
615,5175,Accuracy,Price or Quantity is non-positive,2026-01-02T15:16:16.248829
616,5211,Accuracy,Price or Quantity is non-positive,2026-01-02T15:16:16.248829
617,5216,Accuracy,Price or Quantity is non-positive,2026-01-02T15:16:16.248829
618,5229,Accuracy,Price or Quantity is non-positive,2026-01-02T15:16:16.248829
619,5261,Accuracy,Price or Quantity is non-positive,2026-01-02T15:16:16.248829
620,5263,Accuracy,Price or Quantity is non-positive,2026-01-02T15:16:16.248829
621,5273,Accuracy,Price or Quantity is non-positive,2026-01-02T15:16:16.248829
622,5276,Accuracy,Price or Quantity is non-positive,2026-01-02T15:16:16.248829
623,5282,Accuracy,Price or Quantity is non-positive,2026-01-02T15:16:16.248829
624,5315,Accuracy,Price or Quantity is non-positive,2026-01-02T15:16:16.248829
625,5320,Accuracy,Price or Quantity is non-positive,2026-01-02T15:16:16.248829
626,5324,Accuracy,Price or Quantity is non-positive,2026-01-02T15:16:16.248829
627,5329,Accuracy,Price or Quantity is non-positive,2026-01-02T15:16:16.248829
628,5331,Accuracy,Price or Quantity is non-positive,2026-01-02T15:16:16.248829
629,5349,Accuracy,Price or Quantity is non-positive,2026-01-02T15:16:16.248829
630,5357,Accuracy,Price or Quantity is non-positive,2026-01-02T15:16:16.248829
631,5363,Accuracy,Price or Quantity is non-positive,2026-01-02T15:16:16.248829
632,5374,Accuracy,Price or Quantity is non-positive,2026-01-02T15:16:16.248829
633,5437,Accuracy,Price or Quantity is non-positive,2026-01-02T15:16:16.248829
634,5455,Accuracy,Price or Quantity is non-positive,2026-01-02T15:16:16.248829
635,5501,Accuracy,Price or Quantity is non-positive,2026-01-02T15:16:16.248829
636,5535,Accuracy,Price or Quantity is non-positive,2026-01-02T15:16:16.248829
637,5548,Accuracy,Price or Quantity is non-positive,2026-01-02T15:16:16.248829
638,5556,Accuracy,Price or Quantity is non-positive,2026-01-02T15:16:16.248829
639,5579,Accuracy,Price or Quantity is non-positive,2026-01-02T15:16:16.248829
640,5589,Accuracy,Price or Quantity is non-positive,2026-01-02T15:16:16.248829
641,5591,Accuracy,Price or Quantity is non-positive,2026-01-02T15:16:16.248829
642,5603,Accuracy,Price or Quantity is non-positive,2026-01-02T15:16:16.248829
643,5635,Accuracy,Price or Quantity is non-positive,2026-01-02T15:16:16.248829
644,5642,Accuracy,Price or Quantity is non-positive,2026-01-02T15:16:16.248829
645,5647,Accuracy,Price or Quantity is non-positive,2026-01-02T15:16:16.248829
646,5691,Accuracy,Price or Quantity is non-positive,2026-01-02T15:16:16.248829
647,5709,Accuracy,Price or Quantity is non-positive,2026-01-02T15:16:16.248829
648,5740,Accuracy,Price or Quantity is non-positive,2026-01-02T15:16:16.248829
649,5742,Accuracy,Price or Quantity is non-positive,2026-01-02T15:16:16.248829
650,5757,Accuracy,Price or Quantity is non-positive,2026-01-02T15:16:16.248829
651,5766,Accuracy,Price or Quantity is non-positive,2026-01-02T15:16:16.248829
652,5770,Accuracy,Price or Quantity is non-positive,2026-01-02T15:16:16.248829
653,5777,Accuracy,Price or Quantity is non-positive,2026-01-02T15:16:16.248829
654,5832,Accuracy,Price or Quantity is non-positive,2026-01-02T15:16:16.248829
655,5884,Accuracy,Price or Quantity is non-positive,2026-01-02T15:16:16.248829
656,5898,Accuracy,Price or Quantity is non-positive,2026-01-02T15:16:16.248829
657,5905,Accuracy,Price or Quantity is non-positive,2026-01-02T15:16:16.248829
658,5946,Accuracy,Price or Quantity is non-positive,2026-01-02T15:16:16.248829
659,5947,Accuracy,Price or Quantity is non-positive,2026-01-02T15:16:16.248829
660,5955,Accuracy,Price or Quantity is non-positive,2026-01-02T15:16:16.248829
661,5980,Accuracy,Price or Quantity is non-positive,2026-01-02T15:16:16.248829
662,5990,Accuracy,Price or Quantity is non-positive,2026-01-02T15:16:16.248829
663,5993,Accuracy,Price or Quantity is non-positive,2026-01-02T15:16:16.248829
664,6016,Accuracy,Price or Quantity is non-positive,2026-01-02T15:16:16.248829
665,6043,Accuracy,Price or Quantity is non-positive,2026-01-02T15:16:16.248829
666,6052,Accuracy,Price or Quantity is non-positive,2026-01-02T15:16:16.248829
667,6055,Accuracy,Price or Quantity is non-positive,2026-01-02T15:16:16.248829
668,6056,Accuracy,Price or Quantity is non-positive,2026-01-02T15:16:16.248829
669,6059,Accuracy,Price or Quantity is non-positive,2026-01-02T15:16:16.248829
670,6111,Accuracy,Price or Quantity is non-positive,2026-01-02T15:16:16.248829
671,6126,Accuracy,Price or Quantity is non-positive,2026-01-02T15:16:16.248829
672,6131,Accuracy,Price or Quantity is non-positive,2026-01-02T15:16:16.248829
673,6154,Accuracy,Price or Quantity is non-positive,2026-01-02T15:16:16.248829
674,6200,Accuracy,Price or Quantity is non-positive,2026-01-02T15:16:16.248829
675,6209,Accuracy,Price or Quantity is non-positive,2026-01-02T15:16:16.248829
676,6213,Accuracy,Price or Quantity is non-positive,2026-01-02T15:16:16.248829
677,6224,Accuracy,Price or Quantity is non-positive,2026-01-02T15:16:16.248829
678,6248,Accuracy,Price or Quantity is non-positive,2026-01-02T15:16:16.248829
679,6292,Accuracy,Price or Quantity is non-positive,2026-01-02T15:16:16.248829
680,6300,Accuracy,Price or Quantity is non-positive,2026-01-02T15:16:16.248829
681,6325,Accuracy,Price or Quantity is non-positive,2026-01-02T15:16:16.248829
682,6336,Accuracy,Price or Quantity is non-positive,2026-01-02T15:16:16.248829
683,6360,Accuracy,Price or Quantity is non-positive,2026-01-02T15:16:16.248829
684,6397,Accuracy,Price or Quantity is non-positive,2026-01-02T15:16:16.248829
685,6456,Accuracy,Price or Quantity is non-positive,2026-01-02T15:16:16.248829
686,6464,Accuracy,Price or Quantity is non-positive,2026-01-02T15:16:16.248829
687,6508,Accuracy,Price or Quantity is non-positive,2026-01-02T15:16:16.248829
688,6526,Accuracy,Price or Quantity is non-positive,2026-01-02T15:16:16.248829
689,6531,Accuracy,Price or Quantity is non-positive,2026-01-02T15:16:16.248829
690,6557,Accuracy,Price or Quantity is non-positive,2026-01-02T15:16:16.248829
691,6562,Accuracy,Price or Quantity is non-positive,2026-01-02T15:16:16.248829
692,6566,Accuracy,Price or Quantity is non-positive,2026-01-02T15:16:16.248829
693,6584,Accuracy,Price or Quantity is non-positive,2026-01-02T15:16:16.248829
694,6613,Accuracy,Price or Quantity is non-positive,2026-01-02T15:16:16.248829
695,6614,Accuracy,Price or Quantity is non-positive,2026-01-02T15:16:16.248829
696,6640,Accuracy,Price or Quantity is non-positive,2026-01-02T15:16:16.248829
697,6641,Accuracy,Price or Quantity is non-positive,2026-01-02T15:16:16.248829
698,6680,Accuracy,Price or Quantity is non-positive,2026-01-02T15:16:16.248829
699,6773,Accuracy,Price or Quantity is non-positive,2026-01-02T15:16:16.248829
700,6784,Accuracy,Price or Quantity is non-positive,2026-01-02T15:16:16.248829
701,6830,Accuracy,Price or Quantity is non-positive,2026-01-02T15:16:16.248829
702,6838,Accuracy,Price or Quantity is non-positive,2026-01-02T15:16:16.248829
703,6858,Accuracy,Price or Quantity is non-positive,2026-01-02T15:16:16.248829
704,6870,Accuracy,Price or Quantity is non-positive,2026-01-02T15:16:16.248829
705,6871,Accuracy,Price or Quantity is non-positive,2026-01-02T15:16:16.248829
706,6874,Accuracy,Price or Quantity is non-positive,2026-01-02T15:16:16.248829
707,6900,Accuracy,Price or Quantity is non-positive,2026-01-02T15:16:16.248829
708,6913,Accuracy,Price or Quantity is non-positive,2026-01-02T15:16:16.248829
709,6960,Accuracy,Price or Quantity is non-positive,2026-01-02T15:16:16.248829
710,6983,Accuracy,Price or Quantity is non-positive,2026-01-02T15:16:16.248829
711,7015,Accuracy,Price or Quantity is non-positive,2026-01-02T15:16:16.248829
712,7024,Accuracy,Price or Quantity is non-positive,2026-01-02T15:16:16.248829
713,7068,Accuracy,Price or Quantity is non-positive,2026-01-02T15:16:16.248829
714,7089,Accuracy,Price or Quantity is non-positive,2026-01-02T15:16:16.248829
715,7110,Accuracy,Price or Quantity is non-positive,2026-01-02T15:16:16.248829
716,7115,Accuracy,Price or Quantity is non-positive,2026-01-02T15:16:16.248829
717,7142,Accuracy,Price or Quantity is non-positive,2026-01-02T15:16:16.248829
718,7196,Accuracy,Price or Quantity is non-positive,2026-01-02T15:16:16.248829
719,7215,Accuracy,Price or Quantity is non-positive,2026-01-02T15:16:16.248829
720,7229,Accuracy,Price or Quantity is non-positive,2026-01-02T15:16:16.248829
721,7232,Accuracy,Price or Quantity is non-positive,2026-01-02T15:16:16.248829
722,7269,Accuracy,Price or Quantity is non-positive,2026-01-02T15:16:16.248829
723,7296,Accuracy,Price or Quantity is non-positive,2026-01-02T15:16:16.248829
724,7361,Accuracy,Price or Quantity is non-positive,2026-01-02T15:16:16.248829
725,7402,Accuracy,Price or Quantity is non-positive,2026-01-02T15:16:16.248829
726,7408,Accuracy,Price or Quantity is non-positive,2026-01-02T15:16:16.248829
727,7412,Accuracy,Price or Quantity is non-positive,2026-01-02T15:16:16.248829
728,7462,Accuracy,Price or Quantity is non-positive,2026-01-02T15:16:16.248829
729,7463,Accuracy,Price or Quantity is non-positive,2026-01-02T15:16:16.248829
730,7479,Accuracy,Price or Quantity is non-positive,2026-01-02T15:16:16.248829
731,7556,Accuracy,Price or Quantity is non-positive,2026-01-02T15:16:16.248829
732,7593,Accuracy,Price or Quantity is non-positive,2026-01-02T15:16:16.248829
733,7625,Accuracy,Price or Quantity is non-positive,2026-01-02T15:16:16.248829
734,7649,Accuracy,Price or Quantity is non-positive,2026-01-02T15:16:16.248829
735,7668,Accuracy,Price or Quantity is non-positive,2026-01-02T15:16:16.248829
736,7673,Accuracy,Price or Quantity is non-positive,2026-01-02T15:16:16.248829
737,7675,Accuracy,Price or Quantity is non-positive,2026-01-02T15:16:16.248829
738,7680,Accuracy,Price or Quantity is non-positive,2026-01-02T15:16:16.248829
739,7681,Accuracy,Price or Quantity is non-positive,2026-01-02T15:16:16.248829
740,7712,Accuracy,Price or Quantity is non-positive,2026-01-02T15:16:16.248829
741,7733,Accuracy,Price or Quantity is non-positive,2026-01-02T15:16:16.248829
742,7740,Accuracy,Price or Quantity is non-positive,2026-01-02T15:16:16.248829
743,7742,Accuracy,Price or Quantity is non-positive,2026-01-02T15:16:16.248829
744,7752,Accuracy,Price or Quantity is non-positive,2026-01-02T15:16:16.248829
745,7786,Accuracy,Price or Quantity is non-positive,2026-01-02T15:16:16.248829
746,7789,Accuracy,Price or Quantity is non-positive,2026-01-02T15:16:16.248829
747,7810,Accuracy,Price or Quantity is non-positive,2026-01-02T15:16:16.248829
748,7823,Accuracy,Price or Quantity is non-positive,2026-01-02T15:16:16.248829
749,7827,Accuracy,Price or Quantity is non-positive,2026-01-02T15:16:16.248829
750,7890,Accuracy,Price or Quantity is non-positive,2026-01-02T15:16:16.248829
751,7894,Accuracy,Price or Quantity is non-positive,2026-01-02T15:16:16.248829
752,7898,Accuracy,Price or Quantity is non-positive,2026-01-02T15:16:16.248829
753,7910,Accuracy,Price or Quantity is non-positive,2026-01-02T15:16:16.248829
754,7945,Accuracy,Price or Quantity is non-positive,2026-01-02T15:16:16.248829
755,7946,Accuracy,Price or Quantity is non-positive,2026-01-02T15:16:16.248829
756,7947,Accuracy,Price or Quantity is non-positive,2026-01-02T15:16:16.248829
757,7951,Accuracy,Price or Quantity is non-positive,2026-01-02T15:16:16.248829
758,7955,Accuracy,Price or Quantity is non-positive,2026-01-02T15:16:16.248829
759,8002,Accuracy,Price or Quantity is non-positive,2026-01-02T15:16:16.248829
760,8070,Accuracy,Price or Quantity is non-positive,2026-01-02T15:16:16.248829
761,8121,Accuracy,Price or Quantity is non-positive,2026-01-02T15:16:16.248829
762,8161,Accuracy,Price or Quantity is non-positive,2026-01-02T15:16:16.248829
763,8173,Accuracy,Price or Quantity is non-positive,2026-01-02T15:16:16.248829
764,8192,Accuracy,Price or Quantity is non-positive,2026-01-02T15:16:16.248829
765,8219,Accuracy,Price or Quantity is non-positive,2026-01-02T15:16:16.248829
766,8260,Accuracy,Price or Quantity is non-positive,2026-01-02T15:16:16.248829
767,8261,Accuracy,Price or Quantity is non-positive,2026-01-02T15:16:16.248829
768,8314,Accuracy,Price or Quantity is non-positive,2026-01-02T15:16:16.248829
769,8317,Accuracy,Price or Quantity is non-positive,2026-01-02T15:16:16.248829
770,8339,Accuracy,Price or Quantity is non-positive,2026-01-02T15:16:16.248829
771,8372,Accuracy,Price or Quantity is non-positive,2026-01-02T15:16:16.248829
772,8379,Accuracy,Price or Quantity is non-positive,2026-01-02T15:16:16.248829
773,8382,Accuracy,Price or Quantity is non-positive,2026-01-02T15:16:16.248829
774,8423,Accuracy,Price or Quantity is non-positive,2026-01-02T15:16:16.248829
775,8430,Accuracy,Price or Quantity is non-positive,2026-01-02T15:16:16.248829
776,8452,Accuracy,Price or Quantity is non-positive,2026-01-02T15:16:16.248829
777,8490,Accuracy,Price or Quantity is non-positive,2026-01-02T15:16:16.248829
778,8514,Accuracy,Price or Quantity is non-positive,2026-01-02T15:16:16.248829
779,8538,Accuracy,Price or Quantity is non-positive,2026-01-02T15:16:16.248829
780,8545,Accuracy,Price or Quantity is non-positive,2026-01-02T15:16:16.248829
781,8565,Accuracy,Price or Quantity is non-positive,2026-01-02T15:16:16.248829
782,8589,Accuracy,Price or Quantity is non-positive,2026-01-02T15:16:16.248829
783,8590,Accuracy,Price or Quantity is non-positive,2026-01-02T15:16:16.248829
784,8591,Accuracy,Price or Quantity is non-positive,2026-01-02T15:16:16.248829
785,8647,Accuracy,Price or Quantity is non-positive,2026-01-02T15:16:16.248829
786,8673,Accuracy,Price or Quantity is non-positive,2026-01-02T15:16:16.248829
787,8689,Accuracy,Price or Quantity is non-positive,2026-01-02T15:16:16.248829
788,8702,Accuracy,Price or Quantity is non-positive,2026-01-02T15:16:16.248829
789,8784,Accuracy,Price or Quantity is non-positive,2026-01-02T15:16:16.248829
790,8791,Accuracy,Price or Quantity is non-positive,2026-01-02T15:16:16.248829
791,8821,Accuracy,Price or Quantity is non-positive,2026-01-02T15:16:16.248829
792,8842,Accuracy,Price or Quantity is non-positive,2026-01-02T15:16:16.248829
793,8870,Accuracy,Price or Quantity is non-positive,2026-01-02T15:16:16.248829
794,8872,Accuracy,Price or Quantity is non-positive,2026-01-02T15:16:16.248829
795,8937,Accuracy,Price or Quantity is non-positive,2026-01-02T15:16:16.248829
796,8955,Accuracy,Price or Quantity is non-positive,2026-01-02T15:16:16.248829
797,8983,Accuracy,Price or Quantity is non-positive,2026-01-02T15:16:16.248829
798,9007,Accuracy,Price or Quantity is non-positive,2026-01-02T15:16:16.248829
799,9016,Accuracy,Price or Quantity is non-positive,2026-01-02T15:16:16.248829
800,9023,Accuracy,Price or Quantity is non-positive,2026-01-02T15:16:16.248829
801,9046,Accuracy,Price or Quantity is non-positive,2026-01-02T15:16:16.248829
802,9052,Accuracy,Price or Quantity is non-positive,2026-01-02T15:16:16.248829
803,9090,Accuracy,Price or Quantity is non-positive,2026-01-02T15:16:16.248829
804,9103,Accuracy,Price or Quantity is non-positive,2026-01-02T15:16:16.248829
805,9109,Accuracy,Price or Quantity is non-positive,2026-01-02T15:16:16.248829
806,9124,Accuracy,Price or Quantity is non-positive,2026-01-02T15:16:16.248829
807,9153,Accuracy,Price or Quantity is non-positive,2026-01-02T15:16:16.248829
808,9171,Accuracy,Price or Quantity is non-positive,2026-01-02T15:16:16.248829
809,9202,Accuracy,Price or Quantity is non-positive,2026-01-02T15:16:16.248829
810,9203,Accuracy,Price or Quantity is non-positive,2026-01-02T15:16:16.248829
811,9236,Accuracy,Price or Quantity is non-positive,2026-01-02T15:16:16.248829
812,9279,Accuracy,Price or Quantity is non-positive,2026-01-02T15:16:16.248829
813,9292,Accuracy,Price or Quantity is non-positive,2026-01-02T15:16:16.248829
814,9297,Accuracy,Price or Quantity is non-positive,2026-01-02T15:16:16.248829
815,9315,Accuracy,Price or Quantity is non-positive,2026-01-02T15:16:16.248829
816,9316,Accuracy,Price or Quantity is non-positive,2026-01-02T15:16:16.248829
817,9327,Accuracy,Price or Quantity is non-positive,2026-01-02T15:16:16.248829
818,9328,Accuracy,Price or Quantity is non-positive,2026-01-02T15:16:16.248829
819,9331,Accuracy,Price or Quantity is non-positive,2026-01-02T15:16:16.248829
820,9370,Accuracy,Price or Quantity is non-positive,2026-01-02T15:16:16.248829
821,9452,Accuracy,Price or Quantity is non-positive,2026-01-02T15:16:16.248829
822,9456,Accuracy,Price or Quantity is non-positive,2026-01-02T15:16:16.248829
823,9481,Accuracy,Price or Quantity is non-positive,2026-01-02T15:16:16.248829
824,9519,Accuracy,Price or Quantity is non-positive,2026-01-02T15:16:16.248829
825,9554,Accuracy,Price or Quantity is non-positive,2026-01-02T15:16:16.248829
826,9567,Accuracy,Price or Quantity is non-positive,2026-01-02T15:16:16.248829
827,9614,Accuracy,Price or Quantity is non-positive,2026-01-02T15:16:16.248829
828,9648,Accuracy,Price or Quantity is non-positive,2026-01-02T15:16:16.248829
829,9654,Accuracy,Price or Quantity is non-positive,2026-01-02T15:16:16.248829
830,9664,Accuracy,Price or Quantity is non-positive,2026-01-02T15:16:16.248829
831,9667,Accuracy,Price or Quantity is non-positive,2026-01-02T15:16:16.248829
832,9688,Accuracy,Price or Quantity is non-positive,2026-01-02T15:16:16.248829
833,9695,Accuracy,Price or Quantity is non-positive,2026-01-02T15:16:16.248829
834,9696,Accuracy,Price or Quantity is non-positive,2026-01-02T15:16:16.248829
835,9698,Accuracy,Price or Quantity is non-positive,2026-01-02T15:16:16.248829
836,9767,Accuracy,Price or Quantity is non-positive,2026-01-02T15:16:16.248829
837,9778,Accuracy,Price or Quantity is non-positive,2026-01-02T15:16:16.248829
838,9782,Accuracy,Price or Quantity is non-positive,2026-01-02T15:16:16.248829
839,9790,Accuracy,Price or Quantity is non-positive,2026-01-02T15:16:16.248829
840,9809,Accuracy,Price or Quantity is non-positive,2026-01-02T15:16:16.248829
841,9822,Accuracy,Price or Quantity is non-positive,2026-01-02T15:16:16.248829
842,9823,Accuracy,Price or Quantity is non-positive,2026-01-02T15:16:16.248829
843,9858,Accuracy,Price or Quantity is non-positive,2026-01-02T15:16:16.248829
844,9882,Accuracy,Price or Quantity is non-positive,2026-01-02T15:16:16.248829
845,9900,Accuracy,Price or Quantity is non-positive,2026-01-02T15:16:16.248829
846,9901,Accuracy,Price or Quantity is non-positive,2026-01-02T15:16:16.248829
847,9909,Accuracy,Price or Quantity is non-positive,2026-01-02T15:16:16.248829
848,9922,Accuracy,Price or Quantity is non-positive,2026-01-02T15:16:16.248829
849,9929,Accuracy,Price or Quantity is non-positive,2026-01-02T15:16:16.248829
850,9979,Accuracy,Price or Quantity is non-positive,2026-01-02T15:16:16.248829
851,9991,Accuracy,Price or Quantity is non-positive,2026-01-02T15:16:16.248829
852,45,Completeness,Missing one or more critical fields,2026-01-02T15:16:15.968472
853,189,Completeness,Missing one or more critical fields,2026-01-02T15:16:15.968472
854,222,Completeness,Missing one or more critical fields,2026-01-02T15:16:15.968472
855,252,Completeness,Missing one or more critical fields,2026-01-02T15:16:15.968472
856,255,Completeness,Missing one or more critical fields,2026-01-02T15:16:15.968472
857,256,Completeness,Missing one or more critical fields,2026-01-02T15:16:15.968472
858,270,Completeness,Missing one or more critical fields,2026-01-02T15:16:15.968472
859,281,Completeness,Missing one or more critical fields,2026-01-02T15:16:15.968472
860,296,Completeness,Missing one or more critical fields,2026-01-02T15:16:15.968472
861,307,Completeness,Missing one or more critical fields,2026-01-02T15:16:15.968472
862,328,Completeness,Missing one or more critical fields,2026-01-02T15:16:15.968472
863,352,Completeness,Missing one or more critical fields,2026-01-02T15:16:15.968472
864,360,Completeness,Missing one or more critical fields,2026-01-02T15:16:15.968472
865,373,Completeness,Missing one or more critical fields,2026-01-02T15:16:15.968472
866,403,Completeness,Missing one or more critical fields,2026-01-02T15:16:15.968472
867,411,Completeness,Missing one or more critical fields,2026-01-02T15:16:15.968472
868,439,Completeness,Missing one or more critical fields,2026-01-02T15:16:15.968472
869,476,Completeness,Missing one or more critical fields,2026-01-02T15:16:15.968472
870,492,Completeness,Missing one or more critical fields,2026-01-02T15:16:15.968472
871,525,Completeness,Missing one or more critical fields,2026-01-02T15:16:15.968472
872,537,Completeness,Missing one or more critical fields,2026-01-02T15:16:15.968472
873,595,Completeness,Missing one or more critical fields,2026-01-02T15:16:15.968472
874,650,Completeness,Missing one or more critical fields,2026-01-02T15:16:15.968472
875,696,Completeness,Missing one or more critical fields,2026-01-02T15:16:15.968472
876,703,Completeness,Missing one or more critical fields,2026-01-02T15:16:15.968472
877,722,Completeness,Missing one or more critical fields,2026-01-02T15:16:15.968472
878,757,Completeness,Missing one or more critical fields,2026-01-02T15:16:15.968472
879,774,Completeness,Missing one or more critical fields,2026-01-02T15:16:15.968472
880,799,Completeness,Missing one or more critical fields,2026-01-02T15:16:15.968472
881,841,Completeness,Missing one or more critical fields,2026-01-02T15:16:15.968472
882,955,Completeness,Missing one or more critical fields,2026-01-02T15:16:15.968472
883,958,Completeness,Missing one or more critical fields,2026-01-02T15:16:15.968472
884,966,Completeness,Missing one or more critical fields,2026-01-02T15:16:15.968472
885,993,Completeness,Missing one or more critical fields,2026-01-02T15:16:15.968472
886,1043,Completeness,Missing one or more critical fields,2026-01-02T15:16:15.968472
887,1054,Completeness,Missing one or more critical fields,2026-01-02T15:16:15.968472
888,1084,Completeness,Missing one or more critical fields,2026-01-02T15:16:15.968472
889,1143,Completeness,Missing one or more critical fields,2026-01-02T15:16:15.968472
890,1155,Completeness,Missing one or more critical fields,2026-01-02T15:16:15.968472
891,1166,Completeness,Missing one or more critical fields,2026-01-02T15:16:15.968472
892,1220,Completeness,Missing one or more critical fields,2026-01-02T15:16:15.968472
893,1298,Completeness,Missing one or more critical fields,2026-01-02T15:16:15.968472
894,1325,Completeness,Missing one or more critical fields,2026-01-02T15:16:15.968472
895,1414,Completeness,Missing one or more critical fields,2026-01-02T15:16:15.968472
896,1425,Completeness,Missing one or more critical fields,2026-01-02T15:16:15.968472
897,1475,Completeness,Missing one or more critical fields,2026-01-02T15:16:15.968472
898,1537,Completeness,Missing one or more critical fields,2026-01-02T15:16:15.968472
899,1582,Completeness,Missing one or more critical fields,2026-01-02T15:16:15.968472
900,1602,Completeness,Missing one or more critical fields,2026-01-02T15:16:15.968472
901,1648,Completeness,Missing one or more critical fields,2026-01-02T15:16:15.968472
902,1650,Completeness,Missing one or more critical fields,2026-01-02T15:16:15.968472
903,1663,Completeness,Missing one or more critical fields,2026-01-02T15:16:15.968472
904,1706,Completeness,Missing one or more critical fields,2026-01-02T15:16:15.968472
905,1782,Completeness,Missing one or more critical fields,2026-01-02T15:16:15.968472
906,1784,Completeness,Missing one or more critical fields,2026-01-02T15:16:15.968472
907,1864,Completeness,Missing one or more critical fields,2026-01-02T15:16:15.968472
908,1867,Completeness,Missing one or more critical fields,2026-01-02T15:16:15.968472
909,1936,Completeness,Missing one or more critical fields,2026-01-02T15:16:15.968472
910,1939,Completeness,Missing one or more critical fields,2026-01-02T15:16:15.968472
911,2085,Completeness,Missing one or more critical fields,2026-01-02T15:16:15.968472
912,2149,Completeness,Missing one or more critical fields,2026-01-02T15:16:15.968472
913,2163,Completeness,Missing one or more critical fields,2026-01-02T15:16:15.968472
914,2164,Completeness,Missing one or more critical fields,2026-01-02T15:16:15.968472
915,2179,Completeness,Missing one or more critical fields,2026-01-02T15:16:15.968472
916,2232,Completeness,Missing one or more critical fields,2026-01-02T15:16:15.968472
917,2274,Completeness,Missing one or more critical fields,2026-01-02T15:16:15.968472
918,2280,Completeness,Missing one or more critical fields,2026-01-02T15:16:15.968472
919,2291,Completeness,Missing one or more critical fields,2026-01-02T15:16:15.968472
920,2297,Completeness,Missing one or more critical fields,2026-01-02T15:16:15.968472
921,2300,Completeness,Missing one or more critical fields,2026-01-02T15:16:15.968472
922,2391,Completeness,Missing one or more critical fields,2026-01-02T15:16:15.968472
923,2395,Completeness,Missing one or more critical fields,2026-01-02T15:16:15.968472
924,2400,Completeness,Missing one or more critical fields,2026-01-02T15:16:15.968472
925,2496,Completeness,Missing one or more critical fields,2026-01-02T15:16:15.968472
926,2531,Completeness,Missing one or more critical fields,2026-01-02T15:16:15.968472
927,2556,Completeness,Missing one or more critical fields,2026-01-02T15:16:15.968472
928,2585,Completeness,Missing one or more critical fields,2026-01-02T15:16:15.968472
929,2599,Completeness,Missing one or more critical fields,2026-01-02T15:16:15.968472
930,2624,Completeness,Missing one or more critical fields,2026-01-02T15:16:15.968472
931,2697,Completeness,Missing one or more critical fields,2026-01-02T15:16:15.968472
932,2706,Completeness,Missing one or more critical fields,2026-01-02T15:16:15.968472
933,2709,Completeness,Missing one or more critical fields,2026-01-02T15:16:15.968472
934,2721,Completeness,Missing one or more critical fields,2026-01-02T15:16:15.968472
935,2729,Completeness,Missing one or more critical fields,2026-01-02T15:16:15.968472
936,2735,Completeness,Missing one or more critical fields,2026-01-02T15:16:15.968472
937,2742,Completeness,Missing one or more critical fields,2026-01-02T15:16:15.968472
938,2746,Completeness,Missing one or more critical fields,2026-01-02T15:16:15.968472
939,2786,Completeness,Missing one or more critical fields,2026-01-02T15:16:15.968472
940,2796,Completeness,Missing one or more critical fields,2026-01-02T15:16:15.968472
941,2862,Completeness,Missing one or more critical fields,2026-01-02T15:16:15.968472
942,2866,Completeness,Missing one or more critical fields,2026-01-02T15:16:15.968472
943,2891,Completeness,Missing one or more critical fields,2026-01-02T15:16:15.968472
944,2976,Completeness,Missing one or more critical fields,2026-01-02T15:16:15.968472
945,2985,Completeness,Missing one or more critical fields,2026-01-02T15:16:15.968472
946,2997,Completeness,Missing one or more critical fields,2026-01-02T15:16:15.968472
947,3043,Completeness,Missing one or more critical fields,2026-01-02T15:16:15.968472
948,3061,Completeness,Missing one or more critical fields,2026-01-02T15:16:15.968472
949,3135,Completeness,Missing one or more critical fields,2026-01-02T15:16:15.968472
950,3173,Completeness,Missing one or more critical fields,2026-01-02T15:16:15.968472
951,3194,Completeness,Missing one or more critical fields,2026-01-02T15:16:15.968472
952,3195,Completeness,Missing one or more critical fields,2026-01-02T15:16:15.968472
953,3272,Completeness,Missing one or more critical fields,2026-01-02T15:16:15.968472
954,3277,Completeness,Missing one or more critical fields,2026-01-02T15:16:15.968472
955,3303,Completeness,Missing one or more critical fields,2026-01-02T15:16:15.968472
956,3335,Completeness,Missing one or more critical fields,2026-01-02T15:16:15.968472
957,3347,Completeness,Missing one or more critical fields,2026-01-02T15:16:15.968472
958,3380,Completeness,Missing one or more critical fields,2026-01-02T15:16:15.968472
959,3389,Completeness,Missing one or more critical fields,2026-01-02T15:16:15.968472
960,3407,Completeness,Missing one or more critical fields,2026-01-02T15:16:15.968472
961,3435,Completeness,Missing one or more critical fields,2026-01-02T15:16:15.968472
962,3479,Completeness,Missing one or more critical fields,2026-01-02T15:16:15.968472
963,3558,Completeness,Missing one or more critical fields,2026-01-02T15:16:15.968472
964,3562,Completeness,Missing one or more critical fields,2026-01-02T15:16:15.968472
965,3619,Completeness,Missing one or more critical fields,2026-01-02T15:16:15.968472
966,3634,Completeness,Missing one or more critical fields,2026-01-02T15:16:15.968472
967,3679,Completeness,Missing one or more critical fields,2026-01-02T15:16:15.968472
968,3706,Completeness,Missing one or more critical fields,2026-01-02T15:16:15.968472
969,3745,Completeness,Missing one or more critical fields,2026-01-02T15:16:15.968472
970,3841,Completeness,Missing one or more critical fields,2026-01-02T15:16:15.968472
971,3901,Completeness,Missing one or more critical fields,2026-01-02T15:16:15.968472
972,3921,Completeness,Missing one or more critical fields,2026-01-02T15:16:15.968472
973,3936,Completeness,Missing one or more critical fields,2026-01-02T15:16:15.968472
974,3937,Completeness,Missing one or more critical fields,2026-01-02T15:16:15.968472
975,4067,Completeness,Missing one or more critical fields,2026-01-02T15:16:15.968472
976,4085,Completeness,Missing one or more critical fields,2026-01-02T15:16:15.968472
977,4100,Completeness,Missing one or more critical fields,2026-01-02T15:16:15.968472
978,4138,Completeness,Missing one or more critical fields,2026-01-02T15:16:15.968472
979,4207,Completeness,Missing one or more critical fields,2026-01-02T15:16:15.968472
980,4208,Completeness,Missing one or more critical fields,2026-01-02T15:16:15.968472
981,4222,Completeness,Missing one or more critical fields,2026-01-02T15:16:15.968472
982,4233,Completeness,Missing one or more critical fields,2026-01-02T15:16:15.968472
983,4274,Completeness,Missing one or more critical fields,2026-01-02T15:16:15.968472
984,4314,Completeness,Missing one or more critical fields,2026-01-02T15:16:15.968472
985,4347,Completeness,Missing one or more critical fields,2026-01-02T15:16:15.968472
986,4355,Completeness,Missing one or more critical fields,2026-01-02T15:16:15.968472
987,4383,Completeness,Missing one or more critical fields,2026-01-02T15:16:15.968472
988,4403,Completeness,Missing one or more critical fields,2026-01-02T15:16:15.968472
989,4409,Completeness,Missing one or more critical fields,2026-01-02T15:16:15.968472
990,4414,Completeness,Missing one or more critical fields,2026-01-02T15:16:15.968472
991,4463,Completeness,Missing one or more critical fields,2026-01-02T15:16:15.968472
992,4479,Completeness,Missing one or more critical fields,2026-01-02T15:16:15.968472
993,4492,Completeness,Missing one or more critical fields,2026-01-02T15:16:15.968472
994,4599,Completeness,Missing one or more critical fields,2026-01-02T15:16:15.968472
995,4609,Completeness,Missing one or more critical fields,2026-01-02T15:16:15.968472
996,4648,Completeness,Missing one or more critical fields,2026-01-02T15:16:15.968472
997,4659,Completeness,Missing one or more critical fields,2026-01-02T15:16:15.968472
998,4718,Completeness,Missing one or more critical fields,2026-01-02T15:16:15.968472
999,4735,Completeness,Missing one or more critical fields,2026-01-02T15:16:15.968472
1000,4847,Completeness,Missing one or more critical fields,2026-01-02T15:16:15.968472
1001,4852,Completeness,Missing one or more critical fields,2026-01-02T15:16:15.968472
1002,4865,Completeness,Missing one or more critical fields,2026-01-02T15:16:15.968472
1003,4898,Completeness,Missing one or more critical fields,2026-01-02T15:16:15.968472
1004,4908,Completeness,Missing one or more critical fields,2026-01-02T15:16:15.968472
1005,4940,Completeness,Missing one or more critical fields,2026-01-02T15:16:15.968472
1006,4951,Completeness,Missing one or more critical fields,2026-01-02T15:16:15.968472
1007,4980,Completeness,Missing one or more critical fields,2026-01-02T15:16:15.968472
1008,4999,Completeness,Missing one or more critical fields,2026-01-02T15:16:15.968472
1009,5014,Completeness,Missing one or more critical fields,2026-01-02T15:16:15.968472
1010,5057,Completeness,Missing one or more critical fields,2026-01-02T15:16:15.968472
1011,5076,Completeness,Missing one or more critical fields,2026-01-02T15:16:15.968472
1012,5123,Completeness,Missing one or more critical fields,2026-01-02T15:16:15.968472
1013,5130,Completeness,Missing one or more critical fields,2026-01-02T15:16:15.968472
1014,5155,Completeness,Missing one or more critical fields,2026-01-02T15:16:15.968472
1015,5174,Completeness,Missing one or more critical fields,2026-01-02T15:16:15.968472
1016,5184,Completeness,Missing one or more critical fields,2026-01-02T15:16:15.968472
1017,5252,Completeness,Missing one or more critical fields,2026-01-02T15:16:15.968472
1018,5257,Completeness,Missing one or more critical fields,2026-01-02T15:16:15.968472
1019,5259,Completeness,Missing one or more critical fields,2026-01-02T15:16:15.968472
1020,5347,Completeness,Missing one or more critical fields,2026-01-02T15:16:15.968472
1021,5391,Completeness,Missing one or more critical fields,2026-01-02T15:16:15.968472
1022,5409,Completeness,Missing one or more critical fields,2026-01-02T15:16:15.968472
1023,5464,Completeness,Missing one or more critical fields,2026-01-02T15:16:15.968472
1024,5490,Completeness,Missing one or more critical fields,2026-01-02T15:16:15.968472
1025,5518,Completeness,Missing one or more critical fields,2026-01-02T15:16:15.968472
1026,5549,Completeness,Missing one or more critical fields,2026-01-02T15:16:15.968472
1027,5562,Completeness,Missing one or more critical fields,2026-01-02T15:16:15.968472
1028,5574,Completeness,Missing one or more critical fields,2026-01-02T15:16:15.968472
1029,5676,Completeness,Missing one or more critical fields,2026-01-02T15:16:15.968472
1030,5725,Completeness,Missing one or more critical fields,2026-01-02T15:16:15.968472
1031,5732,Completeness,Missing one or more critical fields,2026-01-02T15:16:15.968472
1032,5739,Completeness,Missing one or more critical fields,2026-01-02T15:16:15.968472
1033,5749,Completeness,Missing one or more critical fields,2026-01-02T15:16:15.968472
1034,5753,Completeness,Missing one or more critical fields,2026-01-02T15:16:15.968472
1035,5789,Completeness,Missing one or more critical fields,2026-01-02T15:16:15.968472
1036,5793,Completeness,Missing one or more critical fields,2026-01-02T15:16:15.968472
1037,5795,Completeness,Missing one or more critical fields,2026-01-02T15:16:15.968472
1038,5838,Completeness,Missing one or more critical fields,2026-01-02T15:16:15.968472
1039,5849,Completeness,Missing one or more critical fields,2026-01-02T15:16:15.968472
1040,5861,Completeness,Missing one or more critical fields,2026-01-02T15:16:15.968472
1041,5964,Completeness,Missing one or more critical fields,2026-01-02T15:16:15.968472
1042,5977,Completeness,Missing one or more critical fields,2026-01-02T15:16:15.968472
1043,6053,Completeness,Missing one or more critical fields,2026-01-02T15:16:15.968472
1044,6080,Completeness,Missing one or more critical fields,2026-01-02T15:16:15.968472
1045,6085,Completeness,Missing one or more critical fields,2026-01-02T15:16:15.968472
1046,6114,Completeness,Missing one or more critical fields,2026-01-02T15:16:15.968472
1047,6144,Completeness,Missing one or more critical fields,2026-01-02T15:16:15.968472
1048,6155,Completeness,Missing one or more critical fields,2026-01-02T15:16:15.968472
1049,6175,Completeness,Missing one or more critical fields,2026-01-02T15:16:15.968472
1050,6178,Completeness,Missing one or more critical fields,2026-01-02T15:16:15.968472
1051,6260,Completeness,Missing one or more critical fields,2026-01-02T15:16:15.968472
1052,6263,Completeness,Missing one or more critical fields,2026-01-02T15:16:15.968472
1053,6273,Completeness,Missing one or more critical fields,2026-01-02T15:16:15.968472
1054,6325,Completeness,Missing one or more critical fields,2026-01-02T15:16:15.968472
1055,6375,Completeness,Missing one or more critical fields,2026-01-02T15:16:15.968472
1056,6402,Completeness,Missing one or more critical fields,2026-01-02T15:16:15.968472
1057,6426,Completeness,Missing one or more critical fields,2026-01-02T15:16:15.968472
1058,6537,Completeness,Missing one or more critical fields,2026-01-02T15:16:15.968472
1059,6671,Completeness,Missing one or more critical fields,2026-01-02T15:16:15.968472
1060,6725,Completeness,Missing one or more critical fields,2026-01-02T15:16:15.968472
1061,6742,Completeness,Missing one or more critical fields,2026-01-02T15:16:15.968472
1062,6817,Completeness,Missing one or more critical fields,2026-01-02T15:16:15.968472
1063,6933,Completeness,Missing one or more critical fields,2026-01-02T15:16:15.968472
1064,6946,Completeness,Missing one or more critical fields,2026-01-02T15:16:15.968472
1065,7013,Completeness,Missing one or more critical fields,2026-01-02T15:16:15.968472
1066,7055,Completeness,Missing one or more critical fields,2026-01-02T15:16:15.968472
1067,7103,Completeness,Missing one or more critical fields,2026-01-02T15:16:15.968472
1068,7162,Completeness,Missing one or more critical fields,2026-01-02T15:16:15.968472
1069,7295,Completeness,Missing one or more critical fields,2026-01-02T15:16:15.968472
1070,7324,Completeness,Missing one or more critical fields,2026-01-02T15:16:15.968472
1071,7369,Completeness,Missing one or more critical fields,2026-01-02T15:16:15.968472
1072,7426,Completeness,Missing one or more critical fields,2026-01-02T15:16:15.968472
1073,7530,Completeness,Missing one or more critical fields,2026-01-02T15:16:15.968472
1074,7555,Completeness,Missing one or more critical fields,2026-01-02T15:16:15.968472
1075,7631,Completeness,Missing one or more critical fields,2026-01-02T15:16:15.968472
1076,7658,Completeness,Missing one or more critical fields,2026-01-02T15:16:15.968472
1077,7661,Completeness,Missing one or more critical fields,2026-01-02T15:16:15.968472
1078,7674,Completeness,Missing one or more critical fields,2026-01-02T15:16:15.968472
1079,7721,Completeness,Missing one or more critical fields,2026-01-02T15:16:15.968472
1080,7754,Completeness,Missing one or more critical fields,2026-01-02T15:16:15.968472
1081,7978,Completeness,Missing one or more critical fields,2026-01-02T15:16:15.968472
1082,7981,Completeness,Missing one or more critical fields,2026-01-02T15:16:15.968472
1083,8006,Completeness,Missing one or more critical fields,2026-01-02T15:16:15.968472
1084,8053,Completeness,Missing one or more critical fields,2026-01-02T15:16:15.968472
1085,8061,Completeness,Missing one or more critical fields,2026-01-02T15:16:15.968472
1086,8134,Completeness,Missing one or more critical fields,2026-01-02T15:16:15.968472
1087,8136,Completeness,Missing one or more critical fields,2026-01-02T15:16:15.968472
1088,8200,Completeness,Missing one or more critical fields,2026-01-02T15:16:15.968472
1089,8230,Completeness,Missing one or more critical fields,2026-01-02T15:16:15.968472
1090,8290,Completeness,Missing one or more critical fields,2026-01-02T15:16:15.968472
1091,8313,Completeness,Missing one or more critical fields,2026-01-02T15:16:15.968472
1092,8314,Completeness,Missing one or more critical fields,2026-01-02T15:16:15.968472
1093,8337,Completeness,Missing one or more critical fields,2026-01-02T15:16:15.968472
1094,8366,Completeness,Missing one or more critical fields,2026-01-02T15:16:15.968472
1095,8429,Completeness,Missing one or more critical fields,2026-01-02T15:16:15.968472
1096,8497,Completeness,Missing one or more critical fields,2026-01-02T15:16:15.968472
1097,8582,Completeness,Missing one or more critical fields,2026-01-02T15:16:15.968472
1098,8590,Completeness,Missing one or more critical fields,2026-01-02T15:16:15.968472
1099,8612,Completeness,Missing one or more critical fields,2026-01-02T15:16:15.968472
1100,8618,Completeness,Missing one or more critical fields,2026-01-02T15:16:15.968472
1101,8620,Completeness,Missing one or more critical fields,2026-01-02T15:16:15.968472
1102,8628,Completeness,Missing one or more critical fields,2026-01-02T15:16:15.968472
1103,8655,Completeness,Missing one or more critical fields,2026-01-02T15:16:15.968472
1104,8678,Completeness,Missing one or more critical fields,2026-01-02T15:16:15.968472
1105,8838,Completeness,Missing one or more critical fields,2026-01-02T15:16:15.968472
1106,8886,Completeness,Missing one or more critical fields,2026-01-02T15:16:15.968472
1107,8895,Completeness,Missing one or more critical fields,2026-01-02T15:16:15.968472
1108,8970,Completeness,Missing one or more critical fields,2026-01-02T15:16:15.968472
1109,8971,Completeness,Missing one or more critical fields,2026-01-02T15:16:15.968472
1110,8996,Completeness,Missing one or more critical fields,2026-01-02T15:16:15.968472
1111,9102,Completeness,Missing one or more critical fields,2026-01-02T15:16:15.968472
1112,9132,Completeness,Missing one or more critical fields,2026-01-02T15:16:15.968472
1113,9155,Completeness,Missing one or more critical fields,2026-01-02T15:16:15.968472
1114,9174,Completeness,Missing one or more critical fields,2026-01-02T15:16:15.968472
1115,9233,Completeness,Missing one or more critical fields,2026-01-02T15:16:15.968472
1116,9252,Completeness,Missing one or more critical fields,2026-01-02T15:16:15.968472
1117,9260,Completeness,Missing one or more critical fields,2026-01-02T15:16:15.968472
1118,9262,Completeness,Missing one or more critical fields,2026-01-02T15:16:15.968472
1119,9266,Completeness,Missing one or more critical fields,2026-01-02T15:16:15.968472
1120,9339,Completeness,Missing one or more critical fields,2026-01-02T15:16:15.968472
1121,9343,Completeness,Missing one or more critical fields,2026-01-02T15:16:15.968472
1122,9459,Completeness,Missing one or more critical fields,2026-01-02T15:16:15.968472
1123,9468,Completeness,Missing one or more critical fields,2026-01-02T15:16:15.968472
1124,9472,Completeness,Missing one or more critical fields,2026-01-02T15:16:15.968472
1125,9531,Completeness,Missing one or more critical fields,2026-01-02T15:16:15.968472
1126,9543,Completeness,Missing one or more critical fields,2026-01-02T15:16:15.968472
1127,9544,Completeness,Missing one or more critical fields,2026-01-02T15:16:15.968472
1128,9569,Completeness,Missing one or more critical fields,2026-01-02T15:16:15.968472
1129,9590,Completeness,Missing one or more critical fields,2026-01-02T15:16:15.968472
1130,9606,Completeness,Missing one or more critical fields,2026-01-02T15:16:15.968472
1131,9655,Completeness,Missing one or more critical fields,2026-01-02T15:16:15.968472
1132,9725,Completeness,Missing one or more critical fields,2026-01-02T15:16:15.968472
1133,9730,Completeness,Missing one or more critical fields,2026-01-02T15:16:15.968472
1134,9732,Completeness,Missing one or more critical fields,2026-01-02T15:16:15.968472
1135,9737,Completeness,Missing one or more critical fields,2026-01-02T15:16:15.968472
1136,9742,Completeness,Missing one or more critical fields,2026-01-02T15:16:15.968472
1137,9795,Completeness,Missing one or more critical fields,2026-01-02T15:16:15.968472
1138,9819,Completeness,Missing one or more critical fields,2026-01-02T15:16:15.968472
1139,9839,Completeness,Missing one or more critical fields,2026-01-02T15:16:15.968472
1140,9863,Completeness,Missing one or more critical fields,2026-01-02T15:16:15.968472
1141,9870,Completeness,Missing one or more critical fields,2026-01-02T15:16:15.968472
1142,9875,Completeness,Missing one or more critical fields,2026-01-02T15:16:15.968472
1143,9876,Completeness,Missing one or more critical fields,2026-01-02T15:16:15.968472
1144,9926,Completeness,Missing one or more critical fields,2026-01-02T15:16:15.968472
1145,9933,Completeness,Missing one or more critical fields,2026-01-02T15:16:15.968472
1146,9960,Completeness,Missing one or more critical fields,2026-01-02T15:16:15.968472
1147,9990,Completeness,Missing one or more critical fields,2026-01-02T15:16:15.968472
1148,1,Timeliness,Trade timestamp older than allowed window,2026-01-02T15:15:48.463329
1149,17,Timeliness,Trade timestamp older than allowed window,2026-01-02T15:15:48.463329
1150,100,Timeliness,Trade timestamp older than allowed window,2026-01-02T15:15:48.463329
1151,114,Timeliness,Trade timestamp older than allowed window,2026-01-02T15:15:48.463329
1152,126,Timeliness,Trade timestamp older than allowed window,2026-01-02T15:15:48.463329
1153,139,Timeliness,Trade timestamp older than allowed window,2026-01-02T15:15:48.463329
1154,165,Timeliness,Trade timestamp older than allowed window,2026-01-02T15:15:48.463329
1155,173,Timeliness,Trade timestamp older than allowed window,2026-01-02T15:15:48.463329
1156,230,Timeliness,Trade timestamp older than allowed window,2026-01-02T15:15:48.463329
1157,237,Timeliness,Trade timestamp older than allowed window,2026-01-02T15:15:48.463329
1158,248,Timeliness,Trade timestamp older than allowed window,2026-01-02T15:15:48.463329
1159,377,Timeliness,Trade timestamp older than allowed window,2026-01-02T15:15:48.463329
1160,390,Timeliness,Trade timestamp older than allowed window,2026-01-02T15:15:48.463329
1161,403,Timeliness,Trade timestamp older than allowed window,2026-01-02T15:15:48.463329
1162,420,Timeliness,Trade timestamp older than allowed window,2026-01-02T15:15:48.463329
1163,428,Timeliness,Trade timestamp older than allowed window,2026-01-02T15:15:48.463329
1164,440,Timeliness,Trade timestamp older than allowed window,2026-01-02T15:15:48.463329
1165,458,Timeliness,Trade timestamp older than allowed window,2026-01-02T15:15:48.463329
1166,459,Timeliness,Trade timestamp older than allowed window,2026-01-02T15:15:48.463329
1167,462,Timeliness,Trade timestamp older than allowed window,2026-01-02T15:15:48.463329
1168,477,Timeliness,Trade timestamp older than allowed window,2026-01-02T15:15:48.463329
1169,501,Timeliness,Trade timestamp older than allowed window,2026-01-02T15:15:48.463329
1170,516,Timeliness,Trade timestamp older than allowed window,2026-01-02T15:15:48.463329
1171,529,Timeliness,Trade timestamp older than allowed window,2026-01-02T15:15:48.463329
1172,532,Timeliness,Trade timestamp older than allowed window,2026-01-02T15:15:48.463329
1173,549,Timeliness,Trade timestamp older than allowed window,2026-01-02T15:15:48.463329
1174,569,Timeliness,Trade timestamp older than allowed window,2026-01-02T15:15:48.463329
1175,574,Timeliness,Trade timestamp older than allowed window,2026-01-02T15:15:48.463329
1176,591,Timeliness,Trade timestamp older than allowed window,2026-01-02T15:15:48.463329
1177,662,Timeliness,Trade timestamp older than allowed window,2026-01-02T15:15:48.463329
1178,674,Timeliness,Trade timestamp older than allowed window,2026-01-02T15:15:48.463329
1179,691,Timeliness,Trade timestamp older than allowed window,2026-01-02T15:15:48.463329
1180,694,Timeliness,Trade timestamp older than allowed window,2026-01-02T15:15:48.463329
1181,785,Timeliness,Trade timestamp older than allowed window,2026-01-02T15:15:48.463329
1182,870,Timeliness,Trade timestamp older than allowed window,2026-01-02T15:15:48.463329
1183,1060,Timeliness,Trade timestamp older than allowed window,2026-01-02T15:15:48.463329
1184,1082,Timeliness,Trade timestamp older than allowed window,2026-01-02T15:15:48.463329
1185,1085,Timeliness,Trade timestamp older than allowed window,2026-01-02T15:15:48.463329
1186,1111,Timeliness,Trade timestamp older than allowed window,2026-01-02T15:15:48.463329
1187,1113,Timeliness,Trade timestamp older than allowed window,2026-01-02T15:15:48.463329
1188,1115,Timeliness,Trade timestamp older than allowed window,2026-01-02T15:15:48.463329
1189,1117,Timeliness,Trade timestamp older than allowed window,2026-01-02T15:15:48.463329
1190,1159,Timeliness,Trade timestamp older than allowed window,2026-01-02T15:15:48.463329
1191,1162,Timeliness,Trade timestamp older than allowed window,2026-01-02T15:15:48.463329
1192,1165,Timeliness,Trade timestamp older than allowed window,2026-01-02T15:15:48.463329
1193,1169,Timeliness,Trade timestamp older than allowed window,2026-01-02T15:15:48.463329
1194,1181,Timeliness,Trade timestamp older than allowed window,2026-01-02T15:15:48.463329
1195,1199,Timeliness,Trade timestamp older than allowed window,2026-01-02T15:15:48.463329
1196,1234,Timeliness,Trade timestamp older than allowed window,2026-01-02T15:15:48.463329
1197,1247,Timeliness,Trade timestamp older than allowed window,2026-01-02T15:15:48.463329
1198,1272,Timeliness,Trade timestamp older than allowed window,2026-01-02T15:15:48.463329
1199,1316,Timeliness,Trade timestamp older than allowed window,2026-01-02T15:15:48.463329
1200,1318,Timeliness,Trade timestamp older than allowed window,2026-01-02T15:15:48.463329
1201,1319,Timeliness,Trade timestamp older than allowed window,2026-01-02T15:15:48.463329
1202,1327,Timeliness,Trade timestamp older than allowed window,2026-01-02T15:15:48.463329
1203,1364,Timeliness,Trade timestamp older than allowed window,2026-01-02T15:15:48.463329
1204,1366,Timeliness,Trade timestamp older than allowed window,2026-01-02T15:15:48.463329
1205,1370,Timeliness,Trade timestamp older than allowed window,2026-01-02T15:15:48.463329
1206,1438,Timeliness,Trade timestamp older than allowed window,2026-01-02T15:15:48.463329
1207,1454,Timeliness,Trade timestamp older than allowed window,2026-01-02T15:15:48.463329
1208,1486,Timeliness,Trade timestamp older than allowed window,2026-01-02T15:15:48.463329
1209,1508,Timeliness,Trade timestamp older than allowed window,2026-01-02T15:15:48.463329
1210,1559,Timeliness,Trade timestamp older than allowed window,2026-01-02T15:15:48.463329
1211,1575,Timeliness,Trade timestamp older than allowed window,2026-01-02T15:15:48.463329
1212,1594,Timeliness,Trade timestamp older than allowed window,2026-01-02T15:15:48.463329
1213,1599,Timeliness,Trade timestamp older than allowed window,2026-01-02T15:15:48.463329
1214,1601,Timeliness,Trade timestamp older than allowed window,2026-01-02T15:15:48.463329
1215,1670,Timeliness,Trade timestamp older than allowed window,2026-01-02T15:15:48.463329
1216,1675,Timeliness,Trade timestamp older than allowed window,2026-01-02T15:15:48.463329
1217,1741,Timeliness,Trade timestamp older than allowed window,2026-01-02T15:15:48.463329
1218,1826,Timeliness,Trade timestamp older than allowed window,2026-01-02T15:15:48.463329
1219,1984,Timeliness,Trade timestamp older than allowed window,2026-01-02T15:15:48.463329
1220,2002,Timeliness,Trade timestamp older than allowed window,2026-01-02T15:15:48.463329
1221,2004,Timeliness,Trade timestamp older than allowed window,2026-01-02T15:15:48.463329
1222,2005,Timeliness,Trade timestamp older than allowed window,2026-01-02T15:15:48.463329
1223,2007,Timeliness,Trade timestamp older than allowed window,2026-01-02T15:15:48.463329
1224,2070,Timeliness,Trade timestamp older than allowed window,2026-01-02T15:15:48.463329
1225,2116,Timeliness,Trade timestamp older than allowed window,2026-01-02T15:15:48.463329
1226,2125,Timeliness,Trade timestamp older than allowed window,2026-01-02T15:15:48.463329
1227,2326,Timeliness,Trade timestamp older than allowed window,2026-01-02T15:15:48.463329
1228,2407,Timeliness,Trade timestamp older than allowed window,2026-01-02T15:15:48.463329
1229,2413,Timeliness,Trade timestamp older than allowed window,2026-01-02T15:15:48.463329
1230,2423,Timeliness,Trade timestamp older than allowed window,2026-01-02T15:15:48.463329
1231,2433,Timeliness,Trade timestamp older than allowed window,2026-01-02T15:15:48.463329
1232,2507,Timeliness,Trade timestamp older than allowed window,2026-01-02T15:15:48.463329
1233,2514,Timeliness,Trade timestamp older than allowed window,2026-01-02T15:15:48.463329
1234,2555,Timeliness,Trade timestamp older than allowed window,2026-01-02T15:15:48.463329
1235,2565,Timeliness,Trade timestamp older than allowed window,2026-01-02T15:15:48.463329
1236,2577,Timeliness,Trade timestamp older than allowed window,2026-01-02T15:15:48.463329
1237,2611,Timeliness,Trade timestamp older than allowed window,2026-01-02T15:15:48.463329
1238,2628,Timeliness,Trade timestamp older than allowed window,2026-01-02T15:15:48.463329
1239,2677,Timeliness,Trade timestamp older than allowed window,2026-01-02T15:15:48.463329
1240,2685,Timeliness,Trade timestamp older than allowed window,2026-01-02T15:15:48.463329
1241,2687,Timeliness,Trade timestamp older than allowed window,2026-01-02T15:15:48.463329
1242,2712,Timeliness,Trade timestamp older than allowed window,2026-01-02T15:15:48.463329
1243,2730,Timeliness,Trade timestamp older than allowed window,2026-01-02T15:15:48.463329
1244,2765,Timeliness,Trade timestamp older than allowed window,2026-01-02T15:15:48.463329
1245,2774,Timeliness,Trade timestamp older than allowed window,2026-01-02T15:15:48.463329
1246,2799,Timeliness,Trade timestamp older than allowed window,2026-01-02T15:15:48.463329
1247,2802,Timeliness,Trade timestamp older than allowed window,2026-01-02T15:15:48.463329
1248,2851,Timeliness,Trade timestamp older than allowed window,2026-01-02T15:15:48.463329
1249,2909,Timeliness,Trade timestamp older than allowed window,2026-01-02T15:15:48.463329
1250,2956,Timeliness,Trade timestamp older than allowed window,2026-01-02T15:15:48.463329
1251,3005,Timeliness,Trade timestamp older than allowed window,2026-01-02T15:15:48.463329
1252,3012,Timeliness,Trade timestamp older than allowed window,2026-01-02T15:15:48.463329
1253,3036,Timeliness,Trade timestamp older than allowed window,2026-01-02T15:15:48.463329
1254,3078,Timeliness,Trade timestamp older than allowed window,2026-01-02T15:15:48.463329
1255,3094,Timeliness,Trade timestamp older than allowed window,2026-01-02T15:15:48.463329
1256,3131,Timeliness,Trade timestamp older than allowed window,2026-01-02T15:15:48.463329
1257,3138,Timeliness,Trade timestamp older than allowed window,2026-01-02T15:15:48.463329
1258,3161,Timeliness,Trade timestamp older than allowed window,2026-01-02T15:15:48.463329
1259,3169,Timeliness,Trade timestamp older than allowed window,2026-01-02T15:15:48.463329
1260,3236,Timeliness,Trade timestamp older than allowed window,2026-01-02T15:15:48.463329
1261,3256,Timeliness,Trade timestamp older than allowed window,2026-01-02T15:15:48.463329
1262,3279,Timeliness,Trade timestamp older than allowed window,2026-01-02T15:15:48.463329
1263,3283,Timeliness,Trade timestamp older than allowed window,2026-01-02T15:15:48.463329
1264,3328,Timeliness,Trade timestamp older than allowed window,2026-01-02T15:15:48.463329
1265,3399,Timeliness,Trade timestamp older than allowed window,2026-01-02T15:15:48.463329
1266,3421,Timeliness,Trade timestamp older than allowed window,2026-01-02T15:15:48.463329
1267,3453,Timeliness,Trade timestamp older than allowed window,2026-01-02T15:15:48.463329
1268,3470,Timeliness,Trade timestamp older than allowed window,2026-01-02T15:15:48.463329
1269,3479,Timeliness,Trade timestamp older than allowed window,2026-01-02T15:15:48.463329
1270,3487,Timeliness,Trade timestamp older than allowed window,2026-01-02T15:15:48.463329
1271,3490,Timeliness,Trade timestamp older than allowed window,2026-01-02T15:15:48.463329
1272,3536,Timeliness,Trade timestamp older than allowed window,2026-01-02T15:15:48.463329
1273,3636,Timeliness,Trade timestamp older than allowed window,2026-01-02T15:15:48.463329
1274,3733,Timeliness,Trade timestamp older than allowed window,2026-01-02T15:15:48.463329
1275,3811,Timeliness,Trade timestamp older than allowed window,2026-01-02T15:15:48.463329
1276,3826,Timeliness,Trade timestamp older than allowed window,2026-01-02T15:15:48.463329
1277,3865,Timeliness,Trade timestamp older than allowed window,2026-01-02T15:15:48.463329
1278,3874,Timeliness,Trade timestamp older than allowed window,2026-01-02T15:15:48.463329
1279,3876,Timeliness,Trade timestamp older than allowed window,2026-01-02T15:15:48.463329
1280,3880,Timeliness,Trade timestamp older than allowed window,2026-01-02T15:15:48.463329
1281,3893,Timeliness,Trade timestamp older than allowed window,2026-01-02T15:15:48.463329
1282,3901,Timeliness,Trade timestamp older than allowed window,2026-01-02T15:15:48.463329
1283,3950,Timeliness,Trade timestamp older than allowed window,2026-01-02T15:15:48.463329
1284,3968,Timeliness,Trade timestamp older than allowed window,2026-01-02T15:15:48.463329
1285,3973,Timeliness,Trade timestamp older than allowed window,2026-01-02T15:15:48.463329
1286,3975,Timeliness,Trade timestamp older than allowed window,2026-01-02T15:15:48.463329
1287,3994,Timeliness,Trade timestamp older than allowed window,2026-01-02T15:15:48.463329
1288,4024,Timeliness,Trade timestamp older than allowed window,2026-01-02T15:15:48.463329
1289,4029,Timeliness,Trade timestamp older than allowed window,2026-01-02T15:15:48.463329
1290,4034,Timeliness,Trade timestamp older than allowed window,2026-01-02T15:15:48.463329
1291,4039,Timeliness,Trade timestamp older than allowed window,2026-01-02T15:15:48.463329
1292,4094,Timeliness,Trade timestamp older than allowed window,2026-01-02T15:15:48.463329
1293,4097,Timeliness,Trade timestamp older than allowed window,2026-01-02T15:15:48.463329
1294,4160,Timeliness,Trade timestamp older than allowed window,2026-01-02T15:15:48.463329
1295,4173,Timeliness,Trade timestamp older than allowed window,2026-01-02T15:15:48.463329
1296,4223,Timeliness,Trade timestamp older than allowed window,2026-01-02T15:15:48.463329
1297,4272,Timeliness,Trade timestamp older than allowed window,2026-01-02T15:15:48.463329
1298,4290,Timeliness,Trade timestamp older than allowed window,2026-01-02T15:15:48.463329
1299,4323,Timeliness,Trade timestamp older than allowed window,2026-01-02T15:15:48.463329
1300,4342,Timeliness,Trade timestamp older than allowed window,2026-01-02T15:15:48.463329
1301,4368,Timeliness,Trade timestamp older than allowed window,2026-01-02T15:15:48.463329
1302,4389,Timeliness,Trade timestamp older than allowed window,2026-01-02T15:15:48.463329
1303,4404,Timeliness,Trade timestamp older than allowed window,2026-01-02T15:15:48.463329
1304,4414,Timeliness,Trade timestamp older than allowed window,2026-01-02T15:15:48.463329
1305,4467,Timeliness,Trade timestamp older than allowed window,2026-01-02T15:15:48.463329
1306,4486,Timeliness,Trade timestamp older than allowed window,2026-01-02T15:15:48.463329
1307,4499,Timeliness,Trade timestamp older than allowed window,2026-01-02T15:15:48.463329
1308,4512,Timeliness,Trade timestamp older than allowed window,2026-01-02T15:15:48.463329
1309,4517,Timeliness,Trade timestamp older than allowed window,2026-01-02T15:15:48.463329
1310,4533,Timeliness,Trade timestamp older than allowed window,2026-01-02T15:15:48.463329
1311,4572,Timeliness,Trade timestamp older than allowed window,2026-01-02T15:15:48.463329
1312,4590,Timeliness,Trade timestamp older than allowed window,2026-01-02T15:15:48.463329
1313,4626,Timeliness,Trade timestamp older than allowed window,2026-01-02T15:15:48.463329
1314,4655,Timeliness,Trade timestamp older than allowed window,2026-01-02T15:15:48.463329
1315,4672,Timeliness,Trade timestamp older than allowed window,2026-01-02T15:15:48.463329
1316,4689,Timeliness,Trade timestamp older than allowed window,2026-01-02T15:15:48.463329
1317,4694,Timeliness,Trade timestamp older than allowed window,2026-01-02T15:15:48.463329
1318,4727,Timeliness,Trade timestamp older than allowed window,2026-01-02T15:15:48.463329
1319,4740,Timeliness,Trade timestamp older than allowed window,2026-01-02T15:15:48.463329
1320,4748,Timeliness,Trade timestamp older than allowed window,2026-01-02T15:15:48.463329
1321,4776,Timeliness,Trade timestamp older than allowed window,2026-01-02T15:15:48.463329
1322,4806,Timeliness,Trade timestamp older than allowed window,2026-01-02T15:15:48.463329
1323,4824,Timeliness,Trade timestamp older than allowed window,2026-01-02T15:15:48.463329
1324,4838,Timeliness,Trade timestamp older than allowed window,2026-01-02T15:15:48.463329
1325,4895,Timeliness,Trade timestamp older than allowed window,2026-01-02T15:15:48.463329
1326,4903,Timeliness,Trade timestamp older than allowed window,2026-01-02T15:15:48.463329
1327,4988,Timeliness,Trade timestamp older than allowed window,2026-01-02T15:15:48.463329
1328,4991,Timeliness,Trade timestamp older than allowed window,2026-01-02T15:15:48.463329
1329,4997,Timeliness,Trade timestamp older than allowed window,2026-01-02T15:15:48.463329
1330,5033,Timeliness,Trade timestamp older than allowed window,2026-01-02T15:15:48.463329
1331,5039,Timeliness,Trade timestamp older than allowed window,2026-01-02T15:15:48.463329
1332,5168,Timeliness,Trade timestamp older than allowed window,2026-01-02T15:15:48.463329
1333,5197,Timeliness,Trade timestamp older than allowed window,2026-01-02T15:15:48.463329
1334,5203,Timeliness,Trade timestamp older than allowed window,2026-01-02T15:15:48.463329
1335,5292,Timeliness,Trade timestamp older than allowed window,2026-01-02T15:15:48.463329
1336,5340,Timeliness,Trade timestamp older than allowed window,2026-01-02T15:15:48.463329
1337,5351,Timeliness,Trade timestamp older than allowed window,2026-01-02T15:15:48.463329
1338,5367,Timeliness,Trade timestamp older than allowed window,2026-01-02T15:15:48.463329
1339,5389,Timeliness,Trade timestamp older than allowed window,2026-01-02T15:15:48.463329
1340,5408,Timeliness,Trade timestamp older than allowed window,2026-01-02T15:15:48.463329
1341,5448,Timeliness,Trade timestamp older than allowed window,2026-01-02T15:15:48.463329
1342,5457,Timeliness,Trade timestamp older than allowed window,2026-01-02T15:15:48.463329
1343,5510,Timeliness,Trade timestamp older than allowed window,2026-01-02T15:15:48.463329
1344,5545,Timeliness,Trade timestamp older than allowed window,2026-01-02T15:15:48.463329
1345,5570,Timeliness,Trade timestamp older than allowed window,2026-01-02T15:15:48.463329
1346,5590,Timeliness,Trade timestamp older than allowed window,2026-01-02T15:15:48.463329
1347,5641,Timeliness,Trade timestamp older than allowed window,2026-01-02T15:15:48.463329
1348,5647,Timeliness,Trade timestamp older than allowed window,2026-01-02T15:15:48.463329
1349,5708,Timeliness,Trade timestamp older than allowed window,2026-01-02T15:15:48.463329
1350,5714,Timeliness,Trade timestamp older than allowed window,2026-01-02T15:15:48.463329
1351,5719,Timeliness,Trade timestamp older than allowed window,2026-01-02T15:15:48.463329
1352,5735,Timeliness,Trade timestamp older than allowed window,2026-01-02T15:15:48.463329
1353,5754,Timeliness,Trade timestamp older than allowed window,2026-01-02T15:15:48.463329
1354,5764,Timeliness,Trade timestamp older than allowed window,2026-01-02T15:15:48.463329
1355,5766,Timeliness,Trade timestamp older than allowed window,2026-01-02T15:15:48.463329
1356,5823,Timeliness,Trade timestamp older than allowed window,2026-01-02T15:15:48.463329
1357,5834,Timeliness,Trade timestamp older than allowed window,2026-01-02T15:15:48.463329
1358,5863,Timeliness,Trade timestamp older than allowed window,2026-01-02T15:15:48.463329
1359,5868,Timeliness,Trade timestamp older than allowed window,2026-01-02T15:15:48.463329
1360,5875,Timeliness,Trade timestamp older than allowed window,2026-01-02T15:15:48.463329
1361,5909,Timeliness,Trade timestamp older than allowed window,2026-01-02T15:15:48.463329
1362,6023,Timeliness,Trade timestamp older than allowed window,2026-01-02T15:15:48.463329
1363,6127,Timeliness,Trade timestamp older than allowed window,2026-01-02T15:15:48.463329
1364,6166,Timeliness,Trade timestamp older than allowed window,2026-01-02T15:15:48.463329
1365,6170,Timeliness,Trade timestamp older than allowed window,2026-01-02T15:15:48.463329
1366,6172,Timeliness,Trade timestamp older than allowed window,2026-01-02T15:15:48.463329
1367,6174,Timeliness,Trade timestamp older than allowed window,2026-01-02T15:15:48.463329
1368,6188,Timeliness,Trade timestamp older than allowed window,2026-01-02T15:15:48.463329
1369,6208,Timeliness,Trade timestamp older than allowed window,2026-01-02T15:15:48.463329
1370,6267,Timeliness,Trade timestamp older than allowed window,2026-01-02T15:15:48.463329
1371,6271,Timeliness,Trade timestamp older than allowed window,2026-01-02T15:15:48.463329
1372,6274,Timeliness,Trade timestamp older than allowed window,2026-01-02T15:15:48.463329
1373,6294,Timeliness,Trade timestamp older than allowed window,2026-01-02T15:15:48.463329
1374,6297,Timeliness,Trade timestamp older than allowed window,2026-01-02T15:15:48.463329
1375,6301,Timeliness,Trade timestamp older than allowed window,2026-01-02T15:15:48.463329
1376,6329,Timeliness,Trade timestamp older than allowed window,2026-01-02T15:15:48.463329
1377,6333,Timeliness,Trade timestamp older than allowed window,2026-01-02T15:15:48.463329
1378,6339,Timeliness,Trade timestamp older than allowed window,2026-01-02T15:15:48.463329
1379,6361,Timeliness,Trade timestamp older than allowed window,2026-01-02T15:15:48.463329
1380,6495,Timeliness,Trade timestamp older than allowed window,2026-01-02T15:15:48.463329
1381,6515,Timeliness,Trade timestamp older than allowed window,2026-01-02T15:15:48.463329
1382,6548,Timeliness,Trade timestamp older than allowed window,2026-01-02T15:15:48.463329
1383,6549,Timeliness,Trade timestamp older than allowed window,2026-01-02T15:15:48.463329
1384,6575,Timeliness,Trade timestamp older than allowed window,2026-01-02T15:15:48.463329
1385,6580,Timeliness,Trade timestamp older than allowed window,2026-01-02T15:15:48.463329
1386,6598,Timeliness,Trade timestamp older than allowed window,2026-01-02T15:15:48.463329
1387,6617,Timeliness,Trade timestamp older than allowed window,2026-01-02T15:15:48.463329
1388,6620,Timeliness,Trade timestamp older than allowed window,2026-01-02T15:15:48.463329
1389,6691,Timeliness,Trade timestamp older than allowed window,2026-01-02T15:15:48.463329
1390,6715,Timeliness,Trade timestamp older than allowed window,2026-01-02T15:15:48.463329
1391,6739,Timeliness,Trade timestamp older than allowed window,2026-01-02T15:15:48.463329
1392,6751,Timeliness,Trade timestamp older than allowed window,2026-01-02T15:15:48.463329
1393,6768,Timeliness,Trade timestamp older than allowed window,2026-01-02T15:15:48.463329
1394,6830,Timeliness,Trade timestamp older than allowed window,2026-01-02T15:15:48.463329
1395,6925,Timeliness,Trade timestamp older than allowed window,2026-01-02T15:15:48.463329
1396,6965,Timeliness,Trade timestamp older than allowed window,2026-01-02T15:15:48.463329
1397,7030,Timeliness,Trade timestamp older than allowed window,2026-01-02T15:15:48.463329
1398,7085,Timeliness,Trade timestamp older than allowed window,2026-01-02T15:15:48.463329
1399,7088,Timeliness,Trade timestamp older than allowed window,2026-01-02T15:15:48.463329
1400,7124,Timeliness,Trade timestamp older than allowed window,2026-01-02T15:15:48.463329
1401,7133,Timeliness,Trade timestamp older than allowed window,2026-01-02T15:15:48.463329
1402,7159,Timeliness,Trade timestamp older than allowed window,2026-01-02T15:15:48.463329
1403,7173,Timeliness,Trade timestamp older than allowed window,2026-01-02T15:15:48.463329
1404,7176,Timeliness,Trade timestamp older than allowed window,2026-01-02T15:15:48.463329
1405,7195,Timeliness,Trade timestamp older than allowed window,2026-01-02T15:15:48.463329
1406,7242,Timeliness,Trade timestamp older than allowed window,2026-01-02T15:15:48.463329
1407,7250,Timeliness,Trade timestamp older than allowed window,2026-01-02T15:15:48.463329
1408,7255,Timeliness,Trade timestamp older than allowed window,2026-01-02T15:15:48.463329
1409,7263,Timeliness,Trade timestamp older than allowed window,2026-01-02T15:15:48.463329
1410,7290,Timeliness,Trade timestamp older than allowed window,2026-01-02T15:15:48.463329
1411,7317,Timeliness,Trade timestamp older than allowed window,2026-01-02T15:15:48.463329
1412,7321,Timeliness,Trade timestamp older than allowed window,2026-01-02T15:15:48.463329
1413,7335,Timeliness,Trade timestamp older than allowed window,2026-01-02T15:15:48.463329
1414,7368,Timeliness,Trade timestamp older than allowed window,2026-01-02T15:15:48.463329
1415,7379,Timeliness,Trade timestamp older than allowed window,2026-01-02T15:15:48.463329
1416,7433,Timeliness,Trade timestamp older than allowed window,2026-01-02T15:15:48.463329
1417,7463,Timeliness,Trade timestamp older than allowed window,2026-01-02T15:15:48.463329
1418,7508,Timeliness,Trade timestamp older than allowed window,2026-01-02T15:15:48.463329
1419,7521,Timeliness,Trade timestamp older than allowed window,2026-01-02T15:15:48.463329
1420,7526,Timeliness,Trade timestamp older than allowed window,2026-01-02T15:15:48.463329
1421,7528,Timeliness,Trade timestamp older than allowed window,2026-01-02T15:15:48.463329
1422,7557,Timeliness,Trade timestamp older than allowed window,2026-01-02T15:15:48.463329
1423,7584,Timeliness,Trade timestamp older than allowed window,2026-01-02T15:15:48.463329
1424,7593,Timeliness,Trade timestamp older than allowed window,2026-01-02T15:15:48.463329
1425,7608,Timeliness,Trade timestamp older than allowed window,2026-01-02T15:15:48.463329
1426,7652,Timeliness,Trade timestamp older than allowed window,2026-01-02T15:15:48.463329
1427,7674,Timeliness,Trade timestamp older than allowed window,2026-01-02T15:15:48.463329
1428,7689,Timeliness,Trade timestamp older than allowed window,2026-01-02T15:15:48.463329
1429,7695,Timeliness,Trade timestamp older than allowed window,2026-01-02T15:15:48.463329
1430,7702,Timeliness,Trade timestamp older than allowed window,2026-01-02T15:15:48.463329
1431,7704,Timeliness,Trade timestamp older than allowed window,2026-01-02T15:15:48.463329
1432,7751,Timeliness,Trade timestamp older than allowed window,2026-01-02T15:15:48.463329
1433,7784,Timeliness,Trade timestamp older than allowed window,2026-01-02T15:15:48.463329
1434,7787,Timeliness,Trade timestamp older than allowed window,2026-01-02T15:15:48.463329
1435,7803,Timeliness,Trade timestamp older than allowed window,2026-01-02T15:15:48.463329
1436,7822,Timeliness,Trade timestamp older than allowed window,2026-01-02T15:15:48.463329
1437,7826,Timeliness,Trade timestamp older than allowed window,2026-01-02T15:15:48.463329
1438,7857,Timeliness,Trade timestamp older than allowed window,2026-01-02T15:15:48.463329
1439,7863,Timeliness,Trade timestamp older than allowed window,2026-01-02T15:15:48.463329
1440,7871,Timeliness,Trade timestamp older than allowed window,2026-01-02T15:15:48.463329
1441,7874,Timeliness,Trade timestamp older than allowed window,2026-01-02T15:15:48.463329
1442,7927,Timeliness,Trade timestamp older than allowed window,2026-01-02T15:15:48.463329
1443,7935,Timeliness,Trade timestamp older than allowed window,2026-01-02T15:15:48.463329
1444,7955,Timeliness,Trade timestamp older than allowed window,2026-01-02T15:15:48.463329
1445,7972,Timeliness,Trade timestamp older than allowed window,2026-01-02T15:15:48.463329
1446,8054,Timeliness,Trade timestamp older than allowed window,2026-01-02T15:15:48.463329
1447,8070,Timeliness,Trade timestamp older than allowed window,2026-01-02T15:15:48.463329
1448,8084,Timeliness,Trade timestamp older than allowed window,2026-01-02T15:15:48.463329
1449,8133,Timeliness,Trade timestamp older than allowed window,2026-01-02T15:15:48.463329
1450,8145,Timeliness,Trade timestamp older than allowed window,2026-01-02T15:15:48.463329
1451,8160,Timeliness,Trade timestamp older than allowed window,2026-01-02T15:15:48.463329
1452,8221,Timeliness,Trade timestamp older than allowed window,2026-01-02T15:15:48.463329
1453,8236,Timeliness,Trade timestamp older than allowed window,2026-01-02T15:15:48.463329
1454,8258,Timeliness,Trade timestamp older than allowed window,2026-01-02T15:15:48.463329
1455,8273,Timeliness,Trade timestamp older than allowed window,2026-01-02T15:15:48.463329
1456,8274,Timeliness,Trade timestamp older than allowed window,2026-01-02T15:15:48.463329
1457,8276,Timeliness,Trade timestamp older than allowed window,2026-01-02T15:15:48.463329
1458,8299,Timeliness,Trade timestamp older than allowed window,2026-01-02T15:15:48.463329
1459,8308,Timeliness,Trade timestamp older than allowed window,2026-01-02T15:15:48.463329
1460,8319,Timeliness,Trade timestamp older than allowed window,2026-01-02T15:15:48.463329
1461,8340,Timeliness,Trade timestamp older than allowed window,2026-01-02T15:15:48.463329
1462,8368,Timeliness,Trade timestamp older than allowed window,2026-01-02T15:15:48.463329
1463,8439,Timeliness,Trade timestamp older than allowed window,2026-01-02T15:15:48.463329
1464,8446,Timeliness,Trade timestamp older than allowed window,2026-01-02T15:15:48.463329
1465,8449,Timeliness,Trade timestamp older than allowed window,2026-01-02T15:15:48.463329
1466,8537,Timeliness,Trade timestamp older than allowed window,2026-01-02T15:15:48.463329
1467,8570,Timeliness,Trade timestamp older than allowed window,2026-01-02T15:15:48.463329
1468,8620,Timeliness,Trade timestamp older than allowed window,2026-01-02T15:15:48.463329
1469,8624,Timeliness,Trade timestamp older than allowed window,2026-01-02T15:15:48.463329
1470,8631,Timeliness,Trade timestamp older than allowed window,2026-01-02T15:15:48.463329
1471,8661,Timeliness,Trade timestamp older than allowed window,2026-01-02T15:15:48.463329
1472,8662,Timeliness,Trade timestamp older than allowed window,2026-01-02T15:15:48.463329
1473,8729,Timeliness,Trade timestamp older than allowed window,2026-01-02T15:15:48.463329
1474,8735,Timeliness,Trade timestamp older than allowed window,2026-01-02T15:15:48.463329
1475,8782,Timeliness,Trade timestamp older than allowed window,2026-01-02T15:15:48.463329
1476,8804,Timeliness,Trade timestamp older than allowed window,2026-01-02T15:15:48.463329
1477,8818,Timeliness,Trade timestamp older than allowed window,2026-01-02T15:15:48.463329
1478,8900,Timeliness,Trade timestamp older than allowed window,2026-01-02T15:15:48.463329
1479,8903,Timeliness,Trade timestamp older than allowed window,2026-01-02T15:15:48.463329
1480,8929,Timeliness,Trade timestamp older than allowed window,2026-01-02T15:15:48.463329
1481,9003,Timeliness,Trade timestamp older than allowed window,2026-01-02T15:15:48.463329
1482,9023,Timeliness,Trade timestamp older than allowed window,2026-01-02T15:15:48.463329
1483,9038,Timeliness,Trade timestamp older than allowed window,2026-01-02T15:15:48.463329
1484,9051,Timeliness,Trade timestamp older than allowed window,2026-01-02T15:15:48.463329
1485,9088,Timeliness,Trade timestamp older than allowed window,2026-01-02T15:15:48.463329
1486,9100,Timeliness,Trade timestamp older than allowed window,2026-01-02T15:15:48.463329
1487,9104,Timeliness,Trade timestamp older than allowed window,2026-01-02T15:15:48.463329
1488,9229,Timeliness,Trade timestamp older than allowed window,2026-01-02T15:15:48.463329
1489,9236,Timeliness,Trade timestamp older than allowed window,2026-01-02T15:15:48.463329
1490,9240,Timeliness,Trade timestamp older than allowed window,2026-01-02T15:15:48.463329
1491,9250,Timeliness,Trade timestamp older than allowed window,2026-01-02T15:15:48.463329
1492,9258,Timeliness,Trade timestamp older than allowed window,2026-01-02T15:15:48.463329
1493,9294,Timeliness,Trade timestamp older than allowed window,2026-01-02T15:15:48.463329
1494,9298,Timeliness,Trade timestamp older than allowed window,2026-01-02T15:15:48.463329
1495,9325,Timeliness,Trade timestamp older than allowed window,2026-01-02T15:15:48.463329
1496,9343,Timeliness,Trade timestamp older than allowed window,2026-01-02T15:15:48.463329
1497,9409,Timeliness,Trade timestamp older than allowed window,2026-01-02T15:15:48.463329
1498,9422,Timeliness,Trade timestamp older than allowed window,2026-01-02T15:15:48.463329
1499,9435,Timeliness,Trade timestamp older than allowed window,2026-01-02T15:15:48.463329
1500,9454,Timeliness,Trade timestamp older than allowed window,2026-01-02T15:15:48.463329
1501,9480,Timeliness,Trade timestamp older than allowed window,2026-01-02T15:15:48.463329
1502,9487,Timeliness,Trade timestamp older than allowed window,2026-01-02T15:15:48.463329
1503,9488,Timeliness,Trade timestamp older than allowed window,2026-01-02T15:15:48.463329
1504,9581,Timeliness,Trade timestamp older than allowed window,2026-01-02T15:15:48.463329
1505,9598,Timeliness,Trade timestamp older than allowed window,2026-01-02T15:15:48.463329
1506,9702,Timeliness,Trade timestamp older than allowed window,2026-01-02T15:15:48.463329
1507,9707,Timeliness,Trade timestamp older than allowed window,2026-01-02T15:15:48.463329
1508,9724,Timeliness,Trade timestamp older than allowed window,2026-01-02T15:15:48.463329
1509,9738,Timeliness,Trade timestamp older than allowed window,2026-01-02T15:15:48.463329
1510,9855,Timeliness,Trade timestamp older than allowed window,2026-01-02T15:15:48.463329
1511,9914,Timeliness,Trade timestamp older than allowed window,2026-01-02T15:15:48.463329
1512,9942,Timeliness,Trade timestamp older than allowed window,2026-01-02T15:15:48.463329
1513,9979,Timeliness,Trade timestamp older than allowed window,2026-01-02T15:15:48.463329
1514,18,Accuracy,Price or Quantity is non-positive,2026-01-02T15:15:48.433534
1515,79,Accuracy,Price or Quantity is non-positive,2026-01-02T15:15:48.433534
1516,80,Accuracy,Price or Quantity is non-positive,2026-01-02T15:15:48.433534
1517,84,Accuracy,Price or Quantity is non-positive,2026-01-02T15:15:48.433534
1518,85,Accuracy,Price or Quantity is non-positive,2026-01-02T15:15:48.433534
1519,89,Accuracy,Price or Quantity is non-positive,2026-01-02T15:15:48.433534
1520,90,Accuracy,Price or Quantity is non-positive,2026-01-02T15:15:48.433534
1521,129,Accuracy,Price or Quantity is non-positive,2026-01-02T15:15:48.433534
1522,142,Accuracy,Price or Quantity is non-positive,2026-01-02T15:15:48.433534
1523,165,Accuracy,Price or Quantity is non-positive,2026-01-02T15:15:48.433534
1524,197,Accuracy,Price or Quantity is non-positive,2026-01-02T15:15:48.433534
1525,231,Accuracy,Price or Quantity is non-positive,2026-01-02T15:15:48.433534
1526,255,Accuracy,Price or Quantity is non-positive,2026-01-02T15:15:48.433534
1527,272,Accuracy,Price or Quantity is non-positive,2026-01-02T15:15:48.433534
1528,274,Accuracy,Price or Quantity is non-positive,2026-01-02T15:15:48.433534
1529,286,Accuracy,Price or Quantity is non-positive,2026-01-02T15:15:48.433534
1530,306,Accuracy,Price or Quantity is non-positive,2026-01-02T15:15:48.433534
1531,346,Accuracy,Price or Quantity is non-positive,2026-01-02T15:15:48.433534
1532,419,Accuracy,Price or Quantity is non-positive,2026-01-02T15:15:48.433534
1533,495,Accuracy,Price or Quantity is non-positive,2026-01-02T15:15:48.433534
1534,508,Accuracy,Price or Quantity is non-positive,2026-01-02T15:15:48.433534
1535,536,Accuracy,Price or Quantity is non-positive,2026-01-02T15:15:48.433534
1536,577,Accuracy,Price or Quantity is non-positive,2026-01-02T15:15:48.433534
1537,583,Accuracy,Price or Quantity is non-positive,2026-01-02T15:15:48.433534
1538,589,Accuracy,Price or Quantity is non-positive,2026-01-02T15:15:48.433534
1539,629,Accuracy,Price or Quantity is non-positive,2026-01-02T15:15:48.433534
1540,664,Accuracy,Price or Quantity is non-positive,2026-01-02T15:15:48.433534
1541,680,Accuracy,Price or Quantity is non-positive,2026-01-02T15:15:48.433534
1542,681,Accuracy,Price or Quantity is non-positive,2026-01-02T15:15:48.433534
1543,704,Accuracy,Price or Quantity is non-positive,2026-01-02T15:15:48.433534
1544,723,Accuracy,Price or Quantity is non-positive,2026-01-02T15:15:48.433534
1545,730,Accuracy,Price or Quantity is non-positive,2026-01-02T15:15:48.433534
1546,754,Accuracy,Price or Quantity is non-positive,2026-01-02T15:15:48.433534
1547,794,Accuracy,Price or Quantity is non-positive,2026-01-02T15:15:48.433534
1548,844,Accuracy,Price or Quantity is non-positive,2026-01-02T15:15:48.433534
1549,846,Accuracy,Price or Quantity is non-positive,2026-01-02T15:15:48.433534
1550,847,Accuracy,Price or Quantity is non-positive,2026-01-02T15:15:48.433534
1551,880,Accuracy,Price or Quantity is non-positive,2026-01-02T15:15:48.433534
1552,885,Accuracy,Price or Quantity is non-positive,2026-01-02T15:15:48.433534
1553,891,Accuracy,Price or Quantity is non-positive,2026-01-02T15:15:48.433534
1554,907,Accuracy,Price or Quantity is non-positive,2026-01-02T15:15:48.433534
1555,909,Accuracy,Price or Quantity is non-positive,2026-01-02T15:15:48.433534
1556,911,Accuracy,Price or Quantity is non-positive,2026-01-02T15:15:48.433534
1557,935,Accuracy,Price or Quantity is non-positive,2026-01-02T15:15:48.433534
1558,993,Accuracy,Price or Quantity is non-positive,2026-01-02T15:15:48.433534
1559,998,Accuracy,Price or Quantity is non-positive,2026-01-02T15:15:48.433534
1560,1003,Accuracy,Price or Quantity is non-positive,2026-01-02T15:15:48.433534
1561,1032,Accuracy,Price or Quantity is non-positive,2026-01-02T15:15:48.433534
1562,1038,Accuracy,Price or Quantity is non-positive,2026-01-02T15:15:48.433534
1563,1056,Accuracy,Price or Quantity is non-positive,2026-01-02T15:15:48.433534
1564,1073,Accuracy,Price or Quantity is non-positive,2026-01-02T15:15:48.433534
1565,1079,Accuracy,Price or Quantity is non-positive,2026-01-02T15:15:48.433534
1566,1088,Accuracy,Price or Quantity is non-positive,2026-01-02T15:15:48.433534
1567,1151,Accuracy,Price or Quantity is non-positive,2026-01-02T15:15:48.433534
1568,1152,Accuracy,Price or Quantity is non-positive,2026-01-02T15:15:48.433534
1569,1155,Accuracy,Price or Quantity is non-positive,2026-01-02T15:15:48.433534
1570,1160,Accuracy,Price or Quantity is non-positive,2026-01-02T15:15:48.433534
1571,1172,Accuracy,Price or Quantity is non-positive,2026-01-02T15:15:48.433534
1572,1181,Accuracy,Price or Quantity is non-positive,2026-01-02T15:15:48.433534
1573,1205,Accuracy,Price or Quantity is non-positive,2026-01-02T15:15:48.433534
1574,1209,Accuracy,Price or Quantity is non-positive,2026-01-02T15:15:48.433534
1575,1221,Accuracy,Price or Quantity is non-positive,2026-01-02T15:15:48.433534
1576,1248,Accuracy,Price or Quantity is non-positive,2026-01-02T15:15:48.433534
1577,1264,Accuracy,Price or Quantity is non-positive,2026-01-02T15:15:48.433534
1578,1267,Accuracy,Price or Quantity is non-positive,2026-01-02T15:15:48.433534
1579,1282,Accuracy,Price or Quantity is non-positive,2026-01-02T15:15:48.433534
1580,1296,Accuracy,Price or Quantity is non-positive,2026-01-02T15:15:48.433534
1581,1326,Accuracy,Price or Quantity is non-positive,2026-01-02T15:15:48.433534
1582,1331,Accuracy,Price or Quantity is non-positive,2026-01-02T15:15:48.433534
1583,1365,Accuracy,Price or Quantity is non-positive,2026-01-02T15:15:48.433534
1584,1391,Accuracy,Price or Quantity is non-positive,2026-01-02T15:15:48.433534
1585,1405,Accuracy,Price or Quantity is non-positive,2026-01-02T15:15:48.433534
1586,1415,Accuracy,Price or Quantity is non-positive,2026-01-02T15:15:48.433534
1587,1448,Accuracy,Price or Quantity is non-positive,2026-01-02T15:15:48.433534
1588,1478,Accuracy,Price or Quantity is non-positive,2026-01-02T15:15:48.433534
1589,1525,Accuracy,Price or Quantity is non-positive,2026-01-02T15:15:48.433534
1590,1526,Accuracy,Price or Quantity is non-positive,2026-01-02T15:15:48.433534
1591,1571,Accuracy,Price or Quantity is non-positive,2026-01-02T15:15:48.433534
1592,1577,Accuracy,Price or Quantity is non-positive,2026-01-02T15:15:48.433534
1593,1609,Accuracy,Price or Quantity is non-positive,2026-01-02T15:15:48.433534
1594,1665,Accuracy,Price or Quantity is non-positive,2026-01-02T15:15:48.433534
1595,1680,Accuracy,Price or Quantity is non-positive,2026-01-02T15:15:48.433534
1596,1737,Accuracy,Price or Quantity is non-positive,2026-01-02T15:15:48.433534
1597,1783,Accuracy,Price or Quantity is non-positive,2026-01-02T15:15:48.433534
1598,1809,Accuracy,Price or Quantity is non-positive,2026-01-02T15:15:48.433534
1599,1812,Accuracy,Price or Quantity is non-positive,2026-01-02T15:15:48.433534
1600,1825,Accuracy,Price or Quantity is non-positive,2026-01-02T15:15:48.433534
1601,1829,Accuracy,Price or Quantity is non-positive,2026-01-02T15:15:48.433534
1602,1887,Accuracy,Price or Quantity is non-positive,2026-01-02T15:15:48.433534
1603,1892,Accuracy,Price or Quantity is non-positive,2026-01-02T15:15:48.433534
1604,1929,Accuracy,Price or Quantity is non-positive,2026-01-02T15:15:48.433534
1605,1941,Accuracy,Price or Quantity is non-positive,2026-01-02T15:15:48.433534
1606,1985,Accuracy,Price or Quantity is non-positive,2026-01-02T15:15:48.433534
1607,1991,Accuracy,Price or Quantity is non-positive,2026-01-02T15:15:48.433534
1608,2004,Accuracy,Price or Quantity is non-positive,2026-01-02T15:15:48.433534
1609,2019,Accuracy,Price or Quantity is non-positive,2026-01-02T15:15:48.433534
1610,2030,Accuracy,Price or Quantity is non-positive,2026-01-02T15:15:48.433534
1611,2034,Accuracy,Price or Quantity is non-positive,2026-01-02T15:15:48.433534
1612,2037,Accuracy,Price or Quantity is non-positive,2026-01-02T15:15:48.433534
1613,2039,Accuracy,Price or Quantity is non-positive,2026-01-02T15:15:48.433534
1614,2046,Accuracy,Price or Quantity is non-positive,2026-01-02T15:15:48.433534
1615,2049,Accuracy,Price or Quantity is non-positive,2026-01-02T15:15:48.433534
1616,2081,Accuracy,Price or Quantity is non-positive,2026-01-02T15:15:48.433534
1617,2084,Accuracy,Price or Quantity is non-positive,2026-01-02T15:15:48.433534
1618,2131,Accuracy,Price or Quantity is non-positive,2026-01-02T15:15:48.433534
1619,2155,Accuracy,Price or Quantity is non-positive,2026-01-02T15:15:48.433534
1620,2284,Accuracy,Price or Quantity is non-positive,2026-01-02T15:15:48.433534
1621,2308,Accuracy,Price or Quantity is non-positive,2026-01-02T15:15:48.433534
1622,2309,Accuracy,Price or Quantity is non-positive,2026-01-02T15:15:48.433534
1623,2332,Accuracy,Price or Quantity is non-positive,2026-01-02T15:15:48.433534
1624,2344,Accuracy,Price or Quantity is non-positive,2026-01-02T15:15:48.433534
1625,2352,Accuracy,Price or Quantity is non-positive,2026-01-02T15:15:48.433534
1626,2393,Accuracy,Price or Quantity is non-positive,2026-01-02T15:15:48.433534
1627,2407,Accuracy,Price or Quantity is non-positive,2026-01-02T15:15:48.433534
1628,2447,Accuracy,Price or Quantity is non-positive,2026-01-02T15:15:48.433534
1629,2448,Accuracy,Price or Quantity is non-positive,2026-01-02T15:15:48.433534
1630,2453,Accuracy,Price or Quantity is non-positive,2026-01-02T15:15:48.433534
1631,2455,Accuracy,Price or Quantity is non-positive,2026-01-02T15:15:48.433534
1632,2479,Accuracy,Price or Quantity is non-positive,2026-01-02T15:15:48.433534
1633,2486,Accuracy,Price or Quantity is non-positive,2026-01-02T15:15:48.433534
1634,2509,Accuracy,Price or Quantity is non-positive,2026-01-02T15:15:48.433534
1635,2548,Accuracy,Price or Quantity is non-positive,2026-01-02T15:15:48.433534
1636,2577,Accuracy,Price or Quantity is non-positive,2026-01-02T15:15:48.433534
1637,2589,Accuracy,Price or Quantity is non-positive,2026-01-02T15:15:48.433534
1638,2603,Accuracy,Price or Quantity is non-positive,2026-01-02T15:15:48.433534
1639,2619,Accuracy,Price or Quantity is non-positive,2026-01-02T15:15:48.433534
1640,2685,Accuracy,Price or Quantity is non-positive,2026-01-02T15:15:48.433534
1641,2838,Accuracy,Price or Quantity is non-positive,2026-01-02T15:15:48.433534
1642,2886,Accuracy,Price or Quantity is non-positive,2026-01-02T15:15:48.433534
1643,2892,Accuracy,Price or Quantity is non-positive,2026-01-02T15:15:48.433534
1644,2894,Accuracy,Price or Quantity is non-positive,2026-01-02T15:15:48.433534
1645,2895,Accuracy,Price or Quantity is non-positive,2026-01-02T15:15:48.433534
1646,2905,Accuracy,Price or Quantity is non-positive,2026-01-02T15:15:48.433534
1647,2916,Accuracy,Price or Quantity is non-positive,2026-01-02T15:15:48.433534
1648,2922,Accuracy,Price or Quantity is non-positive,2026-01-02T15:15:48.433534
1649,2924,Accuracy,Price or Quantity is non-positive,2026-01-02T15:15:48.433534
1650,2972,Accuracy,Price or Quantity is non-positive,2026-01-02T15:15:48.433534
1651,2991,Accuracy,Price or Quantity is non-positive,2026-01-02T15:15:48.433534
1652,3022,Accuracy,Price or Quantity is non-positive,2026-01-02T15:15:48.433534
1653,3032,Accuracy,Price or Quantity is non-positive,2026-01-02T15:15:48.433534
1654,3041,Accuracy,Price or Quantity is non-positive,2026-01-02T15:15:48.433534
1655,3044,Accuracy,Price or Quantity is non-positive,2026-01-02T15:15:48.433534
1656,3082,Accuracy,Price or Quantity is non-positive,2026-01-02T15:15:48.433534
1657,3119,Accuracy,Price or Quantity is non-positive,2026-01-02T15:15:48.433534
1658,3139,Accuracy,Price or Quantity is non-positive,2026-01-02T15:15:48.433534
1659,3181,Accuracy,Price or Quantity is non-positive,2026-01-02T15:15:48.433534
1660,3184,Accuracy,Price or Quantity is non-positive,2026-01-02T15:15:48.433534
1661,3193,Accuracy,Price or Quantity is non-positive,2026-01-02T15:15:48.433534
1662,3209,Accuracy,Price or Quantity is non-positive,2026-01-02T15:15:48.433534
1663,3249,Accuracy,Price or Quantity is non-positive,2026-01-02T15:15:48.433534
1664,3256,Accuracy,Price or Quantity is non-positive,2026-01-02T15:15:48.433534
1665,3274,Accuracy,Price or Quantity is non-positive,2026-01-02T15:15:48.433534
1666,3285,Accuracy,Price or Quantity is non-positive,2026-01-02T15:15:48.433534
1667,3308,Accuracy,Price or Quantity is non-positive,2026-01-02T15:15:48.433534
1668,3321,Accuracy,Price or Quantity is non-positive,2026-01-02T15:15:48.433534
1669,3334,Accuracy,Price or Quantity is non-positive,2026-01-02T15:15:48.433534
1670,3375,Accuracy,Price or Quantity is non-positive,2026-01-02T15:15:48.433534
1671,3400,Accuracy,Price or Quantity is non-positive,2026-01-02T15:15:48.433534
1672,3412,Accuracy,Price or Quantity is non-positive,2026-01-02T15:15:48.433534
1673,3454,Accuracy,Price or Quantity is non-positive,2026-01-02T15:15:48.433534
1674,3467,Accuracy,Price or Quantity is non-positive,2026-01-02T15:15:48.433534
1675,3469,Accuracy,Price or Quantity is non-positive,2026-01-02T15:15:48.433534
1676,3514,Accuracy,Price or Quantity is non-positive,2026-01-02T15:15:48.433534
1677,3546,Accuracy,Price or Quantity is non-positive,2026-01-02T15:15:48.433534
1678,3547,Accuracy,Price or Quantity is non-positive,2026-01-02T15:15:48.433534
1679,3560,Accuracy,Price or Quantity is non-positive,2026-01-02T15:15:48.433534
1680,3572,Accuracy,Price or Quantity is non-positive,2026-01-02T15:15:48.433534
1681,3580,Accuracy,Price or Quantity is non-positive,2026-01-02T15:15:48.433534
1682,3628,Accuracy,Price or Quantity is non-positive,2026-01-02T15:15:48.433534
1683,3644,Accuracy,Price or Quantity is non-positive,2026-01-02T15:15:48.433534
1684,3688,Accuracy,Price or Quantity is non-positive,2026-01-02T15:15:48.433534
1685,3700,Accuracy,Price or Quantity is non-positive,2026-01-02T15:15:48.433534
1686,3716,Accuracy,Price or Quantity is non-positive,2026-01-02T15:15:48.433534
1687,3766,Accuracy,Price or Quantity is non-positive,2026-01-02T15:15:48.433534
1688,3804,Accuracy,Price or Quantity is non-positive,2026-01-02T15:15:48.433534
1689,3820,Accuracy,Price or Quantity is non-positive,2026-01-02T15:15:48.433534
1690,3832,Accuracy,Price or Quantity is non-positive,2026-01-02T15:15:48.433534
1691,3856,Accuracy,Price or Quantity is non-positive,2026-01-02T15:15:48.433534
1692,3889,Accuracy,Price or Quantity is non-positive,2026-01-02T15:15:48.433534
1693,3905,Accuracy,Price or Quantity is non-positive,2026-01-02T15:15:48.433534
1694,3972,Accuracy,Price or Quantity is non-positive,2026-01-02T15:15:48.433534
1695,3973,Accuracy,Price or Quantity is non-positive,2026-01-02T15:15:48.433534
1696,4033,Accuracy,Price or Quantity is non-positive,2026-01-02T15:15:48.433534
1697,4053,Accuracy,Price or Quantity is non-positive,2026-01-02T15:15:48.433534
1698,4099,Accuracy,Price or Quantity is non-positive,2026-01-02T15:15:48.433534
1699,4128,Accuracy,Price or Quantity is non-positive,2026-01-02T15:15:48.433534
1700,4129,Accuracy,Price or Quantity is non-positive,2026-01-02T15:15:48.433534
1701,4139,Accuracy,Price or Quantity is non-positive,2026-01-02T15:15:48.433534
1702,4150,Accuracy,Price or Quantity is non-positive,2026-01-02T15:15:48.433534
1703,4152,Accuracy,Price or Quantity is non-positive,2026-01-02T15:15:48.433534
1704,4158,Accuracy,Price or Quantity is non-positive,2026-01-02T15:15:48.433534
1705,4181,Accuracy,Price or Quantity is non-positive,2026-01-02T15:15:48.433534
1706,4186,Accuracy,Price or Quantity is non-positive,2026-01-02T15:15:48.433534
1707,4187,Accuracy,Price or Quantity is non-positive,2026-01-02T15:15:48.433534
1708,4212,Accuracy,Price or Quantity is non-positive,2026-01-02T15:15:48.433534
1709,4233,Accuracy,Price or Quantity is non-positive,2026-01-02T15:15:48.433534
1710,4263,Accuracy,Price or Quantity is non-positive,2026-01-02T15:15:48.433534
1711,4269,Accuracy,Price or Quantity is non-positive,2026-01-02T15:15:48.433534
1712,4310,Accuracy,Price or Quantity is non-positive,2026-01-02T15:15:48.433534
1713,4312,Accuracy,Price or Quantity is non-positive,2026-01-02T15:15:48.433534
1714,4318,Accuracy,Price or Quantity is non-positive,2026-01-02T15:15:48.433534
1715,4329,Accuracy,Price or Quantity is non-positive,2026-01-02T15:15:48.433534
1716,4339,Accuracy,Price or Quantity is non-positive,2026-01-02T15:15:48.433534
1717,4373,Accuracy,Price or Quantity is non-positive,2026-01-02T15:15:48.433534
1718,4385,Accuracy,Price or Quantity is non-positive,2026-01-02T15:15:48.433534
1719,4386,Accuracy,Price or Quantity is non-positive,2026-01-02T15:15:48.433534
1720,4393,Accuracy,Price or Quantity is non-positive,2026-01-02T15:15:48.433534
1721,4408,Accuracy,Price or Quantity is non-positive,2026-01-02T15:15:48.433534
1722,4416,Accuracy,Price or Quantity is non-positive,2026-01-02T15:15:48.433534
1723,4418,Accuracy,Price or Quantity is non-positive,2026-01-02T15:15:48.433534
1724,4429,Accuracy,Price or Quantity is non-positive,2026-01-02T15:15:48.433534
1725,4434,Accuracy,Price or Quantity is non-positive,2026-01-02T15:15:48.433534
1726,4465,Accuracy,Price or Quantity is non-positive,2026-01-02T15:15:48.433534
1727,4476,Accuracy,Price or Quantity is non-positive,2026-01-02T15:15:48.433534
1728,4529,Accuracy,Price or Quantity is non-positive,2026-01-02T15:15:48.433534
1729,4531,Accuracy,Price or Quantity is non-positive,2026-01-02T15:15:48.433534
1730,4566,Accuracy,Price or Quantity is non-positive,2026-01-02T15:15:48.433534
1731,4577,Accuracy,Price or Quantity is non-positive,2026-01-02T15:15:48.433534
1732,4590,Accuracy,Price or Quantity is non-positive,2026-01-02T15:15:48.433534
1733,4598,Accuracy,Price or Quantity is non-positive,2026-01-02T15:15:48.433534
1734,4629,Accuracy,Price or Quantity is non-positive,2026-01-02T15:15:48.433534
1735,4650,Accuracy,Price or Quantity is non-positive,2026-01-02T15:15:48.433534
1736,4661,Accuracy,Price or Quantity is non-positive,2026-01-02T15:15:48.433534
1737,4667,Accuracy,Price or Quantity is non-positive,2026-01-02T15:15:48.433534
1738,4686,Accuracy,Price or Quantity is non-positive,2026-01-02T15:15:48.433534
1739,4752,Accuracy,Price or Quantity is non-positive,2026-01-02T15:15:48.433534
1740,4789,Accuracy,Price or Quantity is non-positive,2026-01-02T15:15:48.433534
1741,4800,Accuracy,Price or Quantity is non-positive,2026-01-02T15:15:48.433534
1742,4809,Accuracy,Price or Quantity is non-positive,2026-01-02T15:15:48.433534
1743,4812,Accuracy,Price or Quantity is non-positive,2026-01-02T15:15:48.433534
1744,4844,Accuracy,Price or Quantity is non-positive,2026-01-02T15:15:48.433534
1745,4847,Accuracy,Price or Quantity is non-positive,2026-01-02T15:15:48.433534
1746,4887,Accuracy,Price or Quantity is non-positive,2026-01-02T15:15:48.433534
1747,4908,Accuracy,Price or Quantity is non-positive,2026-01-02T15:15:48.433534
1748,4921,Accuracy,Price or Quantity is non-positive,2026-01-02T15:15:48.433534
1749,4939,Accuracy,Price or Quantity is non-positive,2026-01-02T15:15:48.433534
1750,4965,Accuracy,Price or Quantity is non-positive,2026-01-02T15:15:48.433534
1751,4985,Accuracy,Price or Quantity is non-positive,2026-01-02T15:15:48.433534
1752,4991,Accuracy,Price or Quantity is non-positive,2026-01-02T15:15:48.433534
1753,5015,Accuracy,Price or Quantity is non-positive,2026-01-02T15:15:48.433534
1754,5017,Accuracy,Price or Quantity is non-positive,2026-01-02T15:15:48.433534
1755,5029,Accuracy,Price or Quantity is non-positive,2026-01-02T15:15:48.433534
1756,5038,Accuracy,Price or Quantity is non-positive,2026-01-02T15:15:48.433534
1757,5080,Accuracy,Price or Quantity is non-positive,2026-01-02T15:15:48.433534
1758,5104,Accuracy,Price or Quantity is non-positive,2026-01-02T15:15:48.433534
1759,5118,Accuracy,Price or Quantity is non-positive,2026-01-02T15:15:48.433534
1760,5157,Accuracy,Price or Quantity is non-positive,2026-01-02T15:15:48.433534
1761,5158,Accuracy,Price or Quantity is non-positive,2026-01-02T15:15:48.433534
1762,5163,Accuracy,Price or Quantity is non-positive,2026-01-02T15:15:48.433534
1763,5175,Accuracy,Price or Quantity is non-positive,2026-01-02T15:15:48.433534
1764,5211,Accuracy,Price or Quantity is non-positive,2026-01-02T15:15:48.433534
1765,5216,Accuracy,Price or Quantity is non-positive,2026-01-02T15:15:48.433534
1766,5229,Accuracy,Price or Quantity is non-positive,2026-01-02T15:15:48.433534
1767,5261,Accuracy,Price or Quantity is non-positive,2026-01-02T15:15:48.433534
1768,5263,Accuracy,Price or Quantity is non-positive,2026-01-02T15:15:48.433534
1769,5273,Accuracy,Price or Quantity is non-positive,2026-01-02T15:15:48.433534
1770,5276,Accuracy,Price or Quantity is non-positive,2026-01-02T15:15:48.433534
1771,5282,Accuracy,Price or Quantity is non-positive,2026-01-02T15:15:48.433534
1772,5315,Accuracy,Price or Quantity is non-positive,2026-01-02T15:15:48.433534
1773,5320,Accuracy,Price or Quantity is non-positive,2026-01-02T15:15:48.433534
1774,5324,Accuracy,Price or Quantity is non-positive,2026-01-02T15:15:48.433534
1775,5329,Accuracy,Price or Quantity is non-positive,2026-01-02T15:15:48.433534
1776,5331,Accuracy,Price or Quantity is non-positive,2026-01-02T15:15:48.433534
1777,5349,Accuracy,Price or Quantity is non-positive,2026-01-02T15:15:48.433534
1778,5357,Accuracy,Price or Quantity is non-positive,2026-01-02T15:15:48.433534
1779,5363,Accuracy,Price or Quantity is non-positive,2026-01-02T15:15:48.433534
1780,5374,Accuracy,Price or Quantity is non-positive,2026-01-02T15:15:48.433534
1781,5437,Accuracy,Price or Quantity is non-positive,2026-01-02T15:15:48.433534
1782,5455,Accuracy,Price or Quantity is non-positive,2026-01-02T15:15:48.433534
1783,5501,Accuracy,Price or Quantity is non-positive,2026-01-02T15:15:48.433534
1784,5535,Accuracy,Price or Quantity is non-positive,2026-01-02T15:15:48.433534
1785,5548,Accuracy,Price or Quantity is non-positive,2026-01-02T15:15:48.433534
1786,5556,Accuracy,Price or Quantity is non-positive,2026-01-02T15:15:48.433534
1787,5579,Accuracy,Price or Quantity is non-positive,2026-01-02T15:15:48.433534
1788,5589,Accuracy,Price or Quantity is non-positive,2026-01-02T15:15:48.433534
1789,5591,Accuracy,Price or Quantity is non-positive,2026-01-02T15:15:48.433534
1790,5603,Accuracy,Price or Quantity is non-positive,2026-01-02T15:15:48.433534
1791,5635,Accuracy,Price or Quantity is non-positive,2026-01-02T15:15:48.433534
1792,5642,Accuracy,Price or Quantity is non-positive,2026-01-02T15:15:48.433534
1793,5647,Accuracy,Price or Quantity is non-positive,2026-01-02T15:15:48.433534
1794,5691,Accuracy,Price or Quantity is non-positive,2026-01-02T15:15:48.433534
1795,5709,Accuracy,Price or Quantity is non-positive,2026-01-02T15:15:48.433534
1796,5740,Accuracy,Price or Quantity is non-positive,2026-01-02T15:15:48.433534
1797,5742,Accuracy,Price or Quantity is non-positive,2026-01-02T15:15:48.433534
1798,5757,Accuracy,Price or Quantity is non-positive,2026-01-02T15:15:48.433534
1799,5766,Accuracy,Price or Quantity is non-positive,2026-01-02T15:15:48.433534
1800,5770,Accuracy,Price or Quantity is non-positive,2026-01-02T15:15:48.433534
1801,5777,Accuracy,Price or Quantity is non-positive,2026-01-02T15:15:48.433534
1802,5832,Accuracy,Price or Quantity is non-positive,2026-01-02T15:15:48.433534
1803,5884,Accuracy,Price or Quantity is non-positive,2026-01-02T15:15:48.433534
1804,5898,Accuracy,Price or Quantity is non-positive,2026-01-02T15:15:48.433534
1805,5905,Accuracy,Price or Quantity is non-positive,2026-01-02T15:15:48.433534
1806,5946,Accuracy,Price or Quantity is non-positive,2026-01-02T15:15:48.433534
1807,5947,Accuracy,Price or Quantity is non-positive,2026-01-02T15:15:48.433534
1808,5955,Accuracy,Price or Quantity is non-positive,2026-01-02T15:15:48.433534
1809,5980,Accuracy,Price or Quantity is non-positive,2026-01-02T15:15:48.433534
1810,5990,Accuracy,Price or Quantity is non-positive,2026-01-02T15:15:48.433534
1811,5993,Accuracy,Price or Quantity is non-positive,2026-01-02T15:15:48.433534
1812,6016,Accuracy,Price or Quantity is non-positive,2026-01-02T15:15:48.433534
1813,6043,Accuracy,Price or Quantity is non-positive,2026-01-02T15:15:48.433534
1814,6052,Accuracy,Price or Quantity is non-positive,2026-01-02T15:15:48.433534
1815,6055,Accuracy,Price or Quantity is non-positive,2026-01-02T15:15:48.433534
1816,6056,Accuracy,Price or Quantity is non-positive,2026-01-02T15:15:48.433534
1817,6059,Accuracy,Price or Quantity is non-positive,2026-01-02T15:15:48.433534
1818,6111,Accuracy,Price or Quantity is non-positive,2026-01-02T15:15:48.433534
1819,6126,Accuracy,Price or Quantity is non-positive,2026-01-02T15:15:48.433534
1820,6131,Accuracy,Price or Quantity is non-positive,2026-01-02T15:15:48.433534
1821,6154,Accuracy,Price or Quantity is non-positive,2026-01-02T15:15:48.433534
1822,6200,Accuracy,Price or Quantity is non-positive,2026-01-02T15:15:48.433534
1823,6209,Accuracy,Price or Quantity is non-positive,2026-01-02T15:15:48.433534
1824,6213,Accuracy,Price or Quantity is non-positive,2026-01-02T15:15:48.433534
1825,6224,Accuracy,Price or Quantity is non-positive,2026-01-02T15:15:48.433534
1826,6248,Accuracy,Price or Quantity is non-positive,2026-01-02T15:15:48.433534
1827,6292,Accuracy,Price or Quantity is non-positive,2026-01-02T15:15:48.433534
1828,6300,Accuracy,Price or Quantity is non-positive,2026-01-02T15:15:48.433534
1829,6325,Accuracy,Price or Quantity is non-positive,2026-01-02T15:15:48.433534
1830,6336,Accuracy,Price or Quantity is non-positive,2026-01-02T15:15:48.433534
1831,6360,Accuracy,Price or Quantity is non-positive,2026-01-02T15:15:48.433534
1832,6397,Accuracy,Price or Quantity is non-positive,2026-01-02T15:15:48.433534
1833,6456,Accuracy,Price or Quantity is non-positive,2026-01-02T15:15:48.433534
1834,6464,Accuracy,Price or Quantity is non-positive,2026-01-02T15:15:48.433534
1835,6508,Accuracy,Price or Quantity is non-positive,2026-01-02T15:15:48.433534
1836,6526,Accuracy,Price or Quantity is non-positive,2026-01-02T15:15:48.433534
1837,6531,Accuracy,Price or Quantity is non-positive,2026-01-02T15:15:48.433534
1838,6557,Accuracy,Price or Quantity is non-positive,2026-01-02T15:15:48.433534
1839,6562,Accuracy,Price or Quantity is non-positive,2026-01-02T15:15:48.433534
1840,6566,Accuracy,Price or Quantity is non-positive,2026-01-02T15:15:48.433534
1841,6584,Accuracy,Price or Quantity is non-positive,2026-01-02T15:15:48.433534
1842,6613,Accuracy,Price or Quantity is non-positive,2026-01-02T15:15:48.433534
1843,6614,Accuracy,Price or Quantity is non-positive,2026-01-02T15:15:48.433534
1844,6640,Accuracy,Price or Quantity is non-positive,2026-01-02T15:15:48.433534
1845,6641,Accuracy,Price or Quantity is non-positive,2026-01-02T15:15:48.433534
1846,6680,Accuracy,Price or Quantity is non-positive,2026-01-02T15:15:48.433534
1847,6773,Accuracy,Price or Quantity is non-positive,2026-01-02T15:15:48.433534
1848,6784,Accuracy,Price or Quantity is non-positive,2026-01-02T15:15:48.433534
1849,6830,Accuracy,Price or Quantity is non-positive,2026-01-02T15:15:48.433534
1850,6838,Accuracy,Price or Quantity is non-positive,2026-01-02T15:15:48.433534
1851,6858,Accuracy,Price or Quantity is non-positive,2026-01-02T15:15:48.433534
1852,6870,Accuracy,Price or Quantity is non-positive,2026-01-02T15:15:48.433534
1853,6871,Accuracy,Price or Quantity is non-positive,2026-01-02T15:15:48.433534
1854,6874,Accuracy,Price or Quantity is non-positive,2026-01-02T15:15:48.433534
1855,6900,Accuracy,Price or Quantity is non-positive,2026-01-02T15:15:48.433534
1856,6913,Accuracy,Price or Quantity is non-positive,2026-01-02T15:15:48.433534
1857,6960,Accuracy,Price or Quantity is non-positive,2026-01-02T15:15:48.433534
1858,6983,Accuracy,Price or Quantity is non-positive,2026-01-02T15:15:48.433534
1859,7015,Accuracy,Price or Quantity is non-positive,2026-01-02T15:15:48.433534
1860,7024,Accuracy,Price or Quantity is non-positive,2026-01-02T15:15:48.433534
1861,7068,Accuracy,Price or Quantity is non-positive,2026-01-02T15:15:48.433534
1862,7089,Accuracy,Price or Quantity is non-positive,2026-01-02T15:15:48.433534
1863,7110,Accuracy,Price or Quantity is non-positive,2026-01-02T15:15:48.433534
1864,7115,Accuracy,Price or Quantity is non-positive,2026-01-02T15:15:48.433534
1865,7142,Accuracy,Price or Quantity is non-positive,2026-01-02T15:15:48.433534
1866,7196,Accuracy,Price or Quantity is non-positive,2026-01-02T15:15:48.433534
1867,7215,Accuracy,Price or Quantity is non-positive,2026-01-02T15:15:48.433534
1868,7229,Accuracy,Price or Quantity is non-positive,2026-01-02T15:15:48.433534
1869,7232,Accuracy,Price or Quantity is non-positive,2026-01-02T15:15:48.433534
1870,7269,Accuracy,Price or Quantity is non-positive,2026-01-02T15:15:48.433534
1871,7296,Accuracy,Price or Quantity is non-positive,2026-01-02T15:15:48.433534
1872,7361,Accuracy,Price or Quantity is non-positive,2026-01-02T15:15:48.433534
1873,7402,Accuracy,Price or Quantity is non-positive,2026-01-02T15:15:48.433534
1874,7408,Accuracy,Price or Quantity is non-positive,2026-01-02T15:15:48.433534
1875,7412,Accuracy,Price or Quantity is non-positive,2026-01-02T15:15:48.433534
1876,7462,Accuracy,Price or Quantity is non-positive,2026-01-02T15:15:48.433534
1877,7463,Accuracy,Price or Quantity is non-positive,2026-01-02T15:15:48.433534
1878,7479,Accuracy,Price or Quantity is non-positive,2026-01-02T15:15:48.433534
1879,7556,Accuracy,Price or Quantity is non-positive,2026-01-02T15:15:48.433534
1880,7593,Accuracy,Price or Quantity is non-positive,2026-01-02T15:15:48.433534
1881,7625,Accuracy,Price or Quantity is non-positive,2026-01-02T15:15:48.433534
1882,7649,Accuracy,Price or Quantity is non-positive,2026-01-02T15:15:48.433534
1883,7668,Accuracy,Price or Quantity is non-positive,2026-01-02T15:15:48.433534
1884,7673,Accuracy,Price or Quantity is non-positive,2026-01-02T15:15:48.433534
1885,7675,Accuracy,Price or Quantity is non-positive,2026-01-02T15:15:48.433534
1886,7680,Accuracy,Price or Quantity is non-positive,2026-01-02T15:15:48.433534
1887,7681,Accuracy,Price or Quantity is non-positive,2026-01-02T15:15:48.433534
1888,7712,Accuracy,Price or Quantity is non-positive,2026-01-02T15:15:48.433534
1889,7733,Accuracy,Price or Quantity is non-positive,2026-01-02T15:15:48.433534
1890,7740,Accuracy,Price or Quantity is non-positive,2026-01-02T15:15:48.433534
1891,7742,Accuracy,Price or Quantity is non-positive,2026-01-02T15:15:48.433534
1892,7752,Accuracy,Price or Quantity is non-positive,2026-01-02T15:15:48.433534
1893,7786,Accuracy,Price or Quantity is non-positive,2026-01-02T15:15:48.433534
1894,7789,Accuracy,Price or Quantity is non-positive,2026-01-02T15:15:48.433534
1895,7810,Accuracy,Price or Quantity is non-positive,2026-01-02T15:15:48.433534
1896,7823,Accuracy,Price or Quantity is non-positive,2026-01-02T15:15:48.433534
1897,7827,Accuracy,Price or Quantity is non-positive,2026-01-02T15:15:48.433534
1898,7890,Accuracy,Price or Quantity is non-positive,2026-01-02T15:15:48.433534
1899,7894,Accuracy,Price or Quantity is non-positive,2026-01-02T15:15:48.433534
1900,7898,Accuracy,Price or Quantity is non-positive,2026-01-02T15:15:48.433534
1901,7910,Accuracy,Price or Quantity is non-positive,2026-01-02T15:15:48.433534
1902,7945,Accuracy,Price or Quantity is non-positive,2026-01-02T15:15:48.433534
1903,7946,Accuracy,Price or Quantity is non-positive,2026-01-02T15:15:48.433534
1904,7947,Accuracy,Price or Quantity is non-positive,2026-01-02T15:15:48.433534
1905,7951,Accuracy,Price or Quantity is non-positive,2026-01-02T15:15:48.433534
1906,7955,Accuracy,Price or Quantity is non-positive,2026-01-02T15:15:48.433534
1907,8002,Accuracy,Price or Quantity is non-positive,2026-01-02T15:15:48.433534
1908,8070,Accuracy,Price or Quantity is non-positive,2026-01-02T15:15:48.433534
1909,8121,Accuracy,Price or Quantity is non-positive,2026-01-02T15:15:48.433534
1910,8161,Accuracy,Price or Quantity is non-positive,2026-01-02T15:15:48.433534
1911,8173,Accuracy,Price or Quantity is non-positive,2026-01-02T15:15:48.433534
1912,8192,Accuracy,Price or Quantity is non-positive,2026-01-02T15:15:48.433534
1913,8219,Accuracy,Price or Quantity is non-positive,2026-01-02T15:15:48.433534
1914,8260,Accuracy,Price or Quantity is non-positive,2026-01-02T15:15:48.433534
1915,8261,Accuracy,Price or Quantity is non-positive,2026-01-02T15:15:48.433534
1916,8314,Accuracy,Price or Quantity is non-positive,2026-01-02T15:15:48.433534
1917,8317,Accuracy,Price or Quantity is non-positive,2026-01-02T15:15:48.433534
1918,8339,Accuracy,Price or Quantity is non-positive,2026-01-02T15:15:48.433534
1919,8372,Accuracy,Price or Quantity is non-positive,2026-01-02T15:15:48.433534
1920,8379,Accuracy,Price or Quantity is non-positive,2026-01-02T15:15:48.433534
1921,8382,Accuracy,Price or Quantity is non-positive,2026-01-02T15:15:48.433534
1922,8423,Accuracy,Price or Quantity is non-positive,2026-01-02T15:15:48.433534
1923,8430,Accuracy,Price or Quantity is non-positive,2026-01-02T15:15:48.433534
1924,8452,Accuracy,Price or Quantity is non-positive,2026-01-02T15:15:48.433534
1925,8490,Accuracy,Price or Quantity is non-positive,2026-01-02T15:15:48.433534
1926,8514,Accuracy,Price or Quantity is non-positive,2026-01-02T15:15:48.433534
1927,8538,Accuracy,Price or Quantity is non-positive,2026-01-02T15:15:48.433534
1928,8545,Accuracy,Price or Quantity is non-positive,2026-01-02T15:15:48.433534
1929,8565,Accuracy,Price or Quantity is non-positive,2026-01-02T15:15:48.433534
1930,8589,Accuracy,Price or Quantity is non-positive,2026-01-02T15:15:48.433534
1931,8590,Accuracy,Price or Quantity is non-positive,2026-01-02T15:15:48.433534
1932,8591,Accuracy,Price or Quantity is non-positive,2026-01-02T15:15:48.433534
1933,8647,Accuracy,Price or Quantity is non-positive,2026-01-02T15:15:48.433534
1934,8673,Accuracy,Price or Quantity is non-positive,2026-01-02T15:15:48.433534
1935,8689,Accuracy,Price or Quantity is non-positive,2026-01-02T15:15:48.433534
1936,8702,Accuracy,Price or Quantity is non-positive,2026-01-02T15:15:48.433534
1937,8784,Accuracy,Price or Quantity is non-positive,2026-01-02T15:15:48.433534
1938,8791,Accuracy,Price or Quantity is non-positive,2026-01-02T15:15:48.433534
1939,8821,Accuracy,Price or Quantity is non-positive,2026-01-02T15:15:48.433534
1940,8842,Accuracy,Price or Quantity is non-positive,2026-01-02T15:15:48.433534
1941,8870,Accuracy,Price or Quantity is non-positive,2026-01-02T15:15:48.433534
1942,8872,Accuracy,Price or Quantity is non-positive,2026-01-02T15:15:48.433534
1943,8937,Accuracy,Price or Quantity is non-positive,2026-01-02T15:15:48.433534
1944,8955,Accuracy,Price or Quantity is non-positive,2026-01-02T15:15:48.433534
1945,8983,Accuracy,Price or Quantity is non-positive,2026-01-02T15:15:48.433534
1946,9007,Accuracy,Price or Quantity is non-positive,2026-01-02T15:15:48.433534
1947,9016,Accuracy,Price or Quantity is non-positive,2026-01-02T15:15:48.433534
1948,9023,Accuracy,Price or Quantity is non-positive,2026-01-02T15:15:48.433534
1949,9046,Accuracy,Price or Quantity is non-positive,2026-01-02T15:15:48.433534
1950,9052,Accuracy,Price or Quantity is non-positive,2026-01-02T15:15:48.433534
1951,9090,Accuracy,Price or Quantity is non-positive,2026-01-02T15:15:48.433534
1952,9103,Accuracy,Price or Quantity is non-positive,2026-01-02T15:15:48.433534
1953,9109,Accuracy,Price or Quantity is non-positive,2026-01-02T15:15:48.433534
1954,9124,Accuracy,Price or Quantity is non-positive,2026-01-02T15:15:48.433534
1955,9153,Accuracy,Price or Quantity is non-positive,2026-01-02T15:15:48.433534
1956,9171,Accuracy,Price or Quantity is non-positive,2026-01-02T15:15:48.433534
1957,9202,Accuracy,Price or Quantity is non-positive,2026-01-02T15:15:48.433534
1958,9203,Accuracy,Price or Quantity is non-positive,2026-01-02T15:15:48.433534
1959,9236,Accuracy,Price or Quantity is non-positive,2026-01-02T15:15:48.433534
1960,9279,Accuracy,Price or Quantity is non-positive,2026-01-02T15:15:48.433534
1961,9292,Accuracy,Price or Quantity is non-positive,2026-01-02T15:15:48.433534
1962,9297,Accuracy,Price or Quantity is non-positive,2026-01-02T15:15:48.433534
1963,9315,Accuracy,Price or Quantity is non-positive,2026-01-02T15:15:48.433534
1964,9316,Accuracy,Price or Quantity is non-positive,2026-01-02T15:15:48.433534
1965,9327,Accuracy,Price or Quantity is non-positive,2026-01-02T15:15:48.433534
1966,9328,Accuracy,Price or Quantity is non-positive,2026-01-02T15:15:48.433534
1967,9331,Accuracy,Price or Quantity is non-positive,2026-01-02T15:15:48.433534
1968,9370,Accuracy,Price or Quantity is non-positive,2026-01-02T15:15:48.433534
1969,9452,Accuracy,Price or Quantity is non-positive,2026-01-02T15:15:48.433534
1970,9456,Accuracy,Price or Quantity is non-positive,2026-01-02T15:15:48.433534
1971,9481,Accuracy,Price or Quantity is non-positive,2026-01-02T15:15:48.433534
1972,9519,Accuracy,Price or Quantity is non-positive,2026-01-02T15:15:48.433534
1973,9554,Accuracy,Price or Quantity is non-positive,2026-01-02T15:15:48.433534
1974,9567,Accuracy,Price or Quantity is non-positive,2026-01-02T15:15:48.433534
1975,9614,Accuracy,Price or Quantity is non-positive,2026-01-02T15:15:48.433534
1976,9648,Accuracy,Price or Quantity is non-positive,2026-01-02T15:15:48.433534
1977,9654,Accuracy,Price or Quantity is non-positive,2026-01-02T15:15:48.433534
1978,9664,Accuracy,Price or Quantity is non-positive,2026-01-02T15:15:48.433534
1979,9667,Accuracy,Price or Quantity is non-positive,2026-01-02T15:15:48.433534
1980,9688,Accuracy,Price or Quantity is non-positive,2026-01-02T15:15:48.433534
1981,9695,Accuracy,Price or Quantity is non-positive,2026-01-02T15:15:48.433534
1982,9696,Accuracy,Price or Quantity is non-positive,2026-01-02T15:15:48.433534
1983,9698,Accuracy,Price or Quantity is non-positive,2026-01-02T15:15:48.433534
1984,9767,Accuracy,Price or Quantity is non-positive,2026-01-02T15:15:48.433534
1985,9778,Accuracy,Price or Quantity is non-positive,2026-01-02T15:15:48.433534
1986,9782,Accuracy,Price or Quantity is non-positive,2026-01-02T15:15:48.433534
1987,9790,Accuracy,Price or Quantity is non-positive,2026-01-02T15:15:48.433534
1988,9809,Accuracy,Price or Quantity is non-positive,2026-01-02T15:15:48.433534
1989,9822,Accuracy,Price or Quantity is non-positive,2026-01-02T15:15:48.433534
1990,9823,Accuracy,Price or Quantity is non-positive,2026-01-02T15:15:48.433534
1991,9858,Accuracy,Price or Quantity is non-positive,2026-01-02T15:15:48.433534
1992,9882,Accuracy,Price or Quantity is non-positive,2026-01-02T15:15:48.433534
1993,9900,Accuracy,Price or Quantity is non-positive,2026-01-02T15:15:48.433534
1994,9901,Accuracy,Price or Quantity is non-positive,2026-01-02T15:15:48.433534
1995,9909,Accuracy,Price or Quantity is non-positive,2026-01-02T15:15:48.433534
1996,9922,Accuracy,Price or Quantity is non-positive,2026-01-02T15:15:48.433534
1997,9929,Accuracy,Price or Quantity is non-positive,2026-01-02T15:15:48.433534
1998,9979,Accuracy,Price or Quantity is non-positive,2026-01-02T15:15:48.433534
1999,9991,Accuracy,Price or Quantity is non-positive,2026-01-02T15:15:48.433534
2000,45,Completeness,Missing one or more critical fields,2026-01-02T15:15:48.391867
2001,189,Completeness,Missing one or more critical fields,2026-01-02T15:15:48.391867
2002,222,Completeness,Missing one or more critical fields,2026-01-02T15:15:48.391867
2003,252,Completeness,Missing one or more critical fields,2026-01-02T15:15:48.391867
2004,255,Completeness,Missing one or more critical fields,2026-01-02T15:15:48.391867
2005,256,Completeness,Missing one or more critical fields,2026-01-02T15:15:48.391867
2006,270,Completeness,Missing one or more critical fields,2026-01-02T15:15:48.391867
2007,281,Completeness,Missing one or more critical fields,2026-01-02T15:15:48.391867
2008,296,Completeness,Missing one or more critical fields,2026-01-02T15:15:48.391867
2009,307,Completeness,Missing one or more critical fields,2026-01-02T15:15:48.391867
2010,328,Completeness,Missing one or more critical fields,2026-01-02T15:15:48.391867
2011,352,Completeness,Missing one or more critical fields,2026-01-02T15:15:48.391867
2012,360,Completeness,Missing one or more critical fields,2026-01-02T15:15:48.391867
2013,373,Completeness,Missing one or more critical fields,2026-01-02T15:15:48.391867
2014,403,Completeness,Missing one or more critical fields,2026-01-02T15:15:48.391867
2015,411,Completeness,Missing one or more critical fields,2026-01-02T15:15:48.391867
2016,439,Completeness,Missing one or more critical fields,2026-01-02T15:15:48.391867
2017,476,Completeness,Missing one or more critical fields,2026-01-02T15:15:48.391867
2018,492,Completeness,Missing one or more critical fields,2026-01-02T15:15:48.391867
2019,525,Completeness,Missing one or more critical fields,2026-01-02T15:15:48.391867
2020,537,Completeness,Missing one or more critical fields,2026-01-02T15:15:48.391867
2021,595,Completeness,Missing one or more critical fields,2026-01-02T15:15:48.391867
2022,650,Completeness,Missing one or more critical fields,2026-01-02T15:15:48.391867
2023,696,Completeness,Missing one or more critical fields,2026-01-02T15:15:48.391867
2024,703,Completeness,Missing one or more critical fields,2026-01-02T15:15:48.391867
2025,722,Completeness,Missing one or more critical fields,2026-01-02T15:15:48.391867
2026,757,Completeness,Missing one or more critical fields,2026-01-02T15:15:48.391867
2027,774,Completeness,Missing one or more critical fields,2026-01-02T15:15:48.391867
2028,799,Completeness,Missing one or more critical fields,2026-01-02T15:15:48.391867
2029,841,Completeness,Missing one or more critical fields,2026-01-02T15:15:48.391867
2030,955,Completeness,Missing one or more critical fields,2026-01-02T15:15:48.391867
2031,958,Completeness,Missing one or more critical fields,2026-01-02T15:15:48.391867
2032,966,Completeness,Missing one or more critical fields,2026-01-02T15:15:48.391867
2033,993,Completeness,Missing one or more critical fields,2026-01-02T15:15:48.391867
2034,1043,Completeness,Missing one or more critical fields,2026-01-02T15:15:48.391867
2035,1054,Completeness,Missing one or more critical fields,2026-01-02T15:15:48.391867
2036,1084,Completeness,Missing one or more critical fields,2026-01-02T15:15:48.391867
2037,1143,Completeness,Missing one or more critical fields,2026-01-02T15:15:48.391867
2038,1155,Completeness,Missing one or more critical fields,2026-01-02T15:15:48.391867
2039,1166,Completeness,Missing one or more critical fields,2026-01-02T15:15:48.391867
2040,1220,Completeness,Missing one or more critical fields,2026-01-02T15:15:48.391867
2041,1298,Completeness,Missing one or more critical fields,2026-01-02T15:15:48.391867
2042,1325,Completeness,Missing one or more critical fields,2026-01-02T15:15:48.391867
2043,1414,Completeness,Missing one or more critical fields,2026-01-02T15:15:48.391867
2044,1425,Completeness,Missing one or more critical fields,2026-01-02T15:15:48.391867
2045,1475,Completeness,Missing one or more critical fields,2026-01-02T15:15:48.391867
2046,1537,Completeness,Missing one or more critical fields,2026-01-02T15:15:48.391867
2047,1582,Completeness,Missing one or more critical fields,2026-01-02T15:15:48.391867
2048,1602,Completeness,Missing one or more critical fields,2026-01-02T15:15:48.391867
2049,1648,Completeness,Missing one or more critical fields,2026-01-02T15:15:48.391867
2050,1650,Completeness,Missing one or more critical fields,2026-01-02T15:15:48.391867
2051,1663,Completeness,Missing one or more critical fields,2026-01-02T15:15:48.391867
2052,1706,Completeness,Missing one or more critical fields,2026-01-02T15:15:48.391867
2053,1782,Completeness,Missing one or more critical fields,2026-01-02T15:15:48.391867
2054,1784,Completeness,Missing one or more critical fields,2026-01-02T15:15:48.391867
2055,1864,Completeness,Missing one or more critical fields,2026-01-02T15:15:48.391867
2056,1867,Completeness,Missing one or more critical fields,2026-01-02T15:15:48.391867
2057,1936,Completeness,Missing one or more critical fields,2026-01-02T15:15:48.391867
2058,1939,Completeness,Missing one or more critical fields,2026-01-02T15:15:48.391867
2059,2085,Completeness,Missing one or more critical fields,2026-01-02T15:15:48.391867
2060,2149,Completeness,Missing one or more critical fields,2026-01-02T15:15:48.391867
2061,2163,Completeness,Missing one or more critical fields,2026-01-02T15:15:48.391867
2062,2164,Completeness,Missing one or more critical fields,2026-01-02T15:15:48.391867
2063,2179,Completeness,Missing one or more critical fields,2026-01-02T15:15:48.391867
2064,2232,Completeness,Missing one or more critical fields,2026-01-02T15:15:48.391867
2065,2274,Completeness,Missing one or more critical fields,2026-01-02T15:15:48.391867
2066,2280,Completeness,Missing one or more critical fields,2026-01-02T15:15:48.391867
2067,2291,Completeness,Missing one or more critical fields,2026-01-02T15:15:48.391867
2068,2297,Completeness,Missing one or more critical fields,2026-01-02T15:15:48.391867
2069,2300,Completeness,Missing one or more critical fields,2026-01-02T15:15:48.391867
2070,2391,Completeness,Missing one or more critical fields,2026-01-02T15:15:48.391867
2071,2395,Completeness,Missing one or more critical fields,2026-01-02T15:15:48.391867
2072,2400,Completeness,Missing one or more critical fields,2026-01-02T15:15:48.391867
2073,2496,Completeness,Missing one or more critical fields,2026-01-02T15:15:48.391867
2074,2531,Completeness,Missing one or more critical fields,2026-01-02T15:15:48.391867
2075,2556,Completeness,Missing one or more critical fields,2026-01-02T15:15:48.391867
2076,2585,Completeness,Missing one or more critical fields,2026-01-02T15:15:48.391867
2077,2599,Completeness,Missing one or more critical fields,2026-01-02T15:15:48.391867
2078,2624,Completeness,Missing one or more critical fields,2026-01-02T15:15:48.391867
2079,2697,Completeness,Missing one or more critical fields,2026-01-02T15:15:48.391867
2080,2706,Completeness,Missing one or more critical fields,2026-01-02T15:15:48.391867
2081,2709,Completeness,Missing one or more critical fields,2026-01-02T15:15:48.391867
2082,2721,Completeness,Missing one or more critical fields,2026-01-02T15:15:48.391867
2083,2729,Completeness,Missing one or more critical fields,2026-01-02T15:15:48.391867
2084,2735,Completeness,Missing one or more critical fields,2026-01-02T15:15:48.391867
2085,2742,Completeness,Missing one or more critical fields,2026-01-02T15:15:48.391867
2086,2746,Completeness,Missing one or more critical fields,2026-01-02T15:15:48.391867
2087,2786,Completeness,Missing one or more critical fields,2026-01-02T15:15:48.391867
2088,2796,Completeness,Missing one or more critical fields,2026-01-02T15:15:48.391867
2089,2862,Completeness,Missing one or more critical fields,2026-01-02T15:15:48.391867
2090,2866,Completeness,Missing one or more critical fields,2026-01-02T15:15:48.391867
2091,2891,Completeness,Missing one or more critical fields,2026-01-02T15:15:48.391867
2092,2976,Completeness,Missing one or more critical fields,2026-01-02T15:15:48.391867
2093,2985,Completeness,Missing one or more critical fields,2026-01-02T15:15:48.391867
2094,2997,Completeness,Missing one or more critical fields,2026-01-02T15:15:48.391867
2095,3043,Completeness,Missing one or more critical fields,2026-01-02T15:15:48.391867
2096,3061,Completeness,Missing one or more critical fields,2026-01-02T15:15:48.391867
2097,3135,Completeness,Missing one or more critical fields,2026-01-02T15:15:48.391867
2098,3173,Completeness,Missing one or more critical fields,2026-01-02T15:15:48.391867
2099,3194,Completeness,Missing one or more critical fields,2026-01-02T15:15:48.391867
2100,3195,Completeness,Missing one or more critical fields,2026-01-02T15:15:48.391867
2101,3272,Completeness,Missing one or more critical fields,2026-01-02T15:15:48.391867
2102,3277,Completeness,Missing one or more critical fields,2026-01-02T15:15:48.391867
2103,3303,Completeness,Missing one or more critical fields,2026-01-02T15:15:48.391867
2104,3335,Completeness,Missing one or more critical fields,2026-01-02T15:15:48.391867
2105,3347,Completeness,Missing one or more critical fields,2026-01-02T15:15:48.391867
2106,3380,Completeness,Missing one or more critical fields,2026-01-02T15:15:48.391867
2107,3389,Completeness,Missing one or more critical fields,2026-01-02T15:15:48.391867
2108,3407,Completeness,Missing one or more critical fields,2026-01-02T15:15:48.391867
2109,3435,Completeness,Missing one or more critical fields,2026-01-02T15:15:48.391867
2110,3479,Completeness,Missing one or more critical fields,2026-01-02T15:15:48.391867
2111,3558,Completeness,Missing one or more critical fields,2026-01-02T15:15:48.391867
2112,3562,Completeness,Missing one or more critical fields,2026-01-02T15:15:48.391867
2113,3619,Completeness,Missing one or more critical fields,2026-01-02T15:15:48.391867
2114,3634,Completeness,Missing one or more critical fields,2026-01-02T15:15:48.391867
2115,3679,Completeness,Missing one or more critical fields,2026-01-02T15:15:48.391867
2116,3706,Completeness,Missing one or more critical fields,2026-01-02T15:15:48.391867
2117,3745,Completeness,Missing one or more critical fields,2026-01-02T15:15:48.391867
2118,3841,Completeness,Missing one or more critical fields,2026-01-02T15:15:48.391867
2119,3901,Completeness,Missing one or more critical fields,2026-01-02T15:15:48.391867
2120,3921,Completeness,Missing one or more critical fields,2026-01-02T15:15:48.391867
2121,3936,Completeness,Missing one or more critical fields,2026-01-02T15:15:48.391867
2122,3937,Completeness,Missing one or more critical fields,2026-01-02T15:15:48.391867
2123,4067,Completeness,Missing one or more critical fields,2026-01-02T15:15:48.391867
2124,4085,Completeness,Missing one or more critical fields,2026-01-02T15:15:48.391867
2125,4100,Completeness,Missing one or more critical fields,2026-01-02T15:15:48.391867
2126,4138,Completeness,Missing one or more critical fields,2026-01-02T15:15:48.391867
2127,4207,Completeness,Missing one or more critical fields,2026-01-02T15:15:48.391867
2128,4208,Completeness,Missing one or more critical fields,2026-01-02T15:15:48.391867
2129,4222,Completeness,Missing one or more critical fields,2026-01-02T15:15:48.391867
2130,4233,Completeness,Missing one or more critical fields,2026-01-02T15:15:48.391867
2131,4274,Completeness,Missing one or more critical fields,2026-01-02T15:15:48.391867
2132,4314,Completeness,Missing one or more critical fields,2026-01-02T15:15:48.391867
2133,4347,Completeness,Missing one or more critical fields,2026-01-02T15:15:48.391867
2134,4355,Completeness,Missing one or more critical fields,2026-01-02T15:15:48.391867
2135,4383,Completeness,Missing one or more critical fields,2026-01-02T15:15:48.391867
2136,4403,Completeness,Missing one or more critical fields,2026-01-02T15:15:48.391867
2137,4409,Completeness,Missing one or more critical fields,2026-01-02T15:15:48.391867
2138,4414,Completeness,Missing one or more critical fields,2026-01-02T15:15:48.391867
2139,4463,Completeness,Missing one or more critical fields,2026-01-02T15:15:48.391867
2140,4479,Completeness,Missing one or more critical fields,2026-01-02T15:15:48.391867
2141,4492,Completeness,Missing one or more critical fields,2026-01-02T15:15:48.391867
2142,4599,Completeness,Missing one or more critical fields,2026-01-02T15:15:48.391867
2143,4609,Completeness,Missing one or more critical fields,2026-01-02T15:15:48.391867
2144,4648,Completeness,Missing one or more critical fields,2026-01-02T15:15:48.391867
2145,4659,Completeness,Missing one or more critical fields,2026-01-02T15:15:48.391867
2146,4718,Completeness,Missing one or more critical fields,2026-01-02T15:15:48.391867
2147,4735,Completeness,Missing one or more critical fields,2026-01-02T15:15:48.391867
2148,4847,Completeness,Missing one or more critical fields,2026-01-02T15:15:48.391867
2149,4852,Completeness,Missing one or more critical fields,2026-01-02T15:15:48.391867
2150,4865,Completeness,Missing one or more critical fields,2026-01-02T15:15:48.391867
2151,4898,Completeness,Missing one or more critical fields,2026-01-02T15:15:48.391867
2152,4908,Completeness,Missing one or more critical fields,2026-01-02T15:15:48.391867
2153,4940,Completeness,Missing one or more critical fields,2026-01-02T15:15:48.391867
2154,4951,Completeness,Missing one or more critical fields,2026-01-02T15:15:48.391867
2155,4980,Completeness,Missing one or more critical fields,2026-01-02T15:15:48.391867
2156,4999,Completeness,Missing one or more critical fields,2026-01-02T15:15:48.391867
2157,5014,Completeness,Missing one or more critical fields,2026-01-02T15:15:48.391867
2158,5057,Completeness,Missing one or more critical fields,2026-01-02T15:15:48.391867
2159,5076,Completeness,Missing one or more critical fields,2026-01-02T15:15:48.391867
2160,5123,Completeness,Missing one or more critical fields,2026-01-02T15:15:48.391867
2161,5130,Completeness,Missing one or more critical fields,2026-01-02T15:15:48.391867
2162,5155,Completeness,Missing one or more critical fields,2026-01-02T15:15:48.391867
2163,5174,Completeness,Missing one or more critical fields,2026-01-02T15:15:48.391867
2164,5184,Completeness,Missing one or more critical fields,2026-01-02T15:15:48.391867
2165,5252,Completeness,Missing one or more critical fields,2026-01-02T15:15:48.391867
2166,5257,Completeness,Missing one or more critical fields,2026-01-02T15:15:48.391867
2167,5259,Completeness,Missing one or more critical fields,2026-01-02T15:15:48.391867
2168,5347,Completeness,Missing one or more critical fields,2026-01-02T15:15:48.391867
2169,5391,Completeness,Missing one or more critical fields,2026-01-02T15:15:48.391867
2170,5409,Completeness,Missing one or more critical fields,2026-01-02T15:15:48.391867
2171,5464,Completeness,Missing one or more critical fields,2026-01-02T15:15:48.391867
2172,5490,Completeness,Missing one or more critical fields,2026-01-02T15:15:48.391867
2173,5518,Completeness,Missing one or more critical fields,2026-01-02T15:15:48.391867
2174,5549,Completeness,Missing one or more critical fields,2026-01-02T15:15:48.391867
2175,5562,Completeness,Missing one or more critical fields,2026-01-02T15:15:48.391867
2176,5574,Completeness,Missing one or more critical fields,2026-01-02T15:15:48.391867
2177,5676,Completeness,Missing one or more critical fields,2026-01-02T15:15:48.391867
2178,5725,Completeness,Missing one or more critical fields,2026-01-02T15:15:48.391867
2179,5732,Completeness,Missing one or more critical fields,2026-01-02T15:15:48.391867
2180,5739,Completeness,Missing one or more critical fields,2026-01-02T15:15:48.391867
2181,5749,Completeness,Missing one or more critical fields,2026-01-02T15:15:48.391867
2182,5753,Completeness,Missing one or more critical fields,2026-01-02T15:15:48.391867
2183,5789,Completeness,Missing one or more critical fields,2026-01-02T15:15:48.391867
2184,5793,Completeness,Missing one or more critical fields,2026-01-02T15:15:48.391867
2185,5795,Completeness,Missing one or more critical fields,2026-01-02T15:15:48.391867
2186,5838,Completeness,Missing one or more critical fields,2026-01-02T15:15:48.391867
2187,5849,Completeness,Missing one or more critical fields,2026-01-02T15:15:48.391867
2188,5861,Completeness,Missing one or more critical fields,2026-01-02T15:15:48.391867
2189,5964,Completeness,Missing one or more critical fields,2026-01-02T15:15:48.391867
2190,5977,Completeness,Missing one or more critical fields,2026-01-02T15:15:48.391867
2191,6053,Completeness,Missing one or more critical fields,2026-01-02T15:15:48.391867
2192,6080,Completeness,Missing one or more critical fields,2026-01-02T15:15:48.391867
2193,6085,Completeness,Missing one or more critical fields,2026-01-02T15:15:48.391867
2194,6114,Completeness,Missing one or more critical fields,2026-01-02T15:15:48.391867
2195,6144,Completeness,Missing one or more critical fields,2026-01-02T15:15:48.391867
2196,6155,Completeness,Missing one or more critical fields,2026-01-02T15:15:48.391867
2197,6175,Completeness,Missing one or more critical fields,2026-01-02T15:15:48.391867
2198,6178,Completeness,Missing one or more critical fields,2026-01-02T15:15:48.391867
2199,6260,Completeness,Missing one or more critical fields,2026-01-02T15:15:48.391867
2200,6263,Completeness,Missing one or more critical fields,2026-01-02T15:15:48.391867
2201,6273,Completeness,Missing one or more critical fields,2026-01-02T15:15:48.391867
2202,6325,Completeness,Missing one or more critical fields,2026-01-02T15:15:48.391867
2203,6375,Completeness,Missing one or more critical fields,2026-01-02T15:15:48.391867
2204,6402,Completeness,Missing one or more critical fields,2026-01-02T15:15:48.391867
2205,6426,Completeness,Missing one or more critical fields,2026-01-02T15:15:48.391867
2206,6537,Completeness,Missing one or more critical fields,2026-01-02T15:15:48.391867
2207,6671,Completeness,Missing one or more critical fields,2026-01-02T15:15:48.391867
2208,6725,Completeness,Missing one or more critical fields,2026-01-02T15:15:48.391867
2209,6742,Completeness,Missing one or more critical fields,2026-01-02T15:15:48.391867
2210,6817,Completeness,Missing one or more critical fields,2026-01-02T15:15:48.391867
2211,6933,Completeness,Missing one or more critical fields,2026-01-02T15:15:48.391867
2212,6946,Completeness,Missing one or more critical fields,2026-01-02T15:15:48.391867
2213,7013,Completeness,Missing one or more critical fields,2026-01-02T15:15:48.391867
2214,7055,Completeness,Missing one or more critical fields,2026-01-02T15:15:48.391867
2215,7103,Completeness,Missing one or more critical fields,2026-01-02T15:15:48.391867
2216,7162,Completeness,Missing one or more critical fields,2026-01-02T15:15:48.391867
2217,7295,Completeness,Missing one or more critical fields,2026-01-02T15:15:48.391867
2218,7324,Completeness,Missing one or more critical fields,2026-01-02T15:15:48.391867
2219,7369,Completeness,Missing one or more critical fields,2026-01-02T15:15:48.391867
2220,7426,Completeness,Missing one or more critical fields,2026-01-02T15:15:48.391867
2221,7530,Completeness,Missing one or more critical fields,2026-01-02T15:15:48.391867
2222,7555,Completeness,Missing one or more critical fields,2026-01-02T15:15:48.391867
2223,7631,Completeness,Missing one or more critical fields,2026-01-02T15:15:48.391867
2224,7658,Completeness,Missing one or more critical fields,2026-01-02T15:15:48.391867
2225,7661,Completeness,Missing one or more critical fields,2026-01-02T15:15:48.391867
2226,7674,Completeness,Missing one or more critical fields,2026-01-02T15:15:48.391867
2227,7721,Completeness,Missing one or more critical fields,2026-01-02T15:15:48.391867
2228,7754,Completeness,Missing one or more critical fields,2026-01-02T15:15:48.391867
2229,7978,Completeness,Missing one or more critical fields,2026-01-02T15:15:48.391867
2230,7981,Completeness,Missing one or more critical fields,2026-01-02T15:15:48.391867
2231,8006,Completeness,Missing one or more critical fields,2026-01-02T15:15:48.391867
2232,8053,Completeness,Missing one or more critical fields,2026-01-02T15:15:48.391867
2233,8061,Completeness,Missing one or more critical fields,2026-01-02T15:15:48.391867
2234,8134,Completeness,Missing one or more critical fields,2026-01-02T15:15:48.391867
2235,8136,Completeness,Missing one or more critical fields,2026-01-02T15:15:48.391867
2236,8200,Completeness,Missing one or more critical fields,2026-01-02T15:15:48.391867
2237,8230,Completeness,Missing one or more critical fields,2026-01-02T15:15:48.391867
2238,8290,Completeness,Missing one or more critical fields,2026-01-02T15:15:48.391867
2239,8313,Completeness,Missing one or more critical fields,2026-01-02T15:15:48.391867
2240,8314,Completeness,Missing one or more critical fields,2026-01-02T15:15:48.391867
2241,8337,Completeness,Missing one or more critical fields,2026-01-02T15:15:48.391867
2242,8366,Completeness,Missing one or more critical fields,2026-01-02T15:15:48.391867
2243,8429,Completeness,Missing one or more critical fields,2026-01-02T15:15:48.391867
2244,8497,Completeness,Missing one or more critical fields,2026-01-02T15:15:48.391867
2245,8582,Completeness,Missing one or more critical fields,2026-01-02T15:15:48.391867
2246,8590,Completeness,Missing one or more critical fields,2026-01-02T15:15:48.391867
2247,8612,Completeness,Missing one or more critical fields,2026-01-02T15:15:48.391867
2248,8618,Completeness,Missing one or more critical fields,2026-01-02T15:15:48.391867
2249,8620,Completeness,Missing one or more critical fields,2026-01-02T15:15:48.391867
2250,8628,Completeness,Missing one or more critical fields,2026-01-02T15:15:48.391867
2251,8655,Completeness,Missing one or more critical fields,2026-01-02T15:15:48.391867
2252,8678,Completeness,Missing one or more critical fields,2026-01-02T15:15:48.391867
2253,8838,Completeness,Missing one or more critical fields,2026-01-02T15:15:48.391867
2254,8886,Completeness,Missing one or more critical fields,2026-01-02T15:15:48.391867
2255,8895,Completeness,Missing one or more critical fields,2026-01-02T15:15:48.391867
2256,8970,Completeness,Missing one or more critical fields,2026-01-02T15:15:48.391867
2257,8971,Completeness,Missing one or more critical fields,2026-01-02T15:15:48.391867
2258,8996,Completeness,Missing one or more critical fields,2026-01-02T15:15:48.391867
2259,9102,Completeness,Missing one or more critical fields,2026-01-02T15:15:48.391867
2260,9132,Completeness,Missing one or more critical fields,2026-01-02T15:15:48.391867
2261,9155,Completeness,Missing one or more critical fields,2026-01-02T15:15:48.391867
2262,9174,Completeness,Missing one or more critical fields,2026-01-02T15:15:48.391867
2263,9233,Completeness,Missing one or more critical fields,2026-01-02T15:15:48.391867
2264,9252,Completeness,Missing one or more critical fields,2026-01-02T15:15:48.391867
2265,9260,Completeness,Missing one or more critical fields,2026-01-02T15:15:48.391867
2266,9262,Completeness,Missing one or more critical fields,2026-01-02T15:15:48.391867
2267,9266,Completeness,Missing one or more critical fields,2026-01-02T15:15:48.391867
2268,9339,Completeness,Missing one or more critical fields,2026-01-02T15:15:48.391867
2269,9343,Completeness,Missing one or more critical fields,2026-01-02T15:15:48.391867
2270,9459,Completeness,Missing one or more critical fields,2026-01-02T15:15:48.391867
2271,9468,Completeness,Missing one or more critical fields,2026-01-02T15:15:48.391867
2272,9472,Completeness,Missing one or more critical fields,2026-01-02T15:15:48.391867
2273,9531,Completeness,Missing one or more critical fields,2026-01-02T15:15:48.391867
2274,9543,Completeness,Missing one or more critical fields,2026-01-02T15:15:48.391867
2275,9544,Completeness,Missing one or more critical fields,2026-01-02T15:15:48.391867
2276,9569,Completeness,Missing one or more critical fields,2026-01-02T15:15:48.391867
2277,9590,Completeness,Missing one or more critical fields,2026-01-02T15:15:48.391867
2278,9606,Completeness,Missing one or more critical fields,2026-01-02T15:15:48.391867
2279,9655,Completeness,Missing one or more critical fields,2026-01-02T15:15:48.391867
2280,9725,Completeness,Missing one or more critical fields,2026-01-02T15:15:48.391867
2281,9730,Completeness,Missing one or more critical fields,2026-01-02T15:15:48.391867
2282,9732,Completeness,Missing one or more critical fields,2026-01-02T15:15:48.391867
2283,9737,Completeness,Missing one or more critical fields,2026-01-02T15:15:48.391867
2284,9742,Completeness,Missing one or more critical fields,2026-01-02T15:15:48.391867
2285,9795,Completeness,Missing one or more critical fields,2026-01-02T15:15:48.391867
2286,9819,Completeness,Missing one or more critical fields,2026-01-02T15:15:48.391867
2287,9839,Completeness,Missing one or more critical fields,2026-01-02T15:15:48.391867
2288,9863,Completeness,Missing one or more critical fields,2026-01-02T15:15:48.391867
2289,9870,Completeness,Missing one or more critical fields,2026-01-02T15:15:48.391867
2290,9875,Completeness,Missing one or more critical fields,2026-01-02T15:15:48.391867
2291,9876,Completeness,Missing one or more critical fields,2026-01-02T15:15:48.391867
2292,9926,Completeness,Missing one or more critical fields,2026-01-02T15:15:48.391867
2293,9933,Completeness,Missing one or more critical fields,2026-01-02T15:15:48.391867
2294,9960,Completeness,Missing one or more critical fields,2026-01-02T15:15:48.391867
2295,9990,Completeness,Missing one or more critical fields,2026-01-02T15:15:48.391867
2296,1,Timeliness,Trade timestamp older than allowed window,2026-01-01T22:10:58.525805
2297,17,Timeliness,Trade timestamp older than allowed window,2026-01-01T22:10:58.525805
2298,114,Timeliness,Trade timestamp older than allowed window,2026-01-01T22:10:58.525805
2299,126,Timeliness,Trade timestamp older than allowed window,2026-01-01T22:10:58.525805
2300,139,Timeliness,Trade timestamp older than allowed window,2026-01-01T22:10:58.525805
2301,165,Timeliness,Trade timestamp older than allowed window,2026-01-01T22:10:58.525805
2302,173,Timeliness,Trade timestamp older than allowed window,2026-01-01T22:10:58.525805
2303,230,Timeliness,Trade timestamp older than allowed window,2026-01-01T22:10:58.525805
2304,237,Timeliness,Trade timestamp older than allowed window,2026-01-01T22:10:58.525805
2305,248,Timeliness,Trade timestamp older than allowed window,2026-01-01T22:10:58.525805
2306,377,Timeliness,Trade timestamp older than allowed window,2026-01-01T22:10:58.525805
2307,390,Timeliness,Trade timestamp older than allowed window,2026-01-01T22:10:58.525805
2308,403,Timeliness,Trade timestamp older than allowed window,2026-01-01T22:10:58.525805
2309,428,Timeliness,Trade timestamp older than allowed window,2026-01-01T22:10:58.525805
2310,440,Timeliness,Trade timestamp older than allowed window,2026-01-01T22:10:58.525805
2311,458,Timeliness,Trade timestamp older than allowed window,2026-01-01T22:10:58.525805
2312,462,Timeliness,Trade timestamp older than allowed window,2026-01-01T22:10:58.525805
2313,477,Timeliness,Trade timestamp older than allowed window,2026-01-01T22:10:58.525805
2314,501,Timeliness,Trade timestamp older than allowed window,2026-01-01T22:10:58.525805
2315,516,Timeliness,Trade timestamp older than allowed window,2026-01-01T22:10:58.525805
2316,529,Timeliness,Trade timestamp older than allowed window,2026-01-01T22:10:58.525805
2317,532,Timeliness,Trade timestamp older than allowed window,2026-01-01T22:10:58.525805
2318,549,Timeliness,Trade timestamp older than allowed window,2026-01-01T22:10:58.525805
2319,569,Timeliness,Trade timestamp older than allowed window,2026-01-01T22:10:58.525805
2320,574,Timeliness,Trade timestamp older than allowed window,2026-01-01T22:10:58.525805
2321,591,Timeliness,Trade timestamp older than allowed window,2026-01-01T22:10:58.525805
2322,662,Timeliness,Trade timestamp older than allowed window,2026-01-01T22:10:58.525805
2323,674,Timeliness,Trade timestamp older than allowed window,2026-01-01T22:10:58.525805
2324,691,Timeliness,Trade timestamp older than allowed window,2026-01-01T22:10:58.525805
2325,694,Timeliness,Trade timestamp older than allowed window,2026-01-01T22:10:58.525805
2326,785,Timeliness,Trade timestamp older than allowed window,2026-01-01T22:10:58.525805
2327,870,Timeliness,Trade timestamp older than allowed window,2026-01-01T22:10:58.525805
2328,1060,Timeliness,Trade timestamp older than allowed window,2026-01-01T22:10:58.525805
2329,1082,Timeliness,Trade timestamp older than allowed window,2026-01-01T22:10:58.525805
2330,1111,Timeliness,Trade timestamp older than allowed window,2026-01-01T22:10:58.525805
2331,1113,Timeliness,Trade timestamp older than allowed window,2026-01-01T22:10:58.525805
2332,1115,Timeliness,Trade timestamp older than allowed window,2026-01-01T22:10:58.525805
2333,1117,Timeliness,Trade timestamp older than allowed window,2026-01-01T22:10:58.525805
2334,1159,Timeliness,Trade timestamp older than allowed window,2026-01-01T22:10:58.525805
2335,1165,Timeliness,Trade timestamp older than allowed window,2026-01-01T22:10:58.525805
2336,1169,Timeliness,Trade timestamp older than allowed window,2026-01-01T22:10:58.525805
2337,1181,Timeliness,Trade timestamp older than allowed window,2026-01-01T22:10:58.525805
2338,1234,Timeliness,Trade timestamp older than allowed window,2026-01-01T22:10:58.525805
2339,1272,Timeliness,Trade timestamp older than allowed window,2026-01-01T22:10:58.525805
2340,1316,Timeliness,Trade timestamp older than allowed window,2026-01-01T22:10:58.525805
2341,1318,Timeliness,Trade timestamp older than allowed window,2026-01-01T22:10:58.525805
2342,1327,Timeliness,Trade timestamp older than allowed window,2026-01-01T22:10:58.525805
2343,1364,Timeliness,Trade timestamp older than allowed window,2026-01-01T22:10:58.525805
2344,1366,Timeliness,Trade timestamp older than allowed window,2026-01-01T22:10:58.525805
2345,1438,Timeliness,Trade timestamp older than allowed window,2026-01-01T22:10:58.525805
2346,1454,Timeliness,Trade timestamp older than allowed window,2026-01-01T22:10:58.525805
2347,1486,Timeliness,Trade timestamp older than allowed window,2026-01-01T22:10:58.525805
2348,1508,Timeliness,Trade timestamp older than allowed window,2026-01-01T22:10:58.525805
2349,1559,Timeliness,Trade timestamp older than allowed window,2026-01-01T22:10:58.525805
2350,1594,Timeliness,Trade timestamp older than allowed window,2026-01-01T22:10:58.525805
2351,1599,Timeliness,Trade timestamp older than allowed window,2026-01-01T22:10:58.525805
2352,1601,Timeliness,Trade timestamp older than allowed window,2026-01-01T22:10:58.525805
2353,1670,Timeliness,Trade timestamp older than allowed window,2026-01-01T22:10:58.525805
2354,1675,Timeliness,Trade timestamp older than allowed window,2026-01-01T22:10:58.525805
2355,1741,Timeliness,Trade timestamp older than allowed window,2026-01-01T22:10:58.525805
2356,1826,Timeliness,Trade timestamp older than allowed window,2026-01-01T22:10:58.525805
2357,1984,Timeliness,Trade timestamp older than allowed window,2026-01-01T22:10:58.525805
2358,2002,Timeliness,Trade timestamp older than allowed window,2026-01-01T22:10:58.525805
2359,2004,Timeliness,Trade timestamp older than allowed window,2026-01-01T22:10:58.525805
2360,2005,Timeliness,Trade timestamp older than allowed window,2026-01-01T22:10:58.525805
2361,2007,Timeliness,Trade timestamp older than allowed window,2026-01-01T22:10:58.525805
2362,2070,Timeliness,Trade timestamp older than allowed window,2026-01-01T22:10:58.525805
2363,2116,Timeliness,Trade timestamp older than allowed window,2026-01-01T22:10:58.525805
2364,2326,Timeliness,Trade timestamp older than allowed window,2026-01-01T22:10:58.525805
2365,2413,Timeliness,Trade timestamp older than allowed window,2026-01-01T22:10:58.525805
2366,2433,Timeliness,Trade timestamp older than allowed window,2026-01-01T22:10:58.525805
2367,2507,Timeliness,Trade timestamp older than allowed window,2026-01-01T22:10:58.525805
2368,2514,Timeliness,Trade timestamp older than allowed window,2026-01-01T22:10:58.525805
2369,2555,Timeliness,Trade timestamp older than allowed window,2026-01-01T22:10:58.525805
2370,2565,Timeliness,Trade timestamp older than allowed window,2026-01-01T22:10:58.525805
2371,2577,Timeliness,Trade timestamp older than allowed window,2026-01-01T22:10:58.525805
2372,2611,Timeliness,Trade timestamp older than allowed window,2026-01-01T22:10:58.525805
2373,2628,Timeliness,Trade timestamp older than allowed window,2026-01-01T22:10:58.525805
2374,2677,Timeliness,Trade timestamp older than allowed window,2026-01-01T22:10:58.525805
2375,2685,Timeliness,Trade timestamp older than allowed window,2026-01-01T22:10:58.525805
2376,2687,Timeliness,Trade timestamp older than allowed window,2026-01-01T22:10:58.525805
2377,2765,Timeliness,Trade timestamp older than allowed window,2026-01-01T22:10:58.525805
2378,2774,Timeliness,Trade timestamp older than allowed window,2026-01-01T22:10:58.525805
2379,2799,Timeliness,Trade timestamp older than allowed window,2026-01-01T22:10:58.525805
2380,2802,Timeliness,Trade timestamp older than allowed window,2026-01-01T22:10:58.525805
2381,2851,Timeliness,Trade timestamp older than allowed window,2026-01-01T22:10:58.525805
2382,2909,Timeliness,Trade timestamp older than allowed window,2026-01-01T22:10:58.525805
2383,2956,Timeliness,Trade timestamp older than allowed window,2026-01-01T22:10:58.525805
2384,3005,Timeliness,Trade timestamp older than allowed window,2026-01-01T22:10:58.525805
2385,3036,Timeliness,Trade timestamp older than allowed window,2026-01-01T22:10:58.525805
2386,3078,Timeliness,Trade timestamp older than allowed window,2026-01-01T22:10:58.525805
2387,3131,Timeliness,Trade timestamp older than allowed window,2026-01-01T22:10:58.525805
2388,3138,Timeliness,Trade timestamp older than allowed window,2026-01-01T22:10:58.525805
2389,3161,Timeliness,Trade timestamp older than allowed window,2026-01-01T22:10:58.525805
2390,3169,Timeliness,Trade timestamp older than allowed window,2026-01-01T22:10:58.525805
2391,3236,Timeliness,Trade timestamp older than allowed window,2026-01-01T22:10:58.525805
2392,3256,Timeliness,Trade timestamp older than allowed window,2026-01-01T22:10:58.525805
2393,3279,Timeliness,Trade timestamp older than allowed window,2026-01-01T22:10:58.525805
2394,3283,Timeliness,Trade timestamp older than allowed window,2026-01-01T22:10:58.525805
2395,3328,Timeliness,Trade timestamp older than allowed window,2026-01-01T22:10:58.525805
2396,3399,Timeliness,Trade timestamp older than allowed window,2026-01-01T22:10:58.525805
2397,3421,Timeliness,Trade timestamp older than allowed window,2026-01-01T22:10:58.525805
2398,3453,Timeliness,Trade timestamp older than allowed window,2026-01-01T22:10:58.525805
2399,3487,Timeliness,Trade timestamp older than allowed window,2026-01-01T22:10:58.525805
2400,3490,Timeliness,Trade timestamp older than allowed window,2026-01-01T22:10:58.525805
2401,3636,Timeliness,Trade timestamp older than allowed window,2026-01-01T22:10:58.525805
2402,3733,Timeliness,Trade timestamp older than allowed window,2026-01-01T22:10:58.525805
2403,3811,Timeliness,Trade timestamp older than allowed window,2026-01-01T22:10:58.525805
2404,3826,Timeliness,Trade timestamp older than allowed window,2026-01-01T22:10:58.525805
2405,3865,Timeliness,Trade timestamp older than allowed window,2026-01-01T22:10:58.525805
2406,3874,Timeliness,Trade timestamp older than allowed window,2026-01-01T22:10:58.525805
2407,3876,Timeliness,Trade timestamp older than allowed window,2026-01-01T22:10:58.525805
2408,3880,Timeliness,Trade timestamp older than allowed window,2026-01-01T22:10:58.525805
2409,3893,Timeliness,Trade timestamp older than allowed window,2026-01-01T22:10:58.525805
2410,3901,Timeliness,Trade timestamp older than allowed window,2026-01-01T22:10:58.525805
2411,3950,Timeliness,Trade timestamp older than allowed window,2026-01-01T22:10:58.525805
2412,3968,Timeliness,Trade timestamp older than allowed window,2026-01-01T22:10:58.525805
2413,3973,Timeliness,Trade timestamp older than allowed window,2026-01-01T22:10:58.525805
2414,3975,Timeliness,Trade timestamp older than allowed window,2026-01-01T22:10:58.525805
2415,3994,Timeliness,Trade timestamp older than allowed window,2026-01-01T22:10:58.525805
2416,4024,Timeliness,Trade timestamp older than allowed window,2026-01-01T22:10:58.525805
2417,4029,Timeliness,Trade timestamp older than allowed window,2026-01-01T22:10:58.525805
2418,4034,Timeliness,Trade timestamp older than allowed window,2026-01-01T22:10:58.525805
2419,4039,Timeliness,Trade timestamp older than allowed window,2026-01-01T22:10:58.525805
2420,4094,Timeliness,Trade timestamp older than allowed window,2026-01-01T22:10:58.525805
2421,4097,Timeliness,Trade timestamp older than allowed window,2026-01-01T22:10:58.525805
2422,4160,Timeliness,Trade timestamp older than allowed window,2026-01-01T22:10:58.525805
2423,4173,Timeliness,Trade timestamp older than allowed window,2026-01-01T22:10:58.525805
2424,4223,Timeliness,Trade timestamp older than allowed window,2026-01-01T22:10:58.525805
2425,4290,Timeliness,Trade timestamp older than allowed window,2026-01-01T22:10:58.525805
2426,4323,Timeliness,Trade timestamp older than allowed window,2026-01-01T22:10:58.525805
2427,4342,Timeliness,Trade timestamp older than allowed window,2026-01-01T22:10:58.525805
2428,4368,Timeliness,Trade timestamp older than allowed window,2026-01-01T22:10:58.525805
2429,4389,Timeliness,Trade timestamp older than allowed window,2026-01-01T22:10:58.525805
2430,4404,Timeliness,Trade timestamp older than allowed window,2026-01-01T22:10:58.525805
2431,4414,Timeliness,Trade timestamp older than allowed window,2026-01-01T22:10:58.525805
2432,4467,Timeliness,Trade timestamp older than allowed window,2026-01-01T22:10:58.525805
2433,4486,Timeliness,Trade timestamp older than allowed window,2026-01-01T22:10:58.525805
2434,4499,Timeliness,Trade timestamp older than allowed window,2026-01-01T22:10:58.525805
2435,4512,Timeliness,Trade timestamp older than allowed window,2026-01-01T22:10:58.525805
2436,4517,Timeliness,Trade timestamp older than allowed window,2026-01-01T22:10:58.525805
2437,4533,Timeliness,Trade timestamp older than allowed window,2026-01-01T22:10:58.525805
2438,4572,Timeliness,Trade timestamp older than allowed window,2026-01-01T22:10:58.525805
2439,4590,Timeliness,Trade timestamp older than allowed window,2026-01-01T22:10:58.525805
2440,4626,Timeliness,Trade timestamp older than allowed window,2026-01-01T22:10:58.525805
2441,4655,Timeliness,Trade timestamp older than allowed window,2026-01-01T22:10:58.525805
2442,4672,Timeliness,Trade timestamp older than allowed window,2026-01-01T22:10:58.525805
2443,4689,Timeliness,Trade timestamp older than allowed window,2026-01-01T22:10:58.525805
2444,4694,Timeliness,Trade timestamp older than allowed window,2026-01-01T22:10:58.525805
2445,4727,Timeliness,Trade timestamp older than allowed window,2026-01-01T22:10:58.525805
2446,4740,Timeliness,Trade timestamp older than allowed window,2026-01-01T22:10:58.525805
2447,4748,Timeliness,Trade timestamp older than allowed window,2026-01-01T22:10:58.525805
2448,4776,Timeliness,Trade timestamp older than allowed window,2026-01-01T22:10:58.525805
2449,4806,Timeliness,Trade timestamp older than allowed window,2026-01-01T22:10:58.525805
2450,4824,Timeliness,Trade timestamp older than allowed window,2026-01-01T22:10:58.525805
2451,4895,Timeliness,Trade timestamp older than allowed window,2026-01-01T22:10:58.525805
2452,4903,Timeliness,Trade timestamp older than allowed window,2026-01-01T22:10:58.525805
2453,4988,Timeliness,Trade timestamp older than allowed window,2026-01-01T22:10:58.525805
2454,4991,Timeliness,Trade timestamp older than allowed window,2026-01-01T22:10:58.525805
2455,4997,Timeliness,Trade timestamp older than allowed window,2026-01-01T22:10:58.525805
2456,5033,Timeliness,Trade timestamp older than allowed window,2026-01-01T22:10:58.525805
2457,5039,Timeliness,Trade timestamp older than allowed window,2026-01-01T22:10:58.525805
2458,5168,Timeliness,Trade timestamp older than allowed window,2026-01-01T22:10:58.525805
2459,5197,Timeliness,Trade timestamp older than allowed window,2026-01-01T22:10:58.525805
2460,5203,Timeliness,Trade timestamp older than allowed window,2026-01-01T22:10:58.525805
2461,5292,Timeliness,Trade timestamp older than allowed window,2026-01-01T22:10:58.525805
2462,5340,Timeliness,Trade timestamp older than allowed window,2026-01-01T22:10:58.525805
2463,5351,Timeliness,Trade timestamp older than allowed window,2026-01-01T22:10:58.525805
2464,5367,Timeliness,Trade timestamp older than allowed window,2026-01-01T22:10:58.525805
2465,5389,Timeliness,Trade timestamp older than allowed window,2026-01-01T22:10:58.525805
2466,5408,Timeliness,Trade timestamp older than allowed window,2026-01-01T22:10:58.525805
2467,5448,Timeliness,Trade timestamp older than allowed window,2026-01-01T22:10:58.525805
2468,5457,Timeliness,Trade timestamp older than allowed window,2026-01-01T22:10:58.525805
2469,5510,Timeliness,Trade timestamp older than allowed window,2026-01-01T22:10:58.525805
2470,5545,Timeliness,Trade timestamp older than allowed window,2026-01-01T22:10:58.525805
2471,5590,Timeliness,Trade timestamp older than allowed window,2026-01-01T22:10:58.525805
2472,5641,Timeliness,Trade timestamp older than allowed window,2026-01-01T22:10:58.525805
2473,5647,Timeliness,Trade timestamp older than allowed window,2026-01-01T22:10:58.525805
2474,5708,Timeliness,Trade timestamp older than allowed window,2026-01-01T22:10:58.525805
2475,5719,Timeliness,Trade timestamp older than allowed window,2026-01-01T22:10:58.525805
2476,5735,Timeliness,Trade timestamp older than allowed window,2026-01-01T22:10:58.525805
2477,5754,Timeliness,Trade timestamp older than allowed window,2026-01-01T22:10:58.525805
2478,5764,Timeliness,Trade timestamp older than allowed window,2026-01-01T22:10:58.525805
2479,5766,Timeliness,Trade timestamp older than allowed window,2026-01-01T22:10:58.525805
2480,5823,Timeliness,Trade timestamp older than allowed window,2026-01-01T22:10:58.525805
2481,5834,Timeliness,Trade timestamp older than allowed window,2026-01-01T22:10:58.525805
2482,5863,Timeliness,Trade timestamp older than allowed window,2026-01-01T22:10:58.525805
2483,5868,Timeliness,Trade timestamp older than allowed window,2026-01-01T22:10:58.525805
2484,5875,Timeliness,Trade timestamp older than allowed window,2026-01-01T22:10:58.525805
2485,5909,Timeliness,Trade timestamp older than allowed window,2026-01-01T22:10:58.525805
2486,6166,Timeliness,Trade timestamp older than allowed window,2026-01-01T22:10:58.525805
2487,6170,Timeliness,Trade timestamp older than allowed window,2026-01-01T22:10:58.525805
2488,6172,Timeliness,Trade timestamp older than allowed window,2026-01-01T22:10:58.525805
2489,6174,Timeliness,Trade timestamp older than allowed window,2026-01-01T22:10:58.525805
2490,6188,Timeliness,Trade timestamp older than allowed window,2026-01-01T22:10:58.525805
2491,6208,Timeliness,Trade timestamp older than allowed window,2026-01-01T22:10:58.525805
2492,6267,Timeliness,Trade timestamp older than allowed window,2026-01-01T22:10:58.525805
2493,6271,Timeliness,Trade timestamp older than allowed window,2026-01-01T22:10:58.525805
2494,6274,Timeliness,Trade timestamp older than allowed window,2026-01-01T22:10:58.525805
2495,6294,Timeliness,Trade timestamp older than allowed window,2026-01-01T22:10:58.525805
2496,6297,Timeliness,Trade timestamp older than allowed window,2026-01-01T22:10:58.525805
2497,6301,Timeliness,Trade timestamp older than allowed window,2026-01-01T22:10:58.525805
2498,6329,Timeliness,Trade timestamp older than allowed window,2026-01-01T22:10:58.525805
2499,6333,Timeliness,Trade timestamp older than allowed window,2026-01-01T22:10:58.525805
2500,6339,Timeliness,Trade timestamp older than allowed window,2026-01-01T22:10:58.525805
2501,6495,Timeliness,Trade timestamp older than allowed window,2026-01-01T22:10:58.525805
2502,6515,Timeliness,Trade timestamp older than allowed window,2026-01-01T22:10:58.525805
2503,6548,Timeliness,Trade timestamp older than allowed window,2026-01-01T22:10:58.525805
2504,6549,Timeliness,Trade timestamp older than allowed window,2026-01-01T22:10:58.525805
2505,6580,Timeliness,Trade timestamp older than allowed window,2026-01-01T22:10:58.525805
2506,6617,Timeliness,Trade timestamp older than allowed window,2026-01-01T22:10:58.525805
2507,6620,Timeliness,Trade timestamp older than allowed window,2026-01-01T22:10:58.525805
2508,6691,Timeliness,Trade timestamp older than allowed window,2026-01-01T22:10:58.525805
2509,6715,Timeliness,Trade timestamp older than allowed window,2026-01-01T22:10:58.525805
2510,6739,Timeliness,Trade timestamp older than allowed window,2026-01-01T22:10:58.525805
2511,6830,Timeliness,Trade timestamp older than allowed window,2026-01-01T22:10:58.525805
2512,6925,Timeliness,Trade timestamp older than allowed window,2026-01-01T22:10:58.525805
2513,6965,Timeliness,Trade timestamp older than allowed window,2026-01-01T22:10:58.525805
2514,7030,Timeliness,Trade timestamp older than allowed window,2026-01-01T22:10:58.525805
2515,7085,Timeliness,Trade timestamp older than allowed window,2026-01-01T22:10:58.525805
2516,7088,Timeliness,Trade timestamp older than allowed window,2026-01-01T22:10:58.525805
2517,7124,Timeliness,Trade timestamp older than allowed window,2026-01-01T22:10:58.525805
2518,7133,Timeliness,Trade timestamp older than allowed window,2026-01-01T22:10:58.525805
2519,7159,Timeliness,Trade timestamp older than allowed window,2026-01-01T22:10:58.525805
2520,7173,Timeliness,Trade timestamp older than allowed window,2026-01-01T22:10:58.525805
2521,7176,Timeliness,Trade timestamp older than allowed window,2026-01-01T22:10:58.525805
2522,7195,Timeliness,Trade timestamp older than allowed window,2026-01-01T22:10:58.525805
2523,7242,Timeliness,Trade timestamp older than allowed window,2026-01-01T22:10:58.525805
2524,7250,Timeliness,Trade timestamp older than allowed window,2026-01-01T22:10:58.525805
2525,7255,Timeliness,Trade timestamp older than allowed window,2026-01-01T22:10:58.525805
2526,7263,Timeliness,Trade timestamp older than allowed window,2026-01-01T22:10:58.525805
2527,7290,Timeliness,Trade timestamp older than allowed window,2026-01-01T22:10:58.525805
2528,7321,Timeliness,Trade timestamp older than allowed window,2026-01-01T22:10:58.525805
2529,7335,Timeliness,Trade timestamp older than allowed window,2026-01-01T22:10:58.525805
2530,7368,Timeliness,Trade timestamp older than allowed window,2026-01-01T22:10:58.525805
2531,7379,Timeliness,Trade timestamp older than allowed window,2026-01-01T22:10:58.525805
2532,7433,Timeliness,Trade timestamp older than allowed window,2026-01-01T22:10:58.525805
2533,7508,Timeliness,Trade timestamp older than allowed window,2026-01-01T22:10:58.525805
2534,7521,Timeliness,Trade timestamp older than allowed window,2026-01-01T22:10:58.525805
2535,7528,Timeliness,Trade timestamp older than allowed window,2026-01-01T22:10:58.525805
2536,7557,Timeliness,Trade timestamp older than allowed window,2026-01-01T22:10:58.525805
2537,7584,Timeliness,Trade timestamp older than allowed window,2026-01-01T22:10:58.525805
2538,7593,Timeliness,Trade timestamp older than allowed window,2026-01-01T22:10:58.525805
2539,7608,Timeliness,Trade timestamp older than allowed window,2026-01-01T22:10:58.525805
2540,7652,Timeliness,Trade timestamp older than allowed window,2026-01-01T22:10:58.525805
2541,7689,Timeliness,Trade timestamp older than allowed window,2026-01-01T22:10:58.525805
2542,7695,Timeliness,Trade timestamp older than allowed window,2026-01-01T22:10:58.525805
2543,7702,Timeliness,Trade timestamp older than allowed window,2026-01-01T22:10:58.525805
2544,7704,Timeliness,Trade timestamp older than allowed window,2026-01-01T22:10:58.525805
2545,7751,Timeliness,Trade timestamp older than allowed window,2026-01-01T22:10:58.525805
2546,7784,Timeliness,Trade timestamp older than allowed window,2026-01-01T22:10:58.525805
2547,7787,Timeliness,Trade timestamp older than allowed window,2026-01-01T22:10:58.525805
2548,7803,Timeliness,Trade timestamp older than allowed window,2026-01-01T22:10:58.525805
2549,7822,Timeliness,Trade timestamp older than allowed window,2026-01-01T22:10:58.525805
2550,7826,Timeliness,Trade timestamp older than allowed window,2026-01-01T22:10:58.525805
2551,7857,Timeliness,Trade timestamp older than allowed window,2026-01-01T22:10:58.525805
2552,7863,Timeliness,Trade timestamp older than allowed window,2026-01-01T22:10:58.525805
2553,7871,Timeliness,Trade timestamp older than allowed window,2026-01-01T22:10:58.525805
2554,7874,Timeliness,Trade timestamp older than allowed window,2026-01-01T22:10:58.525805
2555,7935,Timeliness,Trade timestamp older than allowed window,2026-01-01T22:10:58.525805
2556,7955,Timeliness,Trade timestamp older than allowed window,2026-01-01T22:10:58.525805
2557,7972,Timeliness,Trade timestamp older than allowed window,2026-01-01T22:10:58.525805
2558,8054,Timeliness,Trade timestamp older than allowed window,2026-01-01T22:10:58.525805
2559,8070,Timeliness,Trade timestamp older than allowed window,2026-01-01T22:10:58.525805
2560,8084,Timeliness,Trade timestamp older than allowed window,2026-01-01T22:10:58.525805
2561,8133,Timeliness,Trade timestamp older than allowed window,2026-01-01T22:10:58.525805
2562,8145,Timeliness,Trade timestamp older than allowed window,2026-01-01T22:10:58.525805
2563,8160,Timeliness,Trade timestamp older than allowed window,2026-01-01T22:10:58.525805
2564,8221,Timeliness,Trade timestamp older than allowed window,2026-01-01T22:10:58.525805
2565,8236,Timeliness,Trade timestamp older than allowed window,2026-01-01T22:10:58.525805
2566,8258,Timeliness,Trade timestamp older than allowed window,2026-01-01T22:10:58.525805
2567,8273,Timeliness,Trade timestamp older than allowed window,2026-01-01T22:10:58.525805
2568,8274,Timeliness,Trade timestamp older than allowed window,2026-01-01T22:10:58.525805
2569,8276,Timeliness,Trade timestamp older than allowed window,2026-01-01T22:10:58.525805
2570,8299,Timeliness,Trade timestamp older than allowed window,2026-01-01T22:10:58.525805
2571,8308,Timeliness,Trade timestamp older than allowed window,2026-01-01T22:10:58.525805
2572,8319,Timeliness,Trade timestamp older than allowed window,2026-01-01T22:10:58.525805
2573,8340,Timeliness,Trade timestamp older than allowed window,2026-01-01T22:10:58.525805
2574,8368,Timeliness,Trade timestamp older than allowed window,2026-01-01T22:10:58.525805
2575,8439,Timeliness,Trade timestamp older than allowed window,2026-01-01T22:10:58.525805
2576,8446,Timeliness,Trade timestamp older than allowed window,2026-01-01T22:10:58.525805
2577,8449,Timeliness,Trade timestamp older than allowed window,2026-01-01T22:10:58.525805
2578,8537,Timeliness,Trade timestamp older than allowed window,2026-01-01T22:10:58.525805
2579,8570,Timeliness,Trade timestamp older than allowed window,2026-01-01T22:10:58.525805
2580,8620,Timeliness,Trade timestamp older than allowed window,2026-01-01T22:10:58.525805
2581,8631,Timeliness,Trade timestamp older than allowed window,2026-01-01T22:10:58.525805
2582,8661,Timeliness,Trade timestamp older than allowed window,2026-01-01T22:10:58.525805
2583,8662,Timeliness,Trade timestamp older than allowed window,2026-01-01T22:10:58.525805
2584,8729,Timeliness,Trade timestamp older than allowed window,2026-01-01T22:10:58.525805
2585,8735,Timeliness,Trade timestamp older than allowed window,2026-01-01T22:10:58.525805
2586,8782,Timeliness,Trade timestamp older than allowed window,2026-01-01T22:10:58.525805
2587,8804,Timeliness,Trade timestamp older than allowed window,2026-01-01T22:10:58.525805
2588,8818,Timeliness,Trade timestamp older than allowed window,2026-01-01T22:10:58.525805
2589,8900,Timeliness,Trade timestamp older than allowed window,2026-01-01T22:10:58.525805
2590,8903,Timeliness,Trade timestamp older than allowed window,2026-01-01T22:10:58.525805
2591,8929,Timeliness,Trade timestamp older than allowed window,2026-01-01T22:10:58.525805
2592,9003,Timeliness,Trade timestamp older than allowed window,2026-01-01T22:10:58.525805
2593,9023,Timeliness,Trade timestamp older than allowed window,2026-01-01T22:10:58.525805
2594,9038,Timeliness,Trade timestamp older than allowed window,2026-01-01T22:10:58.525805
2595,9051,Timeliness,Trade timestamp older than allowed window,2026-01-01T22:10:58.525805
2596,9088,Timeliness,Trade timestamp older than allowed window,2026-01-01T22:10:58.525805
2597,9100,Timeliness,Trade timestamp older than allowed window,2026-01-01T22:10:58.525805
2598,9104,Timeliness,Trade timestamp older than allowed window,2026-01-01T22:10:58.525805
2599,9229,Timeliness,Trade timestamp older than allowed window,2026-01-01T22:10:58.525805
2600,9236,Timeliness,Trade timestamp older than allowed window,2026-01-01T22:10:58.525805
2601,9240,Timeliness,Trade timestamp older than allowed window,2026-01-01T22:10:58.525805
2602,9250,Timeliness,Trade timestamp older than allowed window,2026-01-01T22:10:58.525805
2603,9258,Timeliness,Trade timestamp older than allowed window,2026-01-01T22:10:58.525805
2604,9294,Timeliness,Trade timestamp older than allowed window,2026-01-01T22:10:58.525805
2605,9298,Timeliness,Trade timestamp older than allowed window,2026-01-01T22:10:58.525805
2606,9343,Timeliness,Trade timestamp older than allowed window,2026-01-01T22:10:58.525805
2607,9409,Timeliness,Trade timestamp older than allowed window,2026-01-01T22:10:58.525805
2608,9422,Timeliness,Trade timestamp older than allowed window,2026-01-01T22:10:58.525805
2609,9435,Timeliness,Trade timestamp older than allowed window,2026-01-01T22:10:58.525805
2610,9454,Timeliness,Trade timestamp older than allowed window,2026-01-01T22:10:58.525805
2611,9480,Timeliness,Trade timestamp older than allowed window,2026-01-01T22:10:58.525805
2612,9487,Timeliness,Trade timestamp older than allowed window,2026-01-01T22:10:58.525805
2613,9488,Timeliness,Trade timestamp older than allowed window,2026-01-01T22:10:58.525805
2614,9581,Timeliness,Trade timestamp older than allowed window,2026-01-01T22:10:58.525805
2615,9598,Timeliness,Trade timestamp older than allowed window,2026-01-01T22:10:58.525805
2616,9702,Timeliness,Trade timestamp older than allowed window,2026-01-01T22:10:58.525805
2617,9707,Timeliness,Trade timestamp older than allowed window,2026-01-01T22:10:58.525805
2618,9724,Timeliness,Trade timestamp older than allowed window,2026-01-01T22:10:58.525805
2619,9738,Timeliness,Trade timestamp older than allowed window,2026-01-01T22:10:58.525805
2620,9855,Timeliness,Trade timestamp older than allowed window,2026-01-01T22:10:58.525805
2621,9914,Timeliness,Trade timestamp older than allowed window,2026-01-01T22:10:58.525805
2622,9942,Timeliness,Trade timestamp older than allowed window,2026-01-01T22:10:58.525805
2623,18,Accuracy,Price or Quantity is non-positive,2026-01-01T22:10:58.371084
2624,79,Accuracy,Price or Quantity is non-positive,2026-01-01T22:10:58.371084
2625,80,Accuracy,Price or Quantity is non-positive,2026-01-01T22:10:58.371084
2626,84,Accuracy,Price or Quantity is non-positive,2026-01-01T22:10:58.371084
2627,85,Accuracy,Price or Quantity is non-positive,2026-01-01T22:10:58.371084
2628,89,Accuracy,Price or Quantity is non-positive,2026-01-01T22:10:58.371084
2629,90,Accuracy,Price or Quantity is non-positive,2026-01-01T22:10:58.371084
2630,129,Accuracy,Price or Quantity is non-positive,2026-01-01T22:10:58.371084
2631,142,Accuracy,Price or Quantity is non-positive,2026-01-01T22:10:58.371084
2632,165,Accuracy,Price or Quantity is non-positive,2026-01-01T22:10:58.371084
2633,197,Accuracy,Price or Quantity is non-positive,2026-01-01T22:10:58.371084
2634,231,Accuracy,Price or Quantity is non-positive,2026-01-01T22:10:58.371084
2635,255,Accuracy,Price or Quantity is non-positive,2026-01-01T22:10:58.371084
2636,272,Accuracy,Price or Quantity is non-positive,2026-01-01T22:10:58.371084
2637,274,Accuracy,Price or Quantity is non-positive,2026-01-01T22:10:58.371084
2638,286,Accuracy,Price or Quantity is non-positive,2026-01-01T22:10:58.371084
2639,306,Accuracy,Price or Quantity is non-positive,2026-01-01T22:10:58.371084
2640,346,Accuracy,Price or Quantity is non-positive,2026-01-01T22:10:58.371084
2641,419,Accuracy,Price or Quantity is non-positive,2026-01-01T22:10:58.371084
2642,495,Accuracy,Price or Quantity is non-positive,2026-01-01T22:10:58.371084
2643,508,Accuracy,Price or Quantity is non-positive,2026-01-01T22:10:58.371084
2644,536,Accuracy,Price or Quantity is non-positive,2026-01-01T22:10:58.371084
2645,577,Accuracy,Price or Quantity is non-positive,2026-01-01T22:10:58.371084
2646,583,Accuracy,Price or Quantity is non-positive,2026-01-01T22:10:58.371084
2647,589,Accuracy,Price or Quantity is non-positive,2026-01-01T22:10:58.371084
2648,629,Accuracy,Price or Quantity is non-positive,2026-01-01T22:10:58.371084
2649,664,Accuracy,Price or Quantity is non-positive,2026-01-01T22:10:58.371084
2650,680,Accuracy,Price or Quantity is non-positive,2026-01-01T22:10:58.371084
2651,681,Accuracy,Price or Quantity is non-positive,2026-01-01T22:10:58.371084
2652,704,Accuracy,Price or Quantity is non-positive,2026-01-01T22:10:58.371084
2653,723,Accuracy,Price or Quantity is non-positive,2026-01-01T22:10:58.371084
2654,730,Accuracy,Price or Quantity is non-positive,2026-01-01T22:10:58.371084
2655,754,Accuracy,Price or Quantity is non-positive,2026-01-01T22:10:58.371084
2656,794,Accuracy,Price or Quantity is non-positive,2026-01-01T22:10:58.371084
2657,844,Accuracy,Price or Quantity is non-positive,2026-01-01T22:10:58.371084
2658,846,Accuracy,Price or Quantity is non-positive,2026-01-01T22:10:58.371084
2659,847,Accuracy,Price or Quantity is non-positive,2026-01-01T22:10:58.371084
2660,880,Accuracy,Price or Quantity is non-positive,2026-01-01T22:10:58.371084
2661,885,Accuracy,Price or Quantity is non-positive,2026-01-01T22:10:58.371084
2662,891,Accuracy,Price or Quantity is non-positive,2026-01-01T22:10:58.371084
2663,907,Accuracy,Price or Quantity is non-positive,2026-01-01T22:10:58.371084
2664,909,Accuracy,Price or Quantity is non-positive,2026-01-01T22:10:58.371084
2665,911,Accuracy,Price or Quantity is non-positive,2026-01-01T22:10:58.371084
2666,935,Accuracy,Price or Quantity is non-positive,2026-01-01T22:10:58.371084
2667,993,Accuracy,Price or Quantity is non-positive,2026-01-01T22:10:58.371084
2668,998,Accuracy,Price or Quantity is non-positive,2026-01-01T22:10:58.371084
2669,1003,Accuracy,Price or Quantity is non-positive,2026-01-01T22:10:58.371084
2670,1032,Accuracy,Price or Quantity is non-positive,2026-01-01T22:10:58.371084
2671,1038,Accuracy,Price or Quantity is non-positive,2026-01-01T22:10:58.371084
2672,1056,Accuracy,Price or Quantity is non-positive,2026-01-01T22:10:58.371084
2673,1073,Accuracy,Price or Quantity is non-positive,2026-01-01T22:10:58.371084
2674,1079,Accuracy,Price or Quantity is non-positive,2026-01-01T22:10:58.371084
2675,1088,Accuracy,Price or Quantity is non-positive,2026-01-01T22:10:58.371084
2676,1151,Accuracy,Price or Quantity is non-positive,2026-01-01T22:10:58.371084
2677,1152,Accuracy,Price or Quantity is non-positive,2026-01-01T22:10:58.371084
2678,1155,Accuracy,Price or Quantity is non-positive,2026-01-01T22:10:58.371084
2679,1160,Accuracy,Price or Quantity is non-positive,2026-01-01T22:10:58.371084
2680,1172,Accuracy,Price or Quantity is non-positive,2026-01-01T22:10:58.371084
2681,1181,Accuracy,Price or Quantity is non-positive,2026-01-01T22:10:58.371084
2682,1205,Accuracy,Price or Quantity is non-positive,2026-01-01T22:10:58.371084
2683,1209,Accuracy,Price or Quantity is non-positive,2026-01-01T22:10:58.371084
2684,1221,Accuracy,Price or Quantity is non-positive,2026-01-01T22:10:58.371084
2685,1248,Accuracy,Price or Quantity is non-positive,2026-01-01T22:10:58.371084
2686,1264,Accuracy,Price or Quantity is non-positive,2026-01-01T22:10:58.371084
2687,1267,Accuracy,Price or Quantity is non-positive,2026-01-01T22:10:58.371084
2688,1282,Accuracy,Price or Quantity is non-positive,2026-01-01T22:10:58.371084
2689,1296,Accuracy,Price or Quantity is non-positive,2026-01-01T22:10:58.371084
2690,1326,Accuracy,Price or Quantity is non-positive,2026-01-01T22:10:58.371084
2691,1331,Accuracy,Price or Quantity is non-positive,2026-01-01T22:10:58.371084
2692,1365,Accuracy,Price or Quantity is non-positive,2026-01-01T22:10:58.371084
2693,1391,Accuracy,Price or Quantity is non-positive,2026-01-01T22:10:58.371084
2694,1405,Accuracy,Price or Quantity is non-positive,2026-01-01T22:10:58.371084
2695,1415,Accuracy,Price or Quantity is non-positive,2026-01-01T22:10:58.371084
2696,1448,Accuracy,Price or Quantity is non-positive,2026-01-01T22:10:58.371084
2697,1478,Accuracy,Price or Quantity is non-positive,2026-01-01T22:10:58.371084
2698,1525,Accuracy,Price or Quantity is non-positive,2026-01-01T22:10:58.371084
2699,1526,Accuracy,Price or Quantity is non-positive,2026-01-01T22:10:58.371084
2700,1571,Accuracy,Price or Quantity is non-positive,2026-01-01T22:10:58.371084
2701,1577,Accuracy,Price or Quantity is non-positive,2026-01-01T22:10:58.371084
2702,1609,Accuracy,Price or Quantity is non-positive,2026-01-01T22:10:58.371084
2703,1665,Accuracy,Price or Quantity is non-positive,2026-01-01T22:10:58.371084
2704,1680,Accuracy,Price or Quantity is non-positive,2026-01-01T22:10:58.371084
2705,1737,Accuracy,Price or Quantity is non-positive,2026-01-01T22:10:58.371084
2706,1783,Accuracy,Price or Quantity is non-positive,2026-01-01T22:10:58.371084
2707,1809,Accuracy,Price or Quantity is non-positive,2026-01-01T22:10:58.371084
2708,1812,Accuracy,Price or Quantity is non-positive,2026-01-01T22:10:58.371084
2709,1825,Accuracy,Price or Quantity is non-positive,2026-01-01T22:10:58.371084
2710,1829,Accuracy,Price or Quantity is non-positive,2026-01-01T22:10:58.371084
2711,1887,Accuracy,Price or Quantity is non-positive,2026-01-01T22:10:58.371084
2712,1892,Accuracy,Price or Quantity is non-positive,2026-01-01T22:10:58.371084
2713,1929,Accuracy,Price or Quantity is non-positive,2026-01-01T22:10:58.371084
2714,1941,Accuracy,Price or Quantity is non-positive,2026-01-01T22:10:58.371084
2715,1985,Accuracy,Price or Quantity is non-positive,2026-01-01T22:10:58.371084
2716,1991,Accuracy,Price or Quantity is non-positive,2026-01-01T22:10:58.371084
2717,2004,Accuracy,Price or Quantity is non-positive,2026-01-01T22:10:58.371084
2718,2019,Accuracy,Price or Quantity is non-positive,2026-01-01T22:10:58.371084
2719,2030,Accuracy,Price or Quantity is non-positive,2026-01-01T22:10:58.371084
2720,2034,Accuracy,Price or Quantity is non-positive,2026-01-01T22:10:58.371084
2721,2037,Accuracy,Price or Quantity is non-positive,2026-01-01T22:10:58.371084
2722,2039,Accuracy,Price or Quantity is non-positive,2026-01-01T22:10:58.371084
2723,2046,Accuracy,Price or Quantity is non-positive,2026-01-01T22:10:58.371084
2724,2049,Accuracy,Price or Quantity is non-positive,2026-01-01T22:10:58.371084
2725,2081,Accuracy,Price or Quantity is non-positive,2026-01-01T22:10:58.371084
2726,2084,Accuracy,Price or Quantity is non-positive,2026-01-01T22:10:58.371084
2727,2131,Accuracy,Price or Quantity is non-positive,2026-01-01T22:10:58.371084
2728,2155,Accuracy,Price or Quantity is non-positive,2026-01-01T22:10:58.371084
2729,2284,Accuracy,Price or Quantity is non-positive,2026-01-01T22:10:58.371084
2730,2308,Accuracy,Price or Quantity is non-positive,2026-01-01T22:10:58.371084
2731,2309,Accuracy,Price or Quantity is non-positive,2026-01-01T22:10:58.371084
2732,2332,Accuracy,Price or Quantity is non-positive,2026-01-01T22:10:58.371084
2733,2344,Accuracy,Price or Quantity is non-positive,2026-01-01T22:10:58.371084
2734,2352,Accuracy,Price or Quantity is non-positive,2026-01-01T22:10:58.371084
2735,2393,Accuracy,Price or Quantity is non-positive,2026-01-01T22:10:58.371084
2736,2407,Accuracy,Price or Quantity is non-positive,2026-01-01T22:10:58.371084
2737,2447,Accuracy,Price or Quantity is non-positive,2026-01-01T22:10:58.371084
2738,2448,Accuracy,Price or Quantity is non-positive,2026-01-01T22:10:58.371084
2739,2453,Accuracy,Price or Quantity is non-positive,2026-01-01T22:10:58.371084
2740,2455,Accuracy,Price or Quantity is non-positive,2026-01-01T22:10:58.371084
2741,2479,Accuracy,Price or Quantity is non-positive,2026-01-01T22:10:58.371084
2742,2486,Accuracy,Price or Quantity is non-positive,2026-01-01T22:10:58.371084
2743,2509,Accuracy,Price or Quantity is non-positive,2026-01-01T22:10:58.371084
2744,2548,Accuracy,Price or Quantity is non-positive,2026-01-01T22:10:58.371084
2745,2577,Accuracy,Price or Quantity is non-positive,2026-01-01T22:10:58.371084
2746,2589,Accuracy,Price or Quantity is non-positive,2026-01-01T22:10:58.371084
2747,2603,Accuracy,Price or Quantity is non-positive,2026-01-01T22:10:58.371084
2748,2619,Accuracy,Price or Quantity is non-positive,2026-01-01T22:10:58.371084
2749,2685,Accuracy,Price or Quantity is non-positive,2026-01-01T22:10:58.371084
2750,2838,Accuracy,Price or Quantity is non-positive,2026-01-01T22:10:58.371084
2751,2886,Accuracy,Price or Quantity is non-positive,2026-01-01T22:10:58.371084
2752,2892,Accuracy,Price or Quantity is non-positive,2026-01-01T22:10:58.371084
2753,2894,Accuracy,Price or Quantity is non-positive,2026-01-01T22:10:58.371084
2754,2895,Accuracy,Price or Quantity is non-positive,2026-01-01T22:10:58.371084
2755,2905,Accuracy,Price or Quantity is non-positive,2026-01-01T22:10:58.371084
2756,2916,Accuracy,Price or Quantity is non-positive,2026-01-01T22:10:58.371084
2757,2922,Accuracy,Price or Quantity is non-positive,2026-01-01T22:10:58.371084
2758,2924,Accuracy,Price or Quantity is non-positive,2026-01-01T22:10:58.371084
2759,2972,Accuracy,Price or Quantity is non-positive,2026-01-01T22:10:58.371084
2760,2991,Accuracy,Price or Quantity is non-positive,2026-01-01T22:10:58.371084
2761,3022,Accuracy,Price or Quantity is non-positive,2026-01-01T22:10:58.371084
2762,3032,Accuracy,Price or Quantity is non-positive,2026-01-01T22:10:58.371084
2763,3041,Accuracy,Price or Quantity is non-positive,2026-01-01T22:10:58.371084
2764,3044,Accuracy,Price or Quantity is non-positive,2026-01-01T22:10:58.371084
2765,3082,Accuracy,Price or Quantity is non-positive,2026-01-01T22:10:58.371084
2766,3119,Accuracy,Price or Quantity is non-positive,2026-01-01T22:10:58.371084
2767,3139,Accuracy,Price or Quantity is non-positive,2026-01-01T22:10:58.371084
2768,3181,Accuracy,Price or Quantity is non-positive,2026-01-01T22:10:58.371084
2769,3184,Accuracy,Price or Quantity is non-positive,2026-01-01T22:10:58.371084
2770,3193,Accuracy,Price or Quantity is non-positive,2026-01-01T22:10:58.371084
2771,3209,Accuracy,Price or Quantity is non-positive,2026-01-01T22:10:58.371084
2772,3249,Accuracy,Price or Quantity is non-positive,2026-01-01T22:10:58.371084
2773,3256,Accuracy,Price or Quantity is non-positive,2026-01-01T22:10:58.371084
2774,3274,Accuracy,Price or Quantity is non-positive,2026-01-01T22:10:58.371084
2775,3285,Accuracy,Price or Quantity is non-positive,2026-01-01T22:10:58.371084
2776,3308,Accuracy,Price or Quantity is non-positive,2026-01-01T22:10:58.371084
2777,3321,Accuracy,Price or Quantity is non-positive,2026-01-01T22:10:58.371084
2778,3334,Accuracy,Price or Quantity is non-positive,2026-01-01T22:10:58.371084
2779,3375,Accuracy,Price or Quantity is non-positive,2026-01-01T22:10:58.371084
2780,3400,Accuracy,Price or Quantity is non-positive,2026-01-01T22:10:58.371084
2781,3412,Accuracy,Price or Quantity is non-positive,2026-01-01T22:10:58.371084
2782,3454,Accuracy,Price or Quantity is non-positive,2026-01-01T22:10:58.371084
2783,3467,Accuracy,Price or Quantity is non-positive,2026-01-01T22:10:58.371084
2784,3469,Accuracy,Price or Quantity is non-positive,2026-01-01T22:10:58.371084
2785,3514,Accuracy,Price or Quantity is non-positive,2026-01-01T22:10:58.371084
2786,3546,Accuracy,Price or Quantity is non-positive,2026-01-01T22:10:58.371084
2787,3547,Accuracy,Price or Quantity is non-positive,2026-01-01T22:10:58.371084
2788,3560,Accuracy,Price or Quantity is non-positive,2026-01-01T22:10:58.371084
2789,3572,Accuracy,Price or Quantity is non-positive,2026-01-01T22:10:58.371084
2790,3580,Accuracy,Price or Quantity is non-positive,2026-01-01T22:10:58.371084
2791,3628,Accuracy,Price or Quantity is non-positive,2026-01-01T22:10:58.371084
2792,3644,Accuracy,Price or Quantity is non-positive,2026-01-01T22:10:58.371084
2793,3688,Accuracy,Price or Quantity is non-positive,2026-01-01T22:10:58.371084
2794,3700,Accuracy,Price or Quantity is non-positive,2026-01-01T22:10:58.371084
2795,3716,Accuracy,Price or Quantity is non-positive,2026-01-01T22:10:58.371084
2796,3766,Accuracy,Price or Quantity is non-positive,2026-01-01T22:10:58.371084
2797,3804,Accuracy,Price or Quantity is non-positive,2026-01-01T22:10:58.371084
2798,3820,Accuracy,Price or Quantity is non-positive,2026-01-01T22:10:58.371084
2799,3832,Accuracy,Price or Quantity is non-positive,2026-01-01T22:10:58.371084
2800,3856,Accuracy,Price or Quantity is non-positive,2026-01-01T22:10:58.371084
2801,3889,Accuracy,Price or Quantity is non-positive,2026-01-01T22:10:58.371084
2802,3905,Accuracy,Price or Quantity is non-positive,2026-01-01T22:10:58.371084
2803,3972,Accuracy,Price or Quantity is non-positive,2026-01-01T22:10:58.371084
2804,3973,Accuracy,Price or Quantity is non-positive,2026-01-01T22:10:58.371084
2805,4033,Accuracy,Price or Quantity is non-positive,2026-01-01T22:10:58.371084
2806,4053,Accuracy,Price or Quantity is non-positive,2026-01-01T22:10:58.371084
2807,4099,Accuracy,Price or Quantity is non-positive,2026-01-01T22:10:58.371084
2808,4128,Accuracy,Price or Quantity is non-positive,2026-01-01T22:10:58.371084
2809,4129,Accuracy,Price or Quantity is non-positive,2026-01-01T22:10:58.371084
2810,4139,Accuracy,Price or Quantity is non-positive,2026-01-01T22:10:58.371084
2811,4150,Accuracy,Price or Quantity is non-positive,2026-01-01T22:10:58.371084
2812,4152,Accuracy,Price or Quantity is non-positive,2026-01-01T22:10:58.371084
2813,4158,Accuracy,Price or Quantity is non-positive,2026-01-01T22:10:58.371084
2814,4181,Accuracy,Price or Quantity is non-positive,2026-01-01T22:10:58.371084
2815,4186,Accuracy,Price or Quantity is non-positive,2026-01-01T22:10:58.371084
2816,4187,Accuracy,Price or Quantity is non-positive,2026-01-01T22:10:58.371084
2817,4212,Accuracy,Price or Quantity is non-positive,2026-01-01T22:10:58.371084
2818,4233,Accuracy,Price or Quantity is non-positive,2026-01-01T22:10:58.371084
2819,4263,Accuracy,Price or Quantity is non-positive,2026-01-01T22:10:58.371084
2820,4269,Accuracy,Price or Quantity is non-positive,2026-01-01T22:10:58.371084
2821,4310,Accuracy,Price or Quantity is non-positive,2026-01-01T22:10:58.371084
2822,4312,Accuracy,Price or Quantity is non-positive,2026-01-01T22:10:58.371084
2823,4318,Accuracy,Price or Quantity is non-positive,2026-01-01T22:10:58.371084
2824,4329,Accuracy,Price or Quantity is non-positive,2026-01-01T22:10:58.371084
2825,4339,Accuracy,Price or Quantity is non-positive,2026-01-01T22:10:58.371084
2826,4373,Accuracy,Price or Quantity is non-positive,2026-01-01T22:10:58.371084
2827,4385,Accuracy,Price or Quantity is non-positive,2026-01-01T22:10:58.371084
2828,4386,Accuracy,Price or Quantity is non-positive,2026-01-01T22:10:58.371084
2829,4393,Accuracy,Price or Quantity is non-positive,2026-01-01T22:10:58.371084
2830,4408,Accuracy,Price or Quantity is non-positive,2026-01-01T22:10:58.371084
2831,4416,Accuracy,Price or Quantity is non-positive,2026-01-01T22:10:58.371084
2832,4418,Accuracy,Price or Quantity is non-positive,2026-01-01T22:10:58.371084
2833,4429,Accuracy,Price or Quantity is non-positive,2026-01-01T22:10:58.371084
2834,4434,Accuracy,Price or Quantity is non-positive,2026-01-01T22:10:58.371084
2835,4465,Accuracy,Price or Quantity is non-positive,2026-01-01T22:10:58.371084
2836,4476,Accuracy,Price or Quantity is non-positive,2026-01-01T22:10:58.371084
2837,4529,Accuracy,Price or Quantity is non-positive,2026-01-01T22:10:58.371084
2838,4531,Accuracy,Price or Quantity is non-positive,2026-01-01T22:10:58.371084
2839,4566,Accuracy,Price or Quantity is non-positive,2026-01-01T22:10:58.371084
2840,4577,Accuracy,Price or Quantity is non-positive,2026-01-01T22:10:58.371084
2841,4590,Accuracy,Price or Quantity is non-positive,2026-01-01T22:10:58.371084
2842,4598,Accuracy,Price or Quantity is non-positive,2026-01-01T22:10:58.371084
2843,4629,Accuracy,Price or Quantity is non-positive,2026-01-01T22:10:58.371084
2844,4650,Accuracy,Price or Quantity is non-positive,2026-01-01T22:10:58.371084
2845,4661,Accuracy,Price or Quantity is non-positive,2026-01-01T22:10:58.371084
2846,4667,Accuracy,Price or Quantity is non-positive,2026-01-01T22:10:58.371084
2847,4686,Accuracy,Price or Quantity is non-positive,2026-01-01T22:10:58.371084
2848,4752,Accuracy,Price or Quantity is non-positive,2026-01-01T22:10:58.371084
2849,4789,Accuracy,Price or Quantity is non-positive,2026-01-01T22:10:58.371084
2850,4800,Accuracy,Price or Quantity is non-positive,2026-01-01T22:10:58.371084
2851,4809,Accuracy,Price or Quantity is non-positive,2026-01-01T22:10:58.371084
2852,4812,Accuracy,Price or Quantity is non-positive,2026-01-01T22:10:58.371084
2853,4844,Accuracy,Price or Quantity is non-positive,2026-01-01T22:10:58.371084
2854,4847,Accuracy,Price or Quantity is non-positive,2026-01-01T22:10:58.371084
2855,4887,Accuracy,Price or Quantity is non-positive,2026-01-01T22:10:58.371084
2856,4908,Accuracy,Price or Quantity is non-positive,2026-01-01T22:10:58.371084
2857,4921,Accuracy,Price or Quantity is non-positive,2026-01-01T22:10:58.371084
2858,4939,Accuracy,Price or Quantity is non-positive,2026-01-01T22:10:58.371084
2859,4965,Accuracy,Price or Quantity is non-positive,2026-01-01T22:10:58.371084
2860,4985,Accuracy,Price or Quantity is non-positive,2026-01-01T22:10:58.371084
2861,4991,Accuracy,Price or Quantity is non-positive,2026-01-01T22:10:58.371084
2862,5015,Accuracy,Price or Quantity is non-positive,2026-01-01T22:10:58.371084
2863,5017,Accuracy,Price or Quantity is non-positive,2026-01-01T22:10:58.371084
2864,5029,Accuracy,Price or Quantity is non-positive,2026-01-01T22:10:58.371084
2865,5038,Accuracy,Price or Quantity is non-positive,2026-01-01T22:10:58.371084
2866,5080,Accuracy,Price or Quantity is non-positive,2026-01-01T22:10:58.371084
2867,5104,Accuracy,Price or Quantity is non-positive,2026-01-01T22:10:58.371084
2868,5118,Accuracy,Price or Quantity is non-positive,2026-01-01T22:10:58.371084
2869,5157,Accuracy,Price or Quantity is non-positive,2026-01-01T22:10:58.371084
2870,5158,Accuracy,Price or Quantity is non-positive,2026-01-01T22:10:58.371084
2871,5163,Accuracy,Price or Quantity is non-positive,2026-01-01T22:10:58.371084
2872,5175,Accuracy,Price or Quantity is non-positive,2026-01-01T22:10:58.371084
2873,5211,Accuracy,Price or Quantity is non-positive,2026-01-01T22:10:58.371084
2874,5216,Accuracy,Price or Quantity is non-positive,2026-01-01T22:10:58.371084
2875,5229,Accuracy,Price or Quantity is non-positive,2026-01-01T22:10:58.371084
2876,5261,Accuracy,Price or Quantity is non-positive,2026-01-01T22:10:58.371084
2877,5263,Accuracy,Price or Quantity is non-positive,2026-01-01T22:10:58.371084
2878,5273,Accuracy,Price or Quantity is non-positive,2026-01-01T22:10:58.371084
2879,5276,Accuracy,Price or Quantity is non-positive,2026-01-01T22:10:58.371084
2880,5282,Accuracy,Price or Quantity is non-positive,2026-01-01T22:10:58.371084
2881,5315,Accuracy,Price or Quantity is non-positive,2026-01-01T22:10:58.371084
2882,5320,Accuracy,Price or Quantity is non-positive,2026-01-01T22:10:58.371084
2883,5324,Accuracy,Price or Quantity is non-positive,2026-01-01T22:10:58.371084
2884,5329,Accuracy,Price or Quantity is non-positive,2026-01-01T22:10:58.371084
2885,5331,Accuracy,Price or Quantity is non-positive,2026-01-01T22:10:58.371084
2886,5349,Accuracy,Price or Quantity is non-positive,2026-01-01T22:10:58.371084
2887,5357,Accuracy,Price or Quantity is non-positive,2026-01-01T22:10:58.371084
2888,5363,Accuracy,Price or Quantity is non-positive,2026-01-01T22:10:58.371084
2889,5374,Accuracy,Price or Quantity is non-positive,2026-01-01T22:10:58.371084
2890,5437,Accuracy,Price or Quantity is non-positive,2026-01-01T22:10:58.371084
2891,5455,Accuracy,Price or Quantity is non-positive,2026-01-01T22:10:58.371084
2892,5501,Accuracy,Price or Quantity is non-positive,2026-01-01T22:10:58.371084
2893,5535,Accuracy,Price or Quantity is non-positive,2026-01-01T22:10:58.371084
2894,5548,Accuracy,Price or Quantity is non-positive,2026-01-01T22:10:58.371084
2895,5556,Accuracy,Price or Quantity is non-positive,2026-01-01T22:10:58.371084
2896,5579,Accuracy,Price or Quantity is non-positive,2026-01-01T22:10:58.371084
2897,5589,Accuracy,Price or Quantity is non-positive,2026-01-01T22:10:58.371084
2898,5591,Accuracy,Price or Quantity is non-positive,2026-01-01T22:10:58.371084
2899,5603,Accuracy,Price or Quantity is non-positive,2026-01-01T22:10:58.371084
2900,5635,Accuracy,Price or Quantity is non-positive,2026-01-01T22:10:58.371084
2901,5642,Accuracy,Price or Quantity is non-positive,2026-01-01T22:10:58.371084
2902,5647,Accuracy,Price or Quantity is non-positive,2026-01-01T22:10:58.371084
2903,5691,Accuracy,Price or Quantity is non-positive,2026-01-01T22:10:58.371084
2904,5709,Accuracy,Price or Quantity is non-positive,2026-01-01T22:10:58.371084
2905,5740,Accuracy,Price or Quantity is non-positive,2026-01-01T22:10:58.371084
2906,5742,Accuracy,Price or Quantity is non-positive,2026-01-01T22:10:58.371084
2907,5757,Accuracy,Price or Quantity is non-positive,2026-01-01T22:10:58.371084
2908,5766,Accuracy,Price or Quantity is non-positive,2026-01-01T22:10:58.371084
2909,5770,Accuracy,Price or Quantity is non-positive,2026-01-01T22:10:58.371084
2910,5777,Accuracy,Price or Quantity is non-positive,2026-01-01T22:10:58.371084
2911,5832,Accuracy,Price or Quantity is non-positive,2026-01-01T22:10:58.371084
2912,5884,Accuracy,Price or Quantity is non-positive,2026-01-01T22:10:58.371084
2913,5898,Accuracy,Price or Quantity is non-positive,2026-01-01T22:10:58.371084
2914,5905,Accuracy,Price or Quantity is non-positive,2026-01-01T22:10:58.371084
2915,5946,Accuracy,Price or Quantity is non-positive,2026-01-01T22:10:58.371084
2916,5947,Accuracy,Price or Quantity is non-positive,2026-01-01T22:10:58.371084
2917,5955,Accuracy,Price or Quantity is non-positive,2026-01-01T22:10:58.371084
2918,5980,Accuracy,Price or Quantity is non-positive,2026-01-01T22:10:58.371084
2919,5990,Accuracy,Price or Quantity is non-positive,2026-01-01T22:10:58.371084
2920,5993,Accuracy,Price or Quantity is non-positive,2026-01-01T22:10:58.371084
2921,6016,Accuracy,Price or Quantity is non-positive,2026-01-01T22:10:58.371084
2922,6043,Accuracy,Price or Quantity is non-positive,2026-01-01T22:10:58.371084
2923,6052,Accuracy,Price or Quantity is non-positive,2026-01-01T22:10:58.371084
2924,6055,Accuracy,Price or Quantity is non-positive,2026-01-01T22:10:58.371084
2925,6056,Accuracy,Price or Quantity is non-positive,2026-01-01T22:10:58.371084
2926,6059,Accuracy,Price or Quantity is non-positive,2026-01-01T22:10:58.371084
2927,6111,Accuracy,Price or Quantity is non-positive,2026-01-01T22:10:58.371084
2928,6126,Accuracy,Price or Quantity is non-positive,2026-01-01T22:10:58.371084
2929,6131,Accuracy,Price or Quantity is non-positive,2026-01-01T22:10:58.371084
2930,6154,Accuracy,Price or Quantity is non-positive,2026-01-01T22:10:58.371084
2931,6200,Accuracy,Price or Quantity is non-positive,2026-01-01T22:10:58.371084
2932,6209,Accuracy,Price or Quantity is non-positive,2026-01-01T22:10:58.371084
2933,6213,Accuracy,Price or Quantity is non-positive,2026-01-01T22:10:58.371084
2934,6224,Accuracy,Price or Quantity is non-positive,2026-01-01T22:10:58.371084
2935,6248,Accuracy,Price or Quantity is non-positive,2026-01-01T22:10:58.371084
2936,6292,Accuracy,Price or Quantity is non-positive,2026-01-01T22:10:58.371084
2937,6300,Accuracy,Price or Quantity is non-positive,2026-01-01T22:10:58.371084
2938,6325,Accuracy,Price or Quantity is non-positive,2026-01-01T22:10:58.371084
2939,6336,Accuracy,Price or Quantity is non-positive,2026-01-01T22:10:58.371084
2940,6360,Accuracy,Price or Quantity is non-positive,2026-01-01T22:10:58.371084
2941,6397,Accuracy,Price or Quantity is non-positive,2026-01-01T22:10:58.371084
2942,6456,Accuracy,Price or Quantity is non-positive,2026-01-01T22:10:58.371084
2943,6464,Accuracy,Price or Quantity is non-positive,2026-01-01T22:10:58.371084
2944,6508,Accuracy,Price or Quantity is non-positive,2026-01-01T22:10:58.371084
2945,6526,Accuracy,Price or Quantity is non-positive,2026-01-01T22:10:58.371084
2946,6531,Accuracy,Price or Quantity is non-positive,2026-01-01T22:10:58.371084
2947,6557,Accuracy,Price or Quantity is non-positive,2026-01-01T22:10:58.371084
2948,6562,Accuracy,Price or Quantity is non-positive,2026-01-01T22:10:58.371084
2949,6566,Accuracy,Price or Quantity is non-positive,2026-01-01T22:10:58.371084
2950,6584,Accuracy,Price or Quantity is non-positive,2026-01-01T22:10:58.371084
2951,6613,Accuracy,Price or Quantity is non-positive,2026-01-01T22:10:58.371084
2952,6614,Accuracy,Price or Quantity is non-positive,2026-01-01T22:10:58.371084
2953,6640,Accuracy,Price or Quantity is non-positive,2026-01-01T22:10:58.371084
2954,6641,Accuracy,Price or Quantity is non-positive,2026-01-01T22:10:58.371084
2955,6680,Accuracy,Price or Quantity is non-positive,2026-01-01T22:10:58.371084
2956,6773,Accuracy,Price or Quantity is non-positive,2026-01-01T22:10:58.371084
2957,6784,Accuracy,Price or Quantity is non-positive,2026-01-01T22:10:58.371084
2958,6830,Accuracy,Price or Quantity is non-positive,2026-01-01T22:10:58.371084
2959,6838,Accuracy,Price or Quantity is non-positive,2026-01-01T22:10:58.371084
2960,6858,Accuracy,Price or Quantity is non-positive,2026-01-01T22:10:58.371084
2961,6870,Accuracy,Price or Quantity is non-positive,2026-01-01T22:10:58.371084
2962,6871,Accuracy,Price or Quantity is non-positive,2026-01-01T22:10:58.371084
2963,6874,Accuracy,Price or Quantity is non-positive,2026-01-01T22:10:58.371084
2964,6900,Accuracy,Price or Quantity is non-positive,2026-01-01T22:10:58.371084
2965,6913,Accuracy,Price or Quantity is non-positive,2026-01-01T22:10:58.371084
2966,6960,Accuracy,Price or Quantity is non-positive,2026-01-01T22:10:58.371084
2967,6983,Accuracy,Price or Quantity is non-positive,2026-01-01T22:10:58.371084
2968,7015,Accuracy,Price or Quantity is non-positive,2026-01-01T22:10:58.371084
2969,7024,Accuracy,Price or Quantity is non-positive,2026-01-01T22:10:58.371084
2970,7068,Accuracy,Price or Quantity is non-positive,2026-01-01T22:10:58.371084
2971,7089,Accuracy,Price or Quantity is non-positive,2026-01-01T22:10:58.371084
2972,7110,Accuracy,Price or Quantity is non-positive,2026-01-01T22:10:58.371084
2973,7115,Accuracy,Price or Quantity is non-positive,2026-01-01T22:10:58.371084
2974,7142,Accuracy,Price or Quantity is non-positive,2026-01-01T22:10:58.371084
2975,7196,Accuracy,Price or Quantity is non-positive,2026-01-01T22:10:58.371084
2976,7215,Accuracy,Price or Quantity is non-positive,2026-01-01T22:10:58.371084
2977,7229,Accuracy,Price or Quantity is non-positive,2026-01-01T22:10:58.371084
2978,7232,Accuracy,Price or Quantity is non-positive,2026-01-01T22:10:58.371084
2979,7269,Accuracy,Price or Quantity is non-positive,2026-01-01T22:10:58.371084
2980,7296,Accuracy,Price or Quantity is non-positive,2026-01-01T22:10:58.371084
2981,7361,Accuracy,Price or Quantity is non-positive,2026-01-01T22:10:58.371084
2982,7402,Accuracy,Price or Quantity is non-positive,2026-01-01T22:10:58.371084
2983,7408,Accuracy,Price or Quantity is non-positive,2026-01-01T22:10:58.371084
2984,7412,Accuracy,Price or Quantity is non-positive,2026-01-01T22:10:58.371084
2985,7462,Accuracy,Price or Quantity is non-positive,2026-01-01T22:10:58.371084
2986,7463,Accuracy,Price or Quantity is non-positive,2026-01-01T22:10:58.371084
2987,7479,Accuracy,Price or Quantity is non-positive,2026-01-01T22:10:58.371084
2988,7556,Accuracy,Price or Quantity is non-positive,2026-01-01T22:10:58.371084
2989,7593,Accuracy,Price or Quantity is non-positive,2026-01-01T22:10:58.371084
2990,7625,Accuracy,Price or Quantity is non-positive,2026-01-01T22:10:58.371084
2991,7649,Accuracy,Price or Quantity is non-positive,2026-01-01T22:10:58.371084
2992,7668,Accuracy,Price or Quantity is non-positive,2026-01-01T22:10:58.371084
2993,7673,Accuracy,Price or Quantity is non-positive,2026-01-01T22:10:58.371084
2994,7675,Accuracy,Price or Quantity is non-positive,2026-01-01T22:10:58.371084
2995,7680,Accuracy,Price or Quantity is non-positive,2026-01-01T22:10:58.371084
2996,7681,Accuracy,Price or Quantity is non-positive,2026-01-01T22:10:58.371084
2997,7712,Accuracy,Price or Quantity is non-positive,2026-01-01T22:10:58.371084
2998,7733,Accuracy,Price or Quantity is non-positive,2026-01-01T22:10:58.371084
2999,7740,Accuracy,Price or Quantity is non-positive,2026-01-01T22:10:58.371084
3000,7742,Accuracy,Price or Quantity is non-positive,2026-01-01T22:10:58.371084
3001,7752,Accuracy,Price or Quantity is non-positive,2026-01-01T22:10:58.371084
3002,7786,Accuracy,Price or Quantity is non-positive,2026-01-01T22:10:58.371084
3003,7789,Accuracy,Price or Quantity is non-positive,2026-01-01T22:10:58.371084
3004,7810,Accuracy,Price or Quantity is non-positive,2026-01-01T22:10:58.371084
3005,7823,Accuracy,Price or Quantity is non-positive,2026-01-01T22:10:58.371084
3006,7827,Accuracy,Price or Quantity is non-positive,2026-01-01T22:10:58.371084
3007,7890,Accuracy,Price or Quantity is non-positive,2026-01-01T22:10:58.371084
3008,7894,Accuracy,Price or Quantity is non-positive,2026-01-01T22:10:58.371084
3009,7898,Accuracy,Price or Quantity is non-positive,2026-01-01T22:10:58.371084
3010,7910,Accuracy,Price or Quantity is non-positive,2026-01-01T22:10:58.371084
3011,7945,Accuracy,Price or Quantity is non-positive,2026-01-01T22:10:58.371084
3012,7946,Accuracy,Price or Quantity is non-positive,2026-01-01T22:10:58.371084
3013,7947,Accuracy,Price or Quantity is non-positive,2026-01-01T22:10:58.371084
3014,7951,Accuracy,Price or Quantity is non-positive,2026-01-01T22:10:58.371084
3015,7955,Accuracy,Price or Quantity is non-positive,2026-01-01T22:10:58.371084
3016,8002,Accuracy,Price or Quantity is non-positive,2026-01-01T22:10:58.371084
3017,8070,Accuracy,Price or Quantity is non-positive,2026-01-01T22:10:58.371084
3018,8121,Accuracy,Price or Quantity is non-positive,2026-01-01T22:10:58.371084
3019,8161,Accuracy,Price or Quantity is non-positive,2026-01-01T22:10:58.371084
3020,8173,Accuracy,Price or Quantity is non-positive,2026-01-01T22:10:58.371084
3021,8192,Accuracy,Price or Quantity is non-positive,2026-01-01T22:10:58.371084
3022,8219,Accuracy,Price or Quantity is non-positive,2026-01-01T22:10:58.371084
3023,8260,Accuracy,Price or Quantity is non-positive,2026-01-01T22:10:58.371084
3024,8261,Accuracy,Price or Quantity is non-positive,2026-01-01T22:10:58.371084
3025,8314,Accuracy,Price or Quantity is non-positive,2026-01-01T22:10:58.371084
3026,8317,Accuracy,Price or Quantity is non-positive,2026-01-01T22:10:58.371084
3027,8339,Accuracy,Price or Quantity is non-positive,2026-01-01T22:10:58.371084
3028,8372,Accuracy,Price or Quantity is non-positive,2026-01-01T22:10:58.371084
3029,8379,Accuracy,Price or Quantity is non-positive,2026-01-01T22:10:58.371084
3030,8382,Accuracy,Price or Quantity is non-positive,2026-01-01T22:10:58.371084
3031,8423,Accuracy,Price or Quantity is non-positive,2026-01-01T22:10:58.371084
3032,8430,Accuracy,Price or Quantity is non-positive,2026-01-01T22:10:58.371084
3033,8452,Accuracy,Price or Quantity is non-positive,2026-01-01T22:10:58.371084
3034,8490,Accuracy,Price or Quantity is non-positive,2026-01-01T22:10:58.371084
3035,8514,Accuracy,Price or Quantity is non-positive,2026-01-01T22:10:58.371084
3036,8538,Accuracy,Price or Quantity is non-positive,2026-01-01T22:10:58.371084
3037,8545,Accuracy,Price or Quantity is non-positive,2026-01-01T22:10:58.371084
3038,8565,Accuracy,Price or Quantity is non-positive,2026-01-01T22:10:58.371084
3039,8589,Accuracy,Price or Quantity is non-positive,2026-01-01T22:10:58.371084
3040,8590,Accuracy,Price or Quantity is non-positive,2026-01-01T22:10:58.371084
3041,8591,Accuracy,Price or Quantity is non-positive,2026-01-01T22:10:58.371084
3042,8647,Accuracy,Price or Quantity is non-positive,2026-01-01T22:10:58.371084
3043,8673,Accuracy,Price or Quantity is non-positive,2026-01-01T22:10:58.371084
3044,8689,Accuracy,Price or Quantity is non-positive,2026-01-01T22:10:58.371084
3045,8702,Accuracy,Price or Quantity is non-positive,2026-01-01T22:10:58.371084
3046,8784,Accuracy,Price or Quantity is non-positive,2026-01-01T22:10:58.371084
3047,8791,Accuracy,Price or Quantity is non-positive,2026-01-01T22:10:58.371084
3048,8821,Accuracy,Price or Quantity is non-positive,2026-01-01T22:10:58.371084
3049,8842,Accuracy,Price or Quantity is non-positive,2026-01-01T22:10:58.371084
3050,8870,Accuracy,Price or Quantity is non-positive,2026-01-01T22:10:58.371084
3051,8872,Accuracy,Price or Quantity is non-positive,2026-01-01T22:10:58.371084
3052,8937,Accuracy,Price or Quantity is non-positive,2026-01-01T22:10:58.371084
3053,8955,Accuracy,Price or Quantity is non-positive,2026-01-01T22:10:58.371084
3054,8983,Accuracy,Price or Quantity is non-positive,2026-01-01T22:10:58.371084
3055,9007,Accuracy,Price or Quantity is non-positive,2026-01-01T22:10:58.371084
3056,9016,Accuracy,Price or Quantity is non-positive,2026-01-01T22:10:58.371084
3057,9023,Accuracy,Price or Quantity is non-positive,2026-01-01T22:10:58.371084
3058,9046,Accuracy,Price or Quantity is non-positive,2026-01-01T22:10:58.371084
3059,9052,Accuracy,Price or Quantity is non-positive,2026-01-01T22:10:58.371084
3060,9090,Accuracy,Price or Quantity is non-positive,2026-01-01T22:10:58.371084
3061,9103,Accuracy,Price or Quantity is non-positive,2026-01-01T22:10:58.371084
3062,9109,Accuracy,Price or Quantity is non-positive,2026-01-01T22:10:58.371084
3063,9124,Accuracy,Price or Quantity is non-positive,2026-01-01T22:10:58.371084
3064,9153,Accuracy,Price or Quantity is non-positive,2026-01-01T22:10:58.371084
3065,9171,Accuracy,Price or Quantity is non-positive,2026-01-01T22:10:58.371084
3066,9202,Accuracy,Price or Quantity is non-positive,2026-01-01T22:10:58.371084
3067,9203,Accuracy,Price or Quantity is non-positive,2026-01-01T22:10:58.371084
3068,9236,Accuracy,Price or Quantity is non-positive,2026-01-01T22:10:58.371084
3069,9279,Accuracy,Price or Quantity is non-positive,2026-01-01T22:10:58.371084
3070,9292,Accuracy,Price or Quantity is non-positive,2026-01-01T22:10:58.371084
3071,9297,Accuracy,Price or Quantity is non-positive,2026-01-01T22:10:58.371084
3072,9315,Accuracy,Price or Quantity is non-positive,2026-01-01T22:10:58.371084
3073,9316,Accuracy,Price or Quantity is non-positive,2026-01-01T22:10:58.371084
3074,9327,Accuracy,Price or Quantity is non-positive,2026-01-01T22:10:58.371084
3075,9328,Accuracy,Price or Quantity is non-positive,2026-01-01T22:10:58.371084
3076,9331,Accuracy,Price or Quantity is non-positive,2026-01-01T22:10:58.371084
3077,9370,Accuracy,Price or Quantity is non-positive,2026-01-01T22:10:58.371084
3078,9452,Accuracy,Price or Quantity is non-positive,2026-01-01T22:10:58.371084
3079,9456,Accuracy,Price or Quantity is non-positive,2026-01-01T22:10:58.371084
3080,9481,Accuracy,Price or Quantity is non-positive,2026-01-01T22:10:58.371084
3081,9519,Accuracy,Price or Quantity is non-positive,2026-01-01T22:10:58.371084
3082,9554,Accuracy,Price or Quantity is non-positive,2026-01-01T22:10:58.371084
3083,9567,Accuracy,Price or Quantity is non-positive,2026-01-01T22:10:58.371084
3084,9614,Accuracy,Price or Quantity is non-positive,2026-01-01T22:10:58.371084
3085,9648,Accuracy,Price or Quantity is non-positive,2026-01-01T22:10:58.371084
3086,9654,Accuracy,Price or Quantity is non-positive,2026-01-01T22:10:58.371084
3087,9664,Accuracy,Price or Quantity is non-positive,2026-01-01T22:10:58.371084
3088,9667,Accuracy,Price or Quantity is non-positive,2026-01-01T22:10:58.371084
3089,9688,Accuracy,Price or Quantity is non-positive,2026-01-01T22:10:58.371084
3090,9695,Accuracy,Price or Quantity is non-positive,2026-01-01T22:10:58.371084
3091,9696,Accuracy,Price or Quantity is non-positive,2026-01-01T22:10:58.371084
3092,9698,Accuracy,Price or Quantity is non-positive,2026-01-01T22:10:58.371084
3093,9767,Accuracy,Price or Quantity is non-positive,2026-01-01T22:10:58.371084
3094,9778,Accuracy,Price or Quantity is non-positive,2026-01-01T22:10:58.371084
3095,9782,Accuracy,Price or Quantity is non-positive,2026-01-01T22:10:58.371084
3096,9790,Accuracy,Price or Quantity is non-positive,2026-01-01T22:10:58.371084
3097,9809,Accuracy,Price or Quantity is non-positive,2026-01-01T22:10:58.371084
3098,9822,Accuracy,Price or Quantity is non-positive,2026-01-01T22:10:58.371084
3099,9823,Accuracy,Price or Quantity is non-positive,2026-01-01T22:10:58.371084
3100,9858,Accuracy,Price or Quantity is non-positive,2026-01-01T22:10:58.371084
3101,9882,Accuracy,Price or Quantity is non-positive,2026-01-01T22:10:58.371084
3102,9900,Accuracy,Price or Quantity is non-positive,2026-01-01T22:10:58.371084
3103,9901,Accuracy,Price or Quantity is non-positive,2026-01-01T22:10:58.371084
3104,9909,Accuracy,Price or Quantity is non-positive,2026-01-01T22:10:58.371084
3105,9922,Accuracy,Price or Quantity is non-positive,2026-01-01T22:10:58.371084
3106,9929,Accuracy,Price or Quantity is non-positive,2026-01-01T22:10:58.371084
3107,9979,Accuracy,Price or Quantity is non-positive,2026-01-01T22:10:58.371084
3108,9991,Accuracy,Price or Quantity is non-positive,2026-01-01T22:10:58.371084
3109,45,Completeness,Missing one or more critical fields,2026-01-01T22:10:58.130452
3110,189,Completeness,Missing one or more critical fields,2026-01-01T22:10:58.130452
3111,222,Completeness,Missing one or more critical fields,2026-01-01T22:10:58.130452
3112,252,Completeness,Missing one or more critical fields,2026-01-01T22:10:58.130452
3113,255,Completeness,Missing one or more critical fields,2026-01-01T22:10:58.130452
3114,256,Completeness,Missing one or more critical fields,2026-01-01T22:10:58.130452
3115,270,Completeness,Missing one or more critical fields,2026-01-01T22:10:58.130452
3116,281,Completeness,Missing one or more critical fields,2026-01-01T22:10:58.130452
3117,296,Completeness,Missing one or more critical fields,2026-01-01T22:10:58.130452
3118,307,Completeness,Missing one or more critical fields,2026-01-01T22:10:58.130452
3119,328,Completeness,Missing one or more critical fields,2026-01-01T22:10:58.130452
3120,352,Completeness,Missing one or more critical fields,2026-01-01T22:10:58.130452
3121,360,Completeness,Missing one or more critical fields,2026-01-01T22:10:58.130452
3122,373,Completeness,Missing one or more critical fields,2026-01-01T22:10:58.130452
3123,403,Completeness,Missing one or more critical fields,2026-01-01T22:10:58.130452
3124,411,Completeness,Missing one or more critical fields,2026-01-01T22:10:58.130452
3125,439,Completeness,Missing one or more critical fields,2026-01-01T22:10:58.130452
3126,476,Completeness,Missing one or more critical fields,2026-01-01T22:10:58.130452
3127,492,Completeness,Missing one or more critical fields,2026-01-01T22:10:58.130452
3128,525,Completeness,Missing one or more critical fields,2026-01-01T22:10:58.130452
3129,537,Completeness,Missing one or more critical fields,2026-01-01T22:10:58.130452
3130,595,Completeness,Missing one or more critical fields,2026-01-01T22:10:58.130452
3131,650,Completeness,Missing one or more critical fields,2026-01-01T22:10:58.130452
3132,696,Completeness,Missing one or more critical fields,2026-01-01T22:10:58.130452
3133,703,Completeness,Missing one or more critical fields,2026-01-01T22:10:58.130452
3134,722,Completeness,Missing one or more critical fields,2026-01-01T22:10:58.130452
3135,757,Completeness,Missing one or more critical fields,2026-01-01T22:10:58.130452
3136,774,Completeness,Missing one or more critical fields,2026-01-01T22:10:58.130452
3137,799,Completeness,Missing one or more critical fields,2026-01-01T22:10:58.130452
3138,841,Completeness,Missing one or more critical fields,2026-01-01T22:10:58.130452
3139,955,Completeness,Missing one or more critical fields,2026-01-01T22:10:58.130452
3140,958,Completeness,Missing one or more critical fields,2026-01-01T22:10:58.130452
3141,966,Completeness,Missing one or more critical fields,2026-01-01T22:10:58.130452
3142,993,Completeness,Missing one or more critical fields,2026-01-01T22:10:58.130452
3143,1043,Completeness,Missing one or more critical fields,2026-01-01T22:10:58.130452
3144,1054,Completeness,Missing one or more critical fields,2026-01-01T22:10:58.130452
3145,1084,Completeness,Missing one or more critical fields,2026-01-01T22:10:58.130452
3146,1143,Completeness,Missing one or more critical fields,2026-01-01T22:10:58.130452
3147,1155,Completeness,Missing one or more critical fields,2026-01-01T22:10:58.130452
3148,1166,Completeness,Missing one or more critical fields,2026-01-01T22:10:58.130452
3149,1220,Completeness,Missing one or more critical fields,2026-01-01T22:10:58.130452
3150,1298,Completeness,Missing one or more critical fields,2026-01-01T22:10:58.130452
3151,1325,Completeness,Missing one or more critical fields,2026-01-01T22:10:58.130452
3152,1414,Completeness,Missing one or more critical fields,2026-01-01T22:10:58.130452
3153,1425,Completeness,Missing one or more critical fields,2026-01-01T22:10:58.130452
3154,1475,Completeness,Missing one or more critical fields,2026-01-01T22:10:58.130452
3155,1537,Completeness,Missing one or more critical fields,2026-01-01T22:10:58.130452
3156,1582,Completeness,Missing one or more critical fields,2026-01-01T22:10:58.130452
3157,1602,Completeness,Missing one or more critical fields,2026-01-01T22:10:58.130452
3158,1648,Completeness,Missing one or more critical fields,2026-01-01T22:10:58.130452
3159,1650,Completeness,Missing one or more critical fields,2026-01-01T22:10:58.130452
3160,1663,Completeness,Missing one or more critical fields,2026-01-01T22:10:58.130452
3161,1706,Completeness,Missing one or more critical fields,2026-01-01T22:10:58.130452
3162,1782,Completeness,Missing one or more critical fields,2026-01-01T22:10:58.130452
3163,1784,Completeness,Missing one or more critical fields,2026-01-01T22:10:58.130452
3164,1864,Completeness,Missing one or more critical fields,2026-01-01T22:10:58.130452
3165,1867,Completeness,Missing one or more critical fields,2026-01-01T22:10:58.130452
3166,1936,Completeness,Missing one or more critical fields,2026-01-01T22:10:58.130452
3167,1939,Completeness,Missing one or more critical fields,2026-01-01T22:10:58.130452
3168,2085,Completeness,Missing one or more critical fields,2026-01-01T22:10:58.130452
3169,2149,Completeness,Missing one or more critical fields,2026-01-01T22:10:58.130452
3170,2163,Completeness,Missing one or more critical fields,2026-01-01T22:10:58.130452
3171,2164,Completeness,Missing one or more critical fields,2026-01-01T22:10:58.130452
3172,2179,Completeness,Missing one or more critical fields,2026-01-01T22:10:58.130452
3173,2232,Completeness,Missing one or more critical fields,2026-01-01T22:10:58.130452
3174,2274,Completeness,Missing one or more critical fields,2026-01-01T22:10:58.130452
3175,2280,Completeness,Missing one or more critical fields,2026-01-01T22:10:58.130452
3176,2291,Completeness,Missing one or more critical fields,2026-01-01T22:10:58.130452
3177,2297,Completeness,Missing one or more critical fields,2026-01-01T22:10:58.130452
3178,2300,Completeness,Missing one or more critical fields,2026-01-01T22:10:58.130452
3179,2391,Completeness,Missing one or more critical fields,2026-01-01T22:10:58.130452
3180,2395,Completeness,Missing one or more critical fields,2026-01-01T22:10:58.130452
3181,2400,Completeness,Missing one or more critical fields,2026-01-01T22:10:58.130452
3182,2496,Completeness,Missing one or more critical fields,2026-01-01T22:10:58.130452
3183,2531,Completeness,Missing one or more critical fields,2026-01-01T22:10:58.130452
3184,2556,Completeness,Missing one or more critical fields,2026-01-01T22:10:58.130452
3185,2585,Completeness,Missing one or more critical fields,2026-01-01T22:10:58.130452
3186,2599,Completeness,Missing one or more critical fields,2026-01-01T22:10:58.130452
3187,2624,Completeness,Missing one or more critical fields,2026-01-01T22:10:58.130452
3188,2697,Completeness,Missing one or more critical fields,2026-01-01T22:10:58.130452
3189,2706,Completeness,Missing one or more critical fields,2026-01-01T22:10:58.130452
3190,2709,Completeness,Missing one or more critical fields,2026-01-01T22:10:58.130452
3191,2721,Completeness,Missing one or more critical fields,2026-01-01T22:10:58.130452
3192,2729,Completeness,Missing one or more critical fields,2026-01-01T22:10:58.130452
3193,2735,Completeness,Missing one or more critical fields,2026-01-01T22:10:58.130452
3194,2742,Completeness,Missing one or more critical fields,2026-01-01T22:10:58.130452
3195,2746,Completeness,Missing one or more critical fields,2026-01-01T22:10:58.130452
3196,2786,Completeness,Missing one or more critical fields,2026-01-01T22:10:58.130452
3197,2796,Completeness,Missing one or more critical fields,2026-01-01T22:10:58.130452
3198,2862,Completeness,Missing one or more critical fields,2026-01-01T22:10:58.130452
3199,2866,Completeness,Missing one or more critical fields,2026-01-01T22:10:58.130452
3200,2891,Completeness,Missing one or more critical fields,2026-01-01T22:10:58.130452
3201,2976,Completeness,Missing one or more critical fields,2026-01-01T22:10:58.130452
3202,2985,Completeness,Missing one or more critical fields,2026-01-01T22:10:58.130452
3203,2997,Completeness,Missing one or more critical fields,2026-01-01T22:10:58.130452
3204,3043,Completeness,Missing one or more critical fields,2026-01-01T22:10:58.130452
3205,3061,Completeness,Missing one or more critical fields,2026-01-01T22:10:58.130452
3206,3135,Completeness,Missing one or more critical fields,2026-01-01T22:10:58.130452
3207,3173,Completeness,Missing one or more critical fields,2026-01-01T22:10:58.130452
3208,3194,Completeness,Missing one or more critical fields,2026-01-01T22:10:58.130452
3209,3195,Completeness,Missing one or more critical fields,2026-01-01T22:10:58.130452
3210,3272,Completeness,Missing one or more critical fields,2026-01-01T22:10:58.130452
3211,3277,Completeness,Missing one or more critical fields,2026-01-01T22:10:58.130452
3212,3303,Completeness,Missing one or more critical fields,2026-01-01T22:10:58.130452
3213,3335,Completeness,Missing one or more critical fields,2026-01-01T22:10:58.130452
3214,3347,Completeness,Missing one or more critical fields,2026-01-01T22:10:58.130452
3215,3380,Completeness,Missing one or more critical fields,2026-01-01T22:10:58.130452
3216,3389,Completeness,Missing one or more critical fields,2026-01-01T22:10:58.130452
3217,3407,Completeness,Missing one or more critical fields,2026-01-01T22:10:58.130452
3218,3435,Completeness,Missing one or more critical fields,2026-01-01T22:10:58.130452
3219,3479,Completeness,Missing one or more critical fields,2026-01-01T22:10:58.130452
3220,3558,Completeness,Missing one or more critical fields,2026-01-01T22:10:58.130452
3221,3562,Completeness,Missing one or more critical fields,2026-01-01T22:10:58.130452
3222,3619,Completeness,Missing one or more critical fields,2026-01-01T22:10:58.130452
3223,3634,Completeness,Missing one or more critical fields,2026-01-01T22:10:58.130452
3224,3679,Completeness,Missing one or more critical fields,2026-01-01T22:10:58.130452
3225,3706,Completeness,Missing one or more critical fields,2026-01-01T22:10:58.130452
3226,3745,Completeness,Missing one or more critical fields,2026-01-01T22:10:58.130452
3227,3841,Completeness,Missing one or more critical fields,2026-01-01T22:10:58.130452
3228,3901,Completeness,Missing one or more critical fields,2026-01-01T22:10:58.130452
3229,3921,Completeness,Missing one or more critical fields,2026-01-01T22:10:58.130452
3230,3936,Completeness,Missing one or more critical fields,2026-01-01T22:10:58.130452
3231,3937,Completeness,Missing one or more critical fields,2026-01-01T22:10:58.130452
3232,4067,Completeness,Missing one or more critical fields,2026-01-01T22:10:58.130452
3233,4085,Completeness,Missing one or more critical fields,2026-01-01T22:10:58.130452
3234,4100,Completeness,Missing one or more critical fields,2026-01-01T22:10:58.130452
3235,4138,Completeness,Missing one or more critical fields,2026-01-01T22:10:58.130452
3236,4207,Completeness,Missing one or more critical fields,2026-01-01T22:10:58.130452
3237,4208,Completeness,Missing one or more critical fields,2026-01-01T22:10:58.130452
3238,4222,Completeness,Missing one or more critical fields,2026-01-01T22:10:58.130452
3239,4233,Completeness,Missing one or more critical fields,2026-01-01T22:10:58.130452
3240,4274,Completeness,Missing one or more critical fields,2026-01-01T22:10:58.130452
3241,4314,Completeness,Missing one or more critical fields,2026-01-01T22:10:58.130452
3242,4347,Completeness,Missing one or more critical fields,2026-01-01T22:10:58.130452
3243,4355,Completeness,Missing one or more critical fields,2026-01-01T22:10:58.130452
3244,4383,Completeness,Missing one or more critical fields,2026-01-01T22:10:58.130452
3245,4403,Completeness,Missing one or more critical fields,2026-01-01T22:10:58.130452
3246,4409,Completeness,Missing one or more critical fields,2026-01-01T22:10:58.130452
3247,4414,Completeness,Missing one or more critical fields,2026-01-01T22:10:58.130452
3248,4463,Completeness,Missing one or more critical fields,2026-01-01T22:10:58.130452
3249,4479,Completeness,Missing one or more critical fields,2026-01-01T22:10:58.130452
3250,4492,Completeness,Missing one or more critical fields,2026-01-01T22:10:58.130452
3251,4599,Completeness,Missing one or more critical fields,2026-01-01T22:10:58.130452
3252,4609,Completeness,Missing one or more critical fields,2026-01-01T22:10:58.130452
3253,4648,Completeness,Missing one or more critical fields,2026-01-01T22:10:58.130452
3254,4659,Completeness,Missing one or more critical fields,2026-01-01T22:10:58.130452
3255,4718,Completeness,Missing one or more critical fields,2026-01-01T22:10:58.130452
3256,4735,Completeness,Missing one or more critical fields,2026-01-01T22:10:58.130452
3257,4847,Completeness,Missing one or more critical fields,2026-01-01T22:10:58.130452
3258,4852,Completeness,Missing one or more critical fields,2026-01-01T22:10:58.130452
3259,4865,Completeness,Missing one or more critical fields,2026-01-01T22:10:58.130452
3260,4898,Completeness,Missing one or more critical fields,2026-01-01T22:10:58.130452
3261,4908,Completeness,Missing one or more critical fields,2026-01-01T22:10:58.130452
3262,4940,Completeness,Missing one or more critical fields,2026-01-01T22:10:58.130452
3263,4951,Completeness,Missing one or more critical fields,2026-01-01T22:10:58.130452
3264,4980,Completeness,Missing one or more critical fields,2026-01-01T22:10:58.130452
3265,4999,Completeness,Missing one or more critical fields,2026-01-01T22:10:58.130452
3266,5014,Completeness,Missing one or more critical fields,2026-01-01T22:10:58.130452
3267,5057,Completeness,Missing one or more critical fields,2026-01-01T22:10:58.130452
3268,5076,Completeness,Missing one or more critical fields,2026-01-01T22:10:58.130452
3269,5123,Completeness,Missing one or more critical fields,2026-01-01T22:10:58.130452
3270,5130,Completeness,Missing one or more critical fields,2026-01-01T22:10:58.130452
3271,5155,Completeness,Missing one or more critical fields,2026-01-01T22:10:58.130452
3272,5174,Completeness,Missing one or more critical fields,2026-01-01T22:10:58.130452
3273,5184,Completeness,Missing one or more critical fields,2026-01-01T22:10:58.130452
3274,5252,Completeness,Missing one or more critical fields,2026-01-01T22:10:58.130452
3275,5257,Completeness,Missing one or more critical fields,2026-01-01T22:10:58.130452
3276,5259,Completeness,Missing one or more critical fields,2026-01-01T22:10:58.130452
3277,5347,Completeness,Missing one or more critical fields,2026-01-01T22:10:58.130452
3278,5391,Completeness,Missing one or more critical fields,2026-01-01T22:10:58.130452
3279,5409,Completeness,Missing one or more critical fields,2026-01-01T22:10:58.130452
3280,5464,Completeness,Missing one or more critical fields,2026-01-01T22:10:58.130452
3281,5490,Completeness,Missing one or more critical fields,2026-01-01T22:10:58.130452
3282,5518,Completeness,Missing one or more critical fields,2026-01-01T22:10:58.130452
3283,5549,Completeness,Missing one or more critical fields,2026-01-01T22:10:58.130452
3284,5562,Completeness,Missing one or more critical fields,2026-01-01T22:10:58.130452
3285,5574,Completeness,Missing one or more critical fields,2026-01-01T22:10:58.130452
3286,5676,Completeness,Missing one or more critical fields,2026-01-01T22:10:58.130452
3287,5725,Completeness,Missing one or more critical fields,2026-01-01T22:10:58.130452
3288,5732,Completeness,Missing one or more critical fields,2026-01-01T22:10:58.130452
3289,5739,Completeness,Missing one or more critical fields,2026-01-01T22:10:58.130452
3290,5749,Completeness,Missing one or more critical fields,2026-01-01T22:10:58.130452
3291,5753,Completeness,Missing one or more critical fields,2026-01-01T22:10:58.130452
3292,5789,Completeness,Missing one or more critical fields,2026-01-01T22:10:58.130452
3293,5793,Completeness,Missing one or more critical fields,2026-01-01T22:10:58.130452
3294,5795,Completeness,Missing one or more critical fields,2026-01-01T22:10:58.130452
3295,5838,Completeness,Missing one or more critical fields,2026-01-01T22:10:58.130452
3296,5849,Completeness,Missing one or more critical fields,2026-01-01T22:10:58.130452
3297,5861,Completeness,Missing one or more critical fields,2026-01-01T22:10:58.130452
3298,5964,Completeness,Missing one or more critical fields,2026-01-01T22:10:58.130452
3299,5977,Completeness,Missing one or more critical fields,2026-01-01T22:10:58.130452
3300,6053,Completeness,Missing one or more critical fields,2026-01-01T22:10:58.130452
3301,6080,Completeness,Missing one or more critical fields,2026-01-01T22:10:58.130452
3302,6085,Completeness,Missing one or more critical fields,2026-01-01T22:10:58.130452
3303,6114,Completeness,Missing one or more critical fields,2026-01-01T22:10:58.130452
3304,6144,Completeness,Missing one or more critical fields,2026-01-01T22:10:58.130452
3305,6155,Completeness,Missing one or more critical fields,2026-01-01T22:10:58.130452
3306,6175,Completeness,Missing one or more critical fields,2026-01-01T22:10:58.130452
3307,6178,Completeness,Missing one or more critical fields,2026-01-01T22:10:58.130452
3308,6260,Completeness,Missing one or more critical fields,2026-01-01T22:10:58.130452
3309,6263,Completeness,Missing one or more critical fields,2026-01-01T22:10:58.130452
3310,6273,Completeness,Missing one or more critical fields,2026-01-01T22:10:58.130452
3311,6325,Completeness,Missing one or more critical fields,2026-01-01T22:10:58.130452
3312,6375,Completeness,Missing one or more critical fields,2026-01-01T22:10:58.130452
3313,6402,Completeness,Missing one or more critical fields,2026-01-01T22:10:58.130452
3314,6426,Completeness,Missing one or more critical fields,2026-01-01T22:10:58.130452
3315,6537,Completeness,Missing one or more critical fields,2026-01-01T22:10:58.130452
3316,6671,Completeness,Missing one or more critical fields,2026-01-01T22:10:58.130452
3317,6725,Completeness,Missing one or more critical fields,2026-01-01T22:10:58.130452
3318,6742,Completeness,Missing one or more critical fields,2026-01-01T22:10:58.130452
3319,6817,Completeness,Missing one or more critical fields,2026-01-01T22:10:58.130452
3320,6933,Completeness,Missing one or more critical fields,2026-01-01T22:10:58.130452
3321,6946,Completeness,Missing one or more critical fields,2026-01-01T22:10:58.130452
3322,7013,Completeness,Missing one or more critical fields,2026-01-01T22:10:58.130452
3323,7055,Completeness,Missing one or more critical fields,2026-01-01T22:10:58.130452
3324,7103,Completeness,Missing one or more critical fields,2026-01-01T22:10:58.130452
3325,7162,Completeness,Missing one or more critical fields,2026-01-01T22:10:58.130452
3326,7295,Completeness,Missing one or more critical fields,2026-01-01T22:10:58.130452
3327,7324,Completeness,Missing one or more critical fields,2026-01-01T22:10:58.130452
3328,7369,Completeness,Missing one or more critical fields,2026-01-01T22:10:58.130452
3329,7426,Completeness,Missing one or more critical fields,2026-01-01T22:10:58.130452
3330,7530,Completeness,Missing one or more critical fields,2026-01-01T22:10:58.130452
3331,7555,Completeness,Missing one or more critical fields,2026-01-01T22:10:58.130452
3332,7631,Completeness,Missing one or more critical fields,2026-01-01T22:10:58.130452
3333,7658,Completeness,Missing one or more critical fields,2026-01-01T22:10:58.130452
3334,7661,Completeness,Missing one or more critical fields,2026-01-01T22:10:58.130452
3335,7674,Completeness,Missing one or more critical fields,2026-01-01T22:10:58.130452
3336,7721,Completeness,Missing one or more critical fields,2026-01-01T22:10:58.130452
3337,7754,Completeness,Missing one or more critical fields,2026-01-01T22:10:58.130452
3338,7978,Completeness,Missing one or more critical fields,2026-01-01T22:10:58.130452
3339,7981,Completeness,Missing one or more critical fields,2026-01-01T22:10:58.130452
3340,8006,Completeness,Missing one or more critical fields,2026-01-01T22:10:58.130452
3341,8053,Completeness,Missing one or more critical fields,2026-01-01T22:10:58.130452
3342,8061,Completeness,Missing one or more critical fields,2026-01-01T22:10:58.130452
3343,8134,Completeness,Missing one or more critical fields,2026-01-01T22:10:58.130452
3344,8136,Completeness,Missing one or more critical fields,2026-01-01T22:10:58.130452
3345,8200,Completeness,Missing one or more critical fields,2026-01-01T22:10:58.130452
3346,8230,Completeness,Missing one or more critical fields,2026-01-01T22:10:58.130452
3347,8290,Completeness,Missing one or more critical fields,2026-01-01T22:10:58.130452
3348,8313,Completeness,Missing one or more critical fields,2026-01-01T22:10:58.130452
3349,8314,Completeness,Missing one or more critical fields,2026-01-01T22:10:58.130452
3350,8337,Completeness,Missing one or more critical fields,2026-01-01T22:10:58.130452
3351,8366,Completeness,Missing one or more critical fields,2026-01-01T22:10:58.130452
3352,8429,Completeness,Missing one or more critical fields,2026-01-01T22:10:58.130452
3353,8497,Completeness,Missing one or more critical fields,2026-01-01T22:10:58.130452
3354,8582,Completeness,Missing one or more critical fields,2026-01-01T22:10:58.130452
3355,8590,Completeness,Missing one or more critical fields,2026-01-01T22:10:58.130452
3356,8612,Completeness,Missing one or more critical fields,2026-01-01T22:10:58.130452
3357,8618,Completeness,Missing one or more critical fields,2026-01-01T22:10:58.130452
3358,8620,Completeness,Missing one or more critical fields,2026-01-01T22:10:58.130452
3359,8628,Completeness,Missing one or more critical fields,2026-01-01T22:10:58.130452
3360,8655,Completeness,Missing one or more critical fields,2026-01-01T22:10:58.130452
3361,8678,Completeness,Missing one or more critical fields,2026-01-01T22:10:58.130452
3362,8838,Completeness,Missing one or more critical fields,2026-01-01T22:10:58.130452
3363,8886,Completeness,Missing one or more critical fields,2026-01-01T22:10:58.130452
3364,8895,Completeness,Missing one or more critical fields,2026-01-01T22:10:58.130452
3365,8970,Completeness,Missing one or more critical fields,2026-01-01T22:10:58.130452
3366,8971,Completeness,Missing one or more critical fields,2026-01-01T22:10:58.130452
3367,8996,Completeness,Missing one or more critical fields,2026-01-01T22:10:58.130452
3368,9102,Completeness,Missing one or more critical fields,2026-01-01T22:10:58.130452
3369,9132,Completeness,Missing one or more critical fields,2026-01-01T22:10:58.130452
3370,9155,Completeness,Missing one or more critical fields,2026-01-01T22:10:58.130452
3371,9174,Completeness,Missing one or more critical fields,2026-01-01T22:10:58.130452
3372,9233,Completeness,Missing one or more critical fields,2026-01-01T22:10:58.130452
3373,9252,Completeness,Missing one or more critical fields,2026-01-01T22:10:58.130452
3374,9260,Completeness,Missing one or more critical fields,2026-01-01T22:10:58.130452
3375,9262,Completeness,Missing one or more critical fields,2026-01-01T22:10:58.130452
3376,9266,Completeness,Missing one or more critical fields,2026-01-01T22:10:58.130452
3377,9339,Completeness,Missing one or more critical fields,2026-01-01T22:10:58.130452
3378,9343,Completeness,Missing one or more critical fields,2026-01-01T22:10:58.130452
3379,9459,Completeness,Missing one or more critical fields,2026-01-01T22:10:58.130452
3380,9468,Completeness,Missing one or more critical fields,2026-01-01T22:10:58.130452
3381,9472,Completeness,Missing one or more critical fields,2026-01-01T22:10:58.130452
3382,9531,Completeness,Missing one or more critical fields,2026-01-01T22:10:58.130452
3383,9543,Completeness,Missing one or more critical fields,2026-01-01T22:10:58.130452
3384,9544,Completeness,Missing one or more critical fields,2026-01-01T22:10:58.130452
3385,9569,Completeness,Missing one or more critical fields,2026-01-01T22:10:58.130452
3386,9590,Completeness,Missing one or more critical fields,2026-01-01T22:10:58.130452
3387,9606,Completeness,Missing one or more critical fields,2026-01-01T22:10:58.130452
3388,9655,Completeness,Missing one or more critical fields,2026-01-01T22:10:58.130452
3389,9725,Completeness,Missing one or more critical fields,2026-01-01T22:10:58.130452
3390,9730,Completeness,Missing one or more critical fields,2026-01-01T22:10:58.130452
3391,9732,Completeness,Missing one or more critical fields,2026-01-01T22:10:58.130452
3392,9737,Completeness,Missing one or more critical fields,2026-01-01T22:10:58.130452
3393,9742,Completeness,Missing one or more critical fields,2026-01-01T22:10:58.130452
3394,9795,Completeness,Missing one or more critical fields,2026-01-01T22:10:58.130452
3395,9819,Completeness,Missing one or more critical fields,2026-01-01T22:10:58.130452
3396,9839,Completeness,Missing one or more critical fields,2026-01-01T22:10:58.130452
3397,9863,Completeness,Missing one or more critical fields,2026-01-01T22:10:58.130452
3398,9870,Completeness,Missing one or more critical fields,2026-01-01T22:10:58.130452
3399,9875,Completeness,Missing one or more critical fields,2026-01-01T22:10:58.130452
3400,9876,Completeness,Missing one or more critical fields,2026-01-01T22:10:58.130452
3401,9926,Completeness,Missing one or more critical fields,2026-01-01T22:10:58.130452
3402,9933,Completeness,Missing one or more critical fields,2026-01-01T22:10:58.130452
3403,9960,Completeness,Missing one or more critical fields,2026-01-01T22:10:58.130452
3404,9990,Completeness,Missing one or more critical fields,2026-01-01T22:10:58.130452
