,SecurityID,SecurityType
0,SEC_0103,Equity
1,SEC_0436,Fixed Income
2,SEC_0349,Equity
3,SEC_0271,Derivative
4,SEC_0107,Equity
5,SEC_0072,Equity
6,SEC_0189,Equity
7,SEC_0021,Equity
8,SEC_0103,ETF
9,SEC_0122,Derivative
10,SEC_0467,ETF
11,SEC_0215,Derivative
12,SEC_0331,Fixed Income
13,SEC_0459,Equity
14,SEC_0088,Derivative
15,SEC_0373,ETF
16,SEC_0100,Equity
17,SEC_0360,Equity
18,SEC_0152,Equity
19,SEC_0131,Derivative
20,SEC_0150,FX
21,SEC_0309,ETF
22,SEC_0258,Equity
23,SEC_0344,ETF
24,SEC_0492,Equity
25,SEC_0414,Equity
26,SEC_0294,Equity
27,SEC_0386,Equity
28,SEC_0192,Equity
29,SEC_0444,Fixed Income
30,SEC_0277,Derivative
31,SEC_0161,ETF
32,SEC_0460,Fixed Income
33,SEC_0314,Equity
34,SEC_0022,Equity
35,SEC_0253,Fixed Income
36,SEC_0236,Derivative
37,SEC_0345,FX
38,SEC_0049,Fixed Income
39,SEC_0475,Equity
40,SEC_0059,Equity
41,SEC_0170,Fixed Income
42,SEC_0476,Fixed Income
43,SEC_0188,Equity
44,SEC_0464,Equity
45,SEC_0271,ETF
46,SEC_0190,Fixed Income
47,SEC_0446,Derivative
48,SEC_0175,Equity
49,SEC_0446,Fixed Income
50,SEC_0051,Equity
51,SEC_0364,Equity
52,SEC_0055,Equity
53,SEC_0244,Fixed Income
54,SEC_0320,Equity
55,SEC_0131,Equity
56,SEC_0485,FX
57,SEC_0307,Equity
58,SEC_0135,Equity
59,SEC_0021,Derivative
60,SEC_0329,Derivative
61,SEC_0167,ETF
62,SEC_0274,Fixed Income
63,SEC_0388,Equity
64,SEC_0089,ETF
65,SEC_0316,Equity
66,SEC_0014,Derivative
67,SEC_0242,Equity
68,SEC_0265,FX
69,SEC_0346,Derivative
70,SEC_0053,Fixed Income
71,SEC_0386,Fixed Income
72,SEC_0340,ETF
73,SEC_0092,Equity
74,SEC_0367,Equity
75,SEC_0444,ETF
76,SEC_0455,FX
77,SEC_0428,Fixed Income
78,SEC_0264,FX
79,SEC_0431,Equity
80,SEC_0035,Equity
81,SEC_0206,Equity
82,SEC_0081,Equity
83,SEC_0420,Fixed Income
84,SEC_0050,Equity
85,SEC_0360,Fixed Income
86,SEC_0388,Equity
87,SEC_0002,Equity
88,SEC_0390,Equity
89,SEC_0054,Fixed Income
90,SEC_0106,Equity
91,SEC_0260,Fixed Income
92,SEC_0310,Equity
93,SEC_0477,Equity
94,SEC_0191,ETF
95,SEC_0402,Equity
96,SEC_0218,ETF
97,SEC_0044,ETF
98,SEC_0162,Derivative
99,SEC_0202,Fixed Income
100,SEC_0446,Derivative
101,SEC_0484,ETF
102,SEC_0270,Derivative
103,SEC_0351,Equity
104,SEC_0304,Equity
105,SEC_0271,Equity
106,SEC_0456,Equity
107,SEC_0462,Equity
108,SEC_0215,Fixed Income
109,SEC_0252,Fixed Income
110,SEC_0190,Derivative
111,SEC_0296,Equity
112,SEC_0213,Equity
113,SEC_0208,Derivative
114,SEC_0237,Fixed Income
115,SEC_0338,Derivative
116,SEC_0367,Equity
117,SEC_0053,Derivative
118,SEC_0280,Derivative
119,SEC_0410,Derivative
120,SEC_0217,Equity
121,SEC_0252,ETF
122,SEC_0188,Equity
123,SEC_0380,Equity
124,SEC_0493,Derivative
125,SEC_0041,Fixed Income
126,SEC_0157,Equity
127,SEC_0015,Derivative
128,SEC_0301,Equity
129,SEC_0065,Derivative
130,SEC_0345,Derivative
131,SEC_0327,Equity
132,SEC_0009,FX
133,SEC_0344,Equity
134,SEC_0129,Fixed Income
135,SEC_0492,Equity
136,SEC_0136,Fixed Income
137,SEC_0472,Derivative
138,SEC_0063,ETF
139,SEC_0139,Equity
140,SEC_0499,Equity
141,SEC_0081,Equity
142,SEC_0392,Equity
143,SEC_0163,Equity
144,SEC_0419,ETF
145,SEC_0289,Equity
146,SEC_0379,Fixed Income
147,SEC_0261,Fixed Income
148,SEC_0490,Equity
149,SEC_0231,Equity
150,SEC_0041,ETF
151,SEC_0028,Equity
152,SEC_0135,FX
153,SEC_0201,Equity
154,SEC_0328,Derivative
155,SEC_0268,Equity
156,SEC_0418,Equity
157,SEC_0033,Equity
158,SEC_0048,Equity
159,SEC_0407,ETF
160,SEC_0062,Equity
161,SEC_0216,Derivative
162,SEC_0293,ETF
163,SEC_0099,Equity
164,SEC_0172,ETF
165,SEC_0360,Derivative
166,SEC_0214,Fixed Income
167,SEC_0475,Derivative
168,SEC_0035,Equity
169,SEC_0449,Equity
170,SEC_0227,Equity
171,SEC_0101,ETF
172,SEC_0431,Equity
173,SEC_0462,ETF
174,SEC_0131,Equity
175,SEC_0257,Derivative
176,SEC_0005,Derivative
177,SEC_0218,ETF
178,SEC_0255,Equity
179,SEC_0398,Equity
180,SEC_0359,Derivative
181,SEC_0283,ETF
182,SEC_0393,Equity
183,SEC_0207,FX
184,SEC_0015,Equity
185,SEC_0346,Derivative
186,SEC_0042,Derivative
187,SEC_0380,Derivative
188,SEC_0461,Equity
189,SEC_0179,Equity
190,SEC_0063,Fixed Income
191,SEC_0352,Derivative
192,SEC_0231,ETF
193,SEC_0241,Fixed Income
194,SEC_0052,Equity
195,SEC_0096,Equity
196,SEC_0388,Derivative
197,SEC_0222,Fixed Income
198,SEC_0485,Derivative
199,SEC_0407,Equity
200,SEC_0231,Equity
201,SEC_0237,ETF
202,SEC_0143,Derivative
203,SEC_0171,Equity
204,SEC_0029,Fixed Income
205,SEC_0036,ETF
206,SEC_0013,Equity
207,SEC_0160,Derivative
208,SEC_0327,Equity
209,SEC_0187,ETF
210,SEC_0243,Fixed Income
211,SEC_0086,Fixed Income
212,SEC_0284,Derivative
213,SEC_0066,Equity
214,SEC_0170,Equity
215,SEC_0045,Equity
216,SEC_0062,FX
217,SEC_0441,Equity
218,SEC_0134,Equity
219,SEC_0284,Equity
220,SEC_0028,FX
221,SEC_0108,ETF
222,SEC_0044,Equity
223,SEC_0340,Equity
224,SEC_0286,FX
225,SEC_0446,Fixed Income
226,SEC_0331,Derivative
227,SEC_0128,Equity
228,SEC_0348,Fixed Income
229,SEC_0473,Equity
230,SEC_0231,Equity
231,SEC_0190,Derivative
232,SEC_0225,Derivative
233,SEC_0385,Equity
234,SEC_0377,FX
235,SEC_0283,Equity
236,SEC_0446,Derivative
237,SEC_0121,Equity
238,SEC_0116,Equity
239,SEC_0461,ETF
240,SEC_0233,Equity
241,SEC_0259,FX
242,SEC_0359,Derivative
243,SEC_0198,Derivative
244,SEC_0456,Fixed Income
245,SEC_0411,Equity
246,SEC_0137,ETF
247,SEC_0318,Equity
248,SEC_0165,ETF
249,SEC_0225,Derivative
250,SEC_0307,Fixed Income
251,SEC_0234,Equity
252,SEC_0172,Equity
253,SEC_0152,Equity
254,SEC_0463,Derivative
255,SEC_0315,Derivative
256,SEC_0374,FX
257,SEC_0160,ETF
258,SEC_0096,ETF
259,SEC_0472,Equity
260,SEC_0233,Equity
261,SEC_0180,Fixed Income
262,SEC_0113,Derivative
263,SEC_0318,Fixed Income
264,SEC_0497,Equity
265,SEC_0442,Derivative
266,SEC_0052,Derivative
267,SEC_0268,ETF
268,SEC_0295,Fixed Income
269,SEC_0386,ETF
270,SEC_0387,Equity
271,SEC_0113,ETF
272,SEC_0101,Equity
273,SEC_0113,Derivative
274,SEC_0440,ETF
275,SEC_0081,FX
276,SEC_0187,Derivative
277,SEC_0113,ETF
278,SEC_0002,Equity
279,SEC_0130,Fixed Income
280,SEC_0220,ETF
281,SEC_0054,Derivative
282,SEC_0343,ETF
283,SEC_0485,FX
284,SEC_0224,Derivative
285,SEC_0225,Equity
286,SEC_0385,Equity
287,SEC_0403,Derivative
288,SEC_0126,Equity
289,SEC_0130,Equity
290,SEC_0053,ETF
291,SEC_0172,Fixed Income
292,SEC_0218,Equity
293,SEC_0160,Fixed Income
294,SEC_0198,Fixed Income
295,SEC_0416,ETF
296,SEC_0247,Derivative
297,SEC_0324,Fixed Income
298,SEC_0439,Equity
299,SEC_0203,ETF
300,SEC_0184,FX
301,SEC_0123,Equity
302,SEC_0401,Fixed Income
303,SEC_0255,Equity
304,SEC_0294,ETF
305,SEC_0280,Derivative
306,SEC_0325,Equity
307,SEC_0372,Equity
308,SEC_0098,Equity
309,SEC_0198,Fixed Income
310,SEC_0470,Fixed Income
311,SEC_0395,Equity
312,SEC_0240,ETF
313,SEC_0144,ETF
314,SEC_0097,Equity
315,SEC_0201,Equity
316,SEC_0124,Derivative
317,SEC_0187,Equity
318,SEC_0326,Equity
319,SEC_0464,Equity
320,SEC_0349,Equity
321,SEC_0259,Equity
322,SEC_0148,ETF
323,SEC_0252,Equity
324,SEC_0443,Equity
325,SEC_0420,Equity
326,SEC_0403,Equity
327,SEC_0346,Fixed Income
328,SEC_0451,Derivative
329,SEC_0147,Equity
330,SEC_0148,ETF
331,SEC_0352,Derivative
332,SEC_0199,Derivative
333,SEC_0308,Equity
334,SEC_0489,Equity
335,SEC_0417,Fixed Income
336,SEC_0424,Fixed Income
337,SEC_0128,Equity
338,SEC_0039,ETF
339,SEC_0338,Derivative
340,SEC_0360,Equity
341,SEC_0129,ETF
342,SEC_0267,Fixed Income
343,SEC_0476,Equity
344,SEC_0441,Equity
345,SEC_0473,Equity
346,SEC_0434,Equity
347,SEC_0151,Equity
348,SEC_0415,Fixed Income
349,SEC_0478,Equity
350,SEC_0298,Equity
351,SEC_0099,Equity
352,SEC_0263,Equity
353,SEC_0252,Equity
354,SEC_0144,Equity
355,SEC_0346,FX
356,SEC_0112,Equity
357,SEC_0500,Equity
358,SEC_0060,ETF
359,SEC_0369,Equity
360,SEC_0002,Equity
361,SEC_0385,Equity
362,SEC_0304,FX
363,SEC_0254,ETF
364,SEC_0140,Equity
365,SEC_0453,Equity
366,SEC_0037,Fixed Income
367,SEC_0160,Equity
368,SEC_0009,ETF
369,SEC_0233,Fixed Income
370,SEC_0099,Equity
371,SEC_0147,Equity
372,SEC_0304,Equity
373,SEC_0208,Equity
374,SEC_0131,Derivative
375,SEC_0404,Equity
376,SEC_0152,Equity
377,SEC_0054,Equity
378,SEC_0120,Derivative
379,SEC_0161,Equity
380,SEC_0408,Equity
381,SEC_0116,Equity
382,SEC_0075,Equity
383,SEC_0113,ETF
384,SEC_0456,Fixed Income
385,SEC_0420,Equity
386,SEC_0422,ETF
387,SEC_0104,Equity
388,SEC_0340,Derivative
389,SEC_0254,FX
390,SEC_0227,Fixed Income
391,SEC_0112,Equity
392,SEC_0473,ETF
393,SEC_0099,Fixed Income
394,SEC_0153,Equity
395,SEC_0349,Equity
396,SEC_0402,Equity
397,SEC_0384,Equity
398,SEC_0366,Equity
399,SEC_0338,Equity
400,SEC_0194,Fixed Income
401,SEC_0310,Fixed Income
402,SEC_0163,Equity
403,SEC_0208,Equity
404,SEC_0445,Equity
405,SEC_0169,Equity
406,SEC_0484,Fixed Income
407,SEC_0161,Equity
408,SEC_0068,Derivative
409,SEC_0289,Equity
410,SEC_0398,Equity
411,SEC_0277,ETF
412,SEC_0304,Equity
413,SEC_0404,Equity
414,SEC_0384,ETF
415,SEC_0392,Equity
416,SEC_0135,ETF
417,SEC_0195,Equity
418,SEC_0401,Derivative
419,SEC_0128,Equity
420,SEC_0033,ETF
421,SEC_0176,Fixed Income
422,SEC_0460,Equity
423,SEC_0443,Derivative
424,SEC_0371,Equity
425,SEC_0470,Derivative
426,SEC_0375,FX
427,SEC_0022,Derivative
428,SEC_0238,Equity
429,SEC_0158,ETF
430,SEC_0038,Fixed Income
431,SEC_0230,Equity
432,SEC_0365,Equity
433,SEC_0051,Derivative
434,SEC_0438,Derivative
435,SEC_0264,Derivative
436,SEC_0283,Equity
437,SEC_0027,Equity
438,SEC_0226,Fixed Income
439,SEC_0277,Equity
440,SEC_0286,Equity
441,SEC_0097,FX
442,SEC_0284,Equity
443,SEC_0367,Equity
444,SEC_0448,Equity
445,SEC_0481,Fixed Income
446,SEC_0453,Derivative
447,SEC_0317,Derivative
448,SEC_0304,Derivative
449,SEC_0147,Equity
450,SEC_0004,ETF
451,SEC_0035,Fixed Income
452,SEC_0192,ETF
453,SEC_0049,ETF
454,SEC_0017,Fixed Income
455,SEC_0172,ETF
456,SEC_0220,Equity
457,SEC_0158,Equity
458,SEC_0477,Equity
459,SEC_0046,Fixed Income
460,SEC_0373,Derivative
461,SEC_0006,ETF
462,SEC_0099,Fixed Income
463,SEC_0380,Derivative
464,SEC_0233,ETF
465,SEC_0037,Fixed Income
466,SEC_0280,Equity
467,SEC_0349,Derivative
468,SEC_0497,Fixed Income
469,SEC_0302,Derivative
470,SEC_0181,Derivative
471,SEC_0095,Equity
472,SEC_0099,Equity
473,SEC_0188,Equity
474,SEC_0481,Equity
475,SEC_0116,Derivative
476,SEC_0191,Fixed Income
477,SEC_0253,Equity
478,SEC_0469,Equity
479,SEC_0416,Fixed Income
480,SEC_0471,Equity
481,SEC_0161,Equity
482,SEC_0256,Equity
483,SEC_0323,Fixed Income
484,SEC_0128,ETF
485,SEC_0018,ETF
486,SEC_0281,Fixed Income
487,SEC_0490,Fixed Income
488,SEC_0223,FX
489,SEC_0054,Equity
490,SEC_0058,Equity
491,SEC_0323,Equity
492,SEC_0360,Equity
493,SEC_0174,Equity
494,SEC_0280,FX
495,SEC_0114,Equity
496,SEC_0288,Equity
497,SEC_0431,FX
498,SEC_0342,Derivative
499,SEC_0151,Equity
500,SEC_0450,Derivative
501,SEC_0127,FX
502,SEC_0155,Equity
503,SEC_0490,ETF
504,SEC_0386,Equity
505,SEC_0474,Fixed Income
506,SEC_0273,Equity
507,SEC_0104,Equity
508,SEC_0417,Equity
509,SEC_0393,Derivative
510,SEC_0299,Equity
511,SEC_0246,ETF
512,SEC_0176,Derivative
513,SEC_0039,ETF
514,SEC_0477,Equity
515,SEC_0170,Equity
516,SEC_0247,Equity
517,SEC_0026,Derivative
518,SEC_0355,Equity
519,SEC_0306,ETF
520,SEC_0409,Equity
521,SEC_0408,ETF
522,SEC_0013,Fixed Income
523,SEC_0316,Fixed Income
524,SEC_0391,ETF
525,SEC_0313,ETF
526,SEC_0036,ETF
527,SEC_0173,Fixed Income
528,SEC_0020,ETF
529,SEC_0321,Derivative
530,SEC_0264,Derivative
531,SEC_0494,Derivative
532,SEC_0400,Derivative
533,SEC_0142,FX
534,SEC_0460,Derivative
535,SEC_0371,Equity
536,SEC_0471,Derivative
537,SEC_0143,Equity
538,SEC_0092,FX
539,SEC_0354,Fixed Income
540,SEC_0322,ETF
541,SEC_0288,Derivative
542,SEC_0215,Fixed Income
543,SEC_0447,Equity
544,SEC_0342,ETF
545,SEC_0051,Equity
546,SEC_0153,ETF
547,SEC_0186,Derivative
548,SEC_0063,Equity
549,SEC_0190,ETF
550,SEC_0125,Equity
551,SEC_0150,Equity
552,SEC_0314,Equity
553,SEC_0058,ETF
554,SEC_0342,Derivative
555,SEC_0305,ETF
556,SEC_0180,Equity
557,SEC_0170,Equity
558,SEC_0326,Fixed Income
559,SEC_0271,Fixed Income
560,SEC_0054,Derivative
561,SEC_0491,Fixed Income
562,SEC_0444,Equity
563,SEC_0101,Equity
564,SEC_0481,Fixed Income
565,SEC_0264,Equity
566,SEC_0053,ETF
567,SEC_0060,ETF
568,SEC_0492,Derivative
569,SEC_0108,Equity
570,SEC_0005,Equity
571,SEC_0103,Fixed Income
572,SEC_0196,Derivative
573,SEC_0262,ETF
574,SEC_0365,ETF
575,SEC_0480,Equity
576,SEC_0372,ETF
577,SEC_0350,Equity
578,SEC_0047,Derivative
579,SEC_0355,Fixed Income
580,SEC_0311,Derivative
581,SEC_0424,FX
582,SEC_0308,ETF
583,SEC_0144,FX
584,SEC_0269,Derivative
585,SEC_0370,Equity
586,SEC_0124,ETF
587,SEC_0106,ETF
588,SEC_0158,Derivative
589,SEC_0147,ETF
590,SEC_0145,Equity
591,SEC_0120,Derivative
592,SEC_0319,Equity
593,SEC_0275,Fixed Income
594,SEC_0092,Derivative
595,SEC_0058,Derivative
596,SEC_0439,Derivative
597,SEC_0346,Equity
598,SEC_0229,ETF
599,SEC_0474,Equity
600,SEC_0117,FX
601,SEC_0318,ETF
602,SEC_0279,ETF
603,SEC_0127,Derivative
604,SEC_0393,Fixed Income
605,SEC_0396,Fixed Income
606,SEC_0129,Equity
607,SEC_0058,Equity
608,SEC_0122,Derivative
609,SEC_0001,Derivative
610,SEC_0239,Fixed Income
611,SEC_0290,Derivative
612,SEC_0096,Fixed Income
613,SEC_0126,Equity
614,SEC_0118,ETF
615,SEC_0048,ETF
616,SEC_0089,Equity
617,SEC_0488,Derivative
618,SEC_0237,Fixed Income
619,SEC_0373,Equity
620,SEC_0385,Equity
621,SEC_0272,Equity
622,SEC_0189,Derivative
623,SEC_0487,Equity
624,SEC_0192,Equity
625,SEC_0447,Equity
626,SEC_0069,Equity
627,SEC_0278,Derivative
628,SEC_0349,FX
629,SEC_0247,Equity
630,SEC_0451,Derivative
631,SEC_0076,Equity
632,SEC_0154,Fixed Income
633,SEC_0144,Equity
634,SEC_0435,Derivative
635,SEC_0485,Equity
636,SEC_0086,FX
637,SEC_0185,Equity
638,SEC_0285,Equity
639,SEC_0462,Derivative
640,SEC_0220,Fixed Income
641,SEC_0069,Equity
642,SEC_0047,Equity
643,SEC_0497,FX
644,SEC_0094,Equity
645,SEC_0238,Equity
646,SEC_0446,Equity
647,SEC_0500,Derivative
648,SEC_0453,Equity
649,SEC_0204,ETF
650,SEC_0400,ETF
651,SEC_0218,ETF
652,SEC_0474,ETF
653,SEC_0432,ETF
654,SEC_0341,ETF
655,SEC_0039,Equity
656,SEC_0100,Equity
657,SEC_0289,Equity
658,SEC_0254,Fixed Income
659,SEC_0222,Fixed Income
660,SEC_0357,ETF
661,SEC_0023,ETF
662,SEC_0250,Equity
663,SEC_0010,Fixed Income
664,SEC_0246,Fixed Income
665,SEC_0325,Fixed Income
666,SEC_0100,Fixed Income
667,SEC_0290,ETF
668,SEC_0180,ETF
669,SEC_0223,Equity
670,SEC_0394,Equity
671,SEC_0250,Derivative
672,SEC_0147,Derivative
673,SEC_0442,FX
674,SEC_0096,ETF
675,SEC_0257,Equity
676,SEC_0325,Fixed Income
677,SEC_0493,ETF
678,SEC_0004,Derivative
679,SEC_0016,FX
680,SEC_0280,Equity
681,SEC_0336,Equity
682,SEC_0247,Equity
683,SEC_0258,Fixed Income
684,SEC_0497,Fixed Income
685,SEC_0476,ETF
686,SEC_0384,Equity
687,SEC_0160,Equity
688,SEC_0475,Equity
689,SEC_0340,Derivative
690,SEC_0152,ETF
691,SEC_0396,ETF
692,SEC_0178,Derivative
693,SEC_0163,Equity
694,SEC_0380,Equity
695,SEC_0033,ETF
696,SEC_0417,Derivative
697,SEC_0445,Equity
698,SEC_0179,Fixed Income
699,SEC_0427,Equity
700,SEC_0101,Fixed Income
701,SEC_0268,ETF
702,SEC_0323,Equity
703,SEC_0065,FX
704,SEC_0417,Equity
705,SEC_0168,ETF
706,SEC_0330,Equity
707,SEC_0043,FX
708,SEC_0044,Equity
709,SEC_0285,ETF
710,SEC_0397,Equity
711,SEC_0012,Equity
712,SEC_0095,Equity
713,SEC_0302,Derivative
714,SEC_0386,Equity
715,SEC_0253,Equity
716,SEC_0499,Derivative
717,SEC_0242,Derivative
718,SEC_0035,Fixed Income
719,SEC_0215,Equity
720,SEC_0337,FX
721,SEC_0090,Derivative
722,SEC_0264,Derivative
723,SEC_0093,Equity
724,SEC_0410,ETF
725,SEC_0458,Equity
726,SEC_0090,Equity
727,SEC_0418,Equity
728,SEC_0115,ETF
729,SEC_0105,Derivative
730,SEC_0391,Derivative
731,SEC_0196,Equity
732,SEC_0314,Derivative
733,SEC_0114,Equity
734,SEC_0493,ETF
735,SEC_0075,Fixed Income
736,SEC_0413,Fixed Income
737,SEC_0376,Equity
738,SEC_0420,Fixed Income
739,SEC_0217,Derivative
740,SEC_0277,Fixed Income
741,SEC_0249,FX
742,SEC_0164,Fixed Income
743,SEC_0394,Derivative
744,SEC_0357,ETF
745,SEC_0457,Equity
746,SEC_0408,Equity
747,SEC_0192,Derivative
748,SEC_0227,Equity
749,SEC_0177,Equity
750,SEC_0099,Equity
751,SEC_0496,Fixed Income
752,SEC_0036,Equity
753,SEC_0466,Fixed Income
754,SEC_0497,ETF
755,SEC_0487,Derivative
756,SEC_0096,Derivative
757,SEC_0152,Equity
758,SEC_0151,Equity
759,SEC_0190,Equity
760,SEC_0224,ETF
761,SEC_0037,Derivative
762,SEC_0268,Equity
763,SEC_0369,Fixed Income
764,SEC_0183,Equity
765,SEC_0013,Fixed Income
766,SEC_0279,Equity
767,SEC_0217,Equity
768,SEC_0355,Equity
769,SEC_0361,Equity
770,SEC_0286,Derivative
771,SEC_0273,Fixed Income
772,SEC_0369,Equity
773,SEC_0062,Fixed Income
774,SEC_0084,Equity
775,SEC_0368,Derivative
776,SEC_0217,Equity
777,SEC_0342,Equity
778,SEC_0397,Equity
779,SEC_0187,Fixed Income
780,SEC_0019,ETF
781,SEC_0177,Equity
782,SEC_0100,Equity
783,SEC_0396,Equity
784,SEC_0445,Equity
785,SEC_0233,Equity
786,SEC_0403,Equity
787,SEC_0076,ETF
788,SEC_0265,Equity
789,SEC_0455,Derivative
790,SEC_0284,Equity
791,SEC_0206,Equity
792,SEC_0223,Derivative
793,SEC_0384,Derivative
794,SEC_0052,Equity
795,SEC_0339,Equity
796,SEC_0367,Equity
797,SEC_0144,Equity
798,SEC_0373,ETF
799,SEC_0069,Fixed Income
800,SEC_0099,ETF
801,SEC_0396,Equity
802,SEC_0025,Fixed Income
803,SEC_0436,Equity
804,SEC_0379,Derivative
805,SEC_0469,Equity
806,SEC_0484,Derivative
807,SEC_0053,Equity
808,SEC_0151,Fixed Income
809,SEC_0144,Fixed Income
810,SEC_0057,Derivative
811,SEC_0039,Equity
812,SEC_0109,Fixed Income
813,SEC_0181,Equity
814,SEC_0042,Equity
815,SEC_0186,Fixed Income
816,SEC_0423,ETF
817,SEC_0398,ETF
818,SEC_0223,Equity
819,SEC_0122,ETF
820,SEC_0133,ETF
821,SEC_0163,Equity
822,SEC_0215,Fixed Income
823,SEC_0221,ETF
824,SEC_0235,Fixed Income
825,SEC_0331,Equity
826,SEC_0146,Derivative
827,SEC_0239,Equity
828,SEC_0076,Equity
829,SEC_0009,Derivative
830,SEC_0074,Equity
831,SEC_0442,Derivative
832,SEC_0492,Equity
833,SEC_0401,Fixed Income
834,SEC_0253,Fixed Income
835,SEC_0230,Derivative
836,SEC_0007,ETF
837,SEC_0174,Derivative
838,SEC_0141,Fixed Income
839,SEC_0168,Equity
840,SEC_0170,Fixed Income
841,SEC_0393,Equity
842,SEC_0434,Equity
843,SEC_0283,Equity
844,SEC_0122,Equity
845,SEC_0194,Equity
846,SEC_0005,Equity
847,SEC_0029,Equity
848,SEC_0165,Equity
849,SEC_0422,Equity
850,SEC_0339,Fixed Income
851,SEC_0136,Equity
852,SEC_0496,Equity
853,SEC_0365,Equity
854,SEC_0321,Equity
855,SEC_0342,ETF
856,SEC_0500,Equity
857,SEC_0145,FX
858,SEC_0327,Equity
859,SEC_0217,Equity
860,SEC_0301,Equity
861,SEC_0132,Equity
862,SEC_0292,Equity
863,SEC_0070,Derivative
864,SEC_0252,Derivative
865,SEC_0415,Equity
866,SEC_0275,Equity
867,SEC_0445,Equity
868,SEC_0364,Equity
869,SEC_0182,Derivative
870,SEC_0167,ETF
871,SEC_0091,Equity
872,SEC_0202,Derivative
873,SEC_0346,FX
874,SEC_0019,FX
875,SEC_0039,Equity
876,SEC_0126,Equity
877,SEC_0451,Fixed Income
878,SEC_0173,FX
879,SEC_0141,ETF
880,SEC_0242,Derivative
881,SEC_0220,Equity
882,SEC_0126,ETF
883,SEC_0058,Equity
884,SEC_0148,Equity
885,SEC_0476,FX
886,SEC_0456,Equity
887,SEC_0317,ETF
888,SEC_0383,Equity
889,SEC_0361,Equity
890,SEC_0423,Equity
891,SEC_0001,FX
892,SEC_0387,Equity
893,SEC_0461,Equity
894,SEC_0348,FX
895,SEC_0190,Equity
896,SEC_0191,Equity
897,SEC_0369,Derivative
898,SEC_0409,Equity
899,SEC_0312,ETF
900,SEC_0417,Equity
901,SEC_0422,Equity
902,SEC_0117,Equity
903,SEC_0134,Equity
904,SEC_0058,Derivative
905,SEC_0044,Fixed Income
906,SEC_0173,Equity
907,SEC_0160,Equity
908,SEC_0173,Equity
909,SEC_0317,Fixed Income
910,SEC_0303,Derivative
911,SEC_0149,Equity
912,SEC_0080,Equity
913,SEC_0374,Derivative
914,SEC_0213,Derivative
915,SEC_0203,Equity
916,SEC_0252,Equity
917,SEC_0229,ETF
918,SEC_0164,Derivative
919,SEC_0227,Equity
920,SEC_0147,Equity
921,SEC_0020,ETF
922,SEC_0441,Fixed Income
923,SEC_0402,Derivative
924,SEC_0047,Equity
925,SEC_0233,Derivative
926,SEC_0305,FX
927,SEC_0014,Equity
928,SEC_0143,Equity
929,SEC_0415,Equity
930,SEC_0001,Derivative
931,SEC_0373,Derivative
932,SEC_0054,Fixed Income
933,SEC_0374,Fixed Income
934,SEC_0259,Fixed Income
935,SEC_0144,Equity
936,SEC_0471,Equity
937,SEC_0441,Equity
938,SEC_0459,Equity
939,SEC_0012,ETF
940,SEC_0330,Equity
941,SEC_0224,Fixed Income
942,SEC_0272,ETF
943,SEC_0456,Equity
944,SEC_0358,Fixed Income
945,SEC_0460,Equity
946,SEC_0408,Equity
947,SEC_0156,Fixed Income
948,SEC_0373,Equity
949,SEC_0008,Equity
950,SEC_0122,Equity
951,SEC_0348,Derivative
952,SEC_0164,Equity
953,SEC_0090,Equity
954,SEC_0136,Equity
955,SEC_0186,Derivative
956,SEC_0316,Derivative
957,SEC_0178,Equity
958,SEC_0028,ETF
959,SEC_0220,FX
960,SEC_0357,Fixed Income
961,SEC_0041,Equity
962,SEC_0228,Equity
963,SEC_0192,ETF
964,SEC_0411,ETF
965,SEC_0447,FX
966,SEC_0145,Fixed Income
967,SEC_0201,Equity
968,SEC_0417,ETF
969,SEC_0212,Derivative
970,SEC_0461,Equity
971,SEC_0220,Derivative
972,SEC_0240,Equity
973,SEC_0413,Equity
974,SEC_0397,Derivative
975,SEC_0046,Fixed Income
976,SEC_0035,Fixed Income
977,SEC_0253,Fixed Income
978,SEC_0390,Equity
979,SEC_0082,Equity
980,SEC_0371,Fixed Income
981,SEC_0256,Equity
982,SEC_0197,Fixed Income
983,SEC_0303,Fixed Income
984,SEC_0409,ETF
985,SEC_0450,Equity
986,SEC_0010,Equity
987,SEC_0312,ETF
988,SEC_0286,Equity
989,SEC_0242,Derivative
990,SEC_0251,Equity
991,SEC_0365,ETF
992,SEC_0005,Fixed Income
993,SEC_0119,ETF
994,SEC_0289,Equity
995,SEC_0374,Derivative
996,SEC_0065,Derivative
997,SEC_0146,Derivative
998,SEC_0224,Equity
999,SEC_0239,Equity
1000,SEC_0177,Equity
1001,SEC_0267,Equity
1002,SEC_0341,Derivative
1003,SEC_0282,Equity
1004,SEC_0063,Derivative
1005,SEC_0217,Fixed Income
1006,SEC_0342,Equity
1007,SEC_0315,Equity
1008,SEC_0283,Equity
1009,SEC_0177,Fixed Income
1010,SEC_0461,Fixed Income
1011,SEC_0417,Fixed Income
1012,SEC_0098,ETF
1013,SEC_0105,Equity
1014,SEC_0099,Derivative
1015,SEC_0385,Derivative
1016,SEC_0405,Equity
1017,SEC_0496,ETF
1018,SEC_0311,ETF
1019,SEC_0006,Equity
1020,SEC_0476,Equity
1021,SEC_0465,Derivative
1022,SEC_0197,Fixed Income
1023,SEC_0351,Derivative
1024,SEC_0133,Equity
1025,SEC_0358,Equity
1026,SEC_0259,Equity
1027,SEC_0437,Fixed Income
1028,SEC_0023,ETF
1029,SEC_0485,Fixed Income
1030,SEC_0053,Fixed Income
1031,SEC_0165,Equity
1032,SEC_0202,Equity
1033,SEC_0458,Derivative
1034,SEC_0083,Fixed Income
1035,SEC_0145,ETF
1036,SEC_0085,Equity
1037,SEC_0078,Equity
1038,SEC_0457,ETF
1039,SEC_0366,Equity
1040,SEC_0001,Equity
1041,SEC_0051,Fixed Income
1042,SEC_0173,Fixed Income
1043,SEC_0205,Fixed Income
1044,SEC_0260,Equity
1045,SEC_0446,ETF
1046,SEC_0449,Derivative
1047,SEC_0369,Equity
1048,SEC_0488,Equity
1049,SEC_0288,ETF
1050,SEC_0034,Equity
1051,SEC_0348,Fixed Income
1052,SEC_0095,Equity
1053,SEC_0072,Equity
1054,SEC_0039,Equity
1055,SEC_0154,Derivative
1056,SEC_0250,Equity
1057,SEC_0162,ETF
1058,SEC_0438,Equity
1059,SEC_0118,Derivative
1060,SEC_0259,Equity
1061,SEC_0379,Derivative
1062,SEC_0306,ETF
1063,SEC_0268,Equity
1064,SEC_0449,Fixed Income
1065,SEC_0054,Equity
1066,SEC_0236,Derivative
1067,SEC_0389,Derivative
1068,SEC_0478,Equity
1069,SEC_0222,Equity
1070,SEC_0251,Equity
1071,SEC_0313,Equity
1072,SEC_0401,Equity
1073,SEC_0112,Equity
1074,SEC_0255,Equity
1075,SEC_0303,ETF
1076,SEC_0407,Equity
1077,SEC_0207,Equity
1078,SEC_0229,Equity
1079,SEC_0341,ETF
1080,SEC_0398,Derivative
1081,SEC_0066,Equity
1082,SEC_0075,Derivative
1083,SEC_0435,Derivative
1084,SEC_0103,ETF
1085,SEC_0422,ETF
1086,SEC_0192,Equity
1087,SEC_0252,Fixed Income
1088,SEC_0226,Derivative
1089,SEC_0294,ETF
1090,SEC_0306,Equity
1091,SEC_0098,Equity
1092,SEC_0338,Fixed Income
1093,SEC_0286,Equity
1094,SEC_0335,Fixed Income
1095,SEC_0347,Equity
1096,SEC_0435,ETF
1097,SEC_0447,Derivative
1098,SEC_0482,Derivative
1099,SEC_0308,Equity
1100,SEC_0249,ETF
1101,SEC_0166,Equity
1102,SEC_0481,Equity
1103,SEC_0472,ETF
1104,SEC_0335,Fixed Income
1105,SEC_0030,Equity
1106,SEC_0247,ETF
1107,SEC_0106,ETF
1108,SEC_0051,ETF
1109,SEC_0081,Equity
1110,SEC_0133,Equity
1111,SEC_0285,Equity
1112,SEC_0388,Fixed Income
1113,SEC_0138,ETF
1114,SEC_0184,ETF
1115,SEC_0401,ETF
1116,SEC_0330,Equity
1117,SEC_0273,Derivative
1118,SEC_0340,ETF
1119,SEC_0472,Equity
1120,SEC_0069,Equity
1121,SEC_0034,Derivative
1122,SEC_0262,Equity
1123,SEC_0053,ETF
1124,SEC_0450,Equity
1125,SEC_0205,Fixed Income
1126,SEC_0126,ETF
1127,SEC_0235,ETF
1128,SEC_0043,Derivative
1129,SEC_0240,Derivative
1130,SEC_0459,ETF
1131,SEC_0371,ETF
1132,SEC_0111,FX
1133,SEC_0249,Derivative
1134,SEC_0151,Fixed Income
1135,SEC_0183,Fixed Income
1136,SEC_0336,ETF
1137,SEC_0095,Derivative
1138,SEC_0459,ETF
1139,SEC_0374,Equity
1140,SEC_0400,Fixed Income
1141,SEC_0008,Equity
1142,SEC_0388,Fixed Income
1143,SEC_0360,FX
1144,SEC_0388,Derivative
1145,SEC_0184,Equity
1146,SEC_0281,Equity
1147,SEC_0195,ETF
1148,SEC_0352,ETF
1149,SEC_0195,Equity
1150,SEC_0155,Equity
1151,SEC_0093,Equity
1152,SEC_0160,Derivative
1153,SEC_0434,Derivative
1154,SEC_0061,Fixed Income
1155,SEC_0122,Derivative
1156,SEC_0051,Fixed Income
1157,SEC_0403,Equity
1158,SEC_0277,Derivative
1159,SEC_0005,Derivative
1160,SEC_0466,ETF
1161,SEC_0092,ETF
1162,SEC_0170,Derivative
1163,SEC_0317,Equity
1164,SEC_0022,Equity
1165,SEC_0405,Derivative
1166,SEC_0326,Equity
1167,SEC_0001,Equity
1168,SEC_0133,Equity
1169,SEC_0233,ETF
1170,SEC_0012,Equity
1171,SEC_0346,Equity
1172,SEC_0046,ETF
1173,SEC_0034,FX
1174,SEC_0433,Equity
1175,SEC_0078,Derivative
1176,SEC_0218,Equity
1177,SEC_0301,Derivative
1178,SEC_0411,FX
1179,SEC_0073,Equity
1180,SEC_0282,Derivative
1181,SEC_0249,Fixed Income
1182,SEC_0047,FX
1183,SEC_0121,ETF
1184,SEC_0214,Equity
1185,SEC_0239,Equity
1186,SEC_0056,ETF
1187,SEC_0350,Fixed Income
1188,SEC_0107,Fixed Income
1189,SEC_0319,Equity
1190,SEC_0048,Equity
1191,SEC_0061,Fixed Income
1192,SEC_0337,Equity
1193,SEC_0026,Equity
1194,SEC_0292,FX
1195,SEC_0257,Equity
1196,SEC_0008,Fixed Income
1197,SEC_0113,Derivative
1198,SEC_0355,Equity
1199,SEC_0253,Derivative
1200,SEC_0180,Equity
1201,SEC_0207,ETF
1202,SEC_0303,ETF
1203,SEC_0127,Derivative
1204,SEC_0056,Equity
1205,SEC_0214,ETF
1206,SEC_0014,ETF
1207,SEC_0474,Fixed Income
1208,SEC_0028,FX
1209,SEC_0471,Equity
1210,SEC_0078,Equity
1211,SEC_0216,Fixed Income
1212,SEC_0386,FX
1213,SEC_0365,Equity
1214,SEC_0154,Equity
1215,SEC_0014,Derivative
1216,SEC_0187,Equity
1217,SEC_0312,FX
1218,SEC_0371,Derivative
1219,SEC_0007,Fixed Income
1220,SEC_0003,Equity
1221,SEC_0111,FX
1222,SEC_0407,Equity
1223,SEC_0238,Derivative
1224,SEC_0363,Equity
1225,SEC_0239,Equity
1226,SEC_0493,Equity
1227,SEC_0274,Derivative
1228,SEC_0294,Derivative
1229,SEC_0227,Equity
1230,SEC_0371,Fixed Income
1231,SEC_0015,Equity
1232,SEC_0192,Derivative
1233,SEC_0473,Equity
1234,SEC_0119,Derivative
1235,SEC_0485,ETF
1236,SEC_0028,ETF
1237,SEC_0202,ETF
1238,SEC_0039,Equity
1239,SEC_0441,Equity
1240,SEC_0273,Equity
1241,SEC_0231,Equity
1242,SEC_0086,Equity
1243,SEC_0474,FX
1244,SEC_0126,Fixed Income
1245,SEC_0300,ETF
1246,SEC_0025,Fixed Income
1247,SEC_0145,FX
1248,SEC_0013,Equity
1249,SEC_0212,Derivative
1250,SEC_0025,ETF
1251,SEC_0068,Equity
1252,SEC_0394,Equity
1253,SEC_0067,Equity
1254,SEC_0233,Derivative
1255,SEC_0109,Equity
1256,SEC_0146,Derivative
1257,SEC_0111,Derivative
1258,SEC_0228,Derivative
1259,SEC_0111,Derivative
1260,SEC_0470,Derivative
1261,SEC_0034,FX
1262,SEC_0111,Equity
1263,SEC_0264,Fixed Income
1264,SEC_0424,Fixed Income
1265,SEC_0369,ETF
1266,SEC_0236,Derivative
1267,SEC_0083,Fixed Income
1268,SEC_0042,Fixed Income
1269,SEC_0425,Equity
1270,SEC_0101,Equity
1271,SEC_0006,Equity
1272,SEC_0180,Equity
1273,SEC_0282,Equity
1274,SEC_0320,FX
1275,SEC_0226,ETF
1276,SEC_0443,Derivative
1277,SEC_0440,Equity
1278,SEC_0315,Equity
1279,SEC_0365,Equity
1280,SEC_0454,Equity
1281,SEC_0229,Equity
1282,SEC_0377,Fixed Income
1283,SEC_0289,Equity
1284,SEC_0437,Equity
1285,SEC_0150,Fixed Income
1286,SEC_0277,Equity
1287,SEC_0198,Derivative
1288,SEC_0070,Equity
1289,SEC_0112,Equity
1290,SEC_0004,Equity
1291,SEC_0350,Equity
1292,SEC_0331,Equity
1293,SEC_0446,Equity
1294,SEC_0318,Equity
1295,SEC_0350,Derivative
1296,SEC_0095,Equity
1297,SEC_0152,Equity
1298,SEC_0311,Fixed Income
1299,SEC_0137,Derivative
1300,SEC_0247,Equity
1301,SEC_0387,Equity
1302,SEC_0243,Fixed Income
1303,SEC_0031,Equity
1304,SEC_0040,FX
1305,SEC_0229,Derivative
1306,SEC_0036,Derivative
1307,SEC_0408,Equity
1308,SEC_0223,Derivative
1309,SEC_0006,ETF
1310,SEC_0322,Equity
1311,SEC_0468,Equity
1312,SEC_0220,Derivative
1313,SEC_0075,Derivative
1314,SEC_0004,Fixed Income
1315,SEC_0335,ETF
1316,SEC_0134,Equity
1317,SEC_0118,Fixed Income
1318,SEC_0369,Equity
1319,SEC_0094,Equity
1320,SEC_0486,Equity
1321,SEC_0435,Fixed Income
1322,SEC_0062,Fixed Income
1323,SEC_0441,Equity
1324,SEC_0194,FX
1325,SEC_0335,Fixed Income
1326,SEC_0203,Equity
1327,SEC_0392,Equity
1328,SEC_0026,Equity
1329,SEC_0435,FX
1330,SEC_0173,Derivative
1331,SEC_0300,FX
1332,SEC_0133,Equity
1333,SEC_0326,ETF
1334,SEC_0410,Equity
1335,SEC_0118,Derivative
1336,SEC_0324,Equity
1337,SEC_0275,Fixed Income
1338,SEC_0212,Fixed Income
1339,SEC_0225,Derivative
1340,SEC_0020,FX
1341,SEC_0113,Equity
1342,SEC_0140,Equity
1343,SEC_0047,ETF
1344,SEC_0001,Equity
1345,SEC_0090,Equity
1346,SEC_0142,Equity
1347,SEC_0320,Equity
1348,SEC_0038,Equity
1349,SEC_0293,Derivative
1350,SEC_0382,FX
1351,SEC_0139,Equity
1352,SEC_0356,ETF
1353,SEC_0333,Derivative
1354,SEC_0491,Derivative
1355,SEC_0259,Fixed Income
1356,SEC_0161,Fixed Income
1357,SEC_0390,Equity
1358,SEC_0178,Derivative
1359,SEC_0010,ETF
1360,SEC_0261,Equity
1361,SEC_0407,Derivative
1362,SEC_0138,Fixed Income
1363,SEC_0172,Equity
1364,SEC_0386,ETF
1365,SEC_0013,Equity
1366,SEC_0168,Equity
1367,SEC_0130,ETF
1368,SEC_0084,Fixed Income
1369,SEC_0321,Fixed Income
1370,SEC_0319,Derivative
1371,SEC_0101,Equity
1372,SEC_0329,Equity
1373,SEC_0273,ETF
1374,SEC_0265,Equity
1375,SEC_0459,Fixed Income
1376,SEC_0399,Equity
1377,SEC_0408,ETF
1378,SEC_0038,ETF
1379,SEC_0419,Equity
1380,SEC_0094,FX
1381,SEC_0095,Derivative
1382,SEC_0305,Derivative
1383,SEC_0069,Equity
1384,SEC_0318,Equity
1385,SEC_0444,Equity
1386,SEC_0236,Derivative
1387,SEC_0434,ETF
1388,SEC_0334,Fixed Income
1389,SEC_0373,Equity
1390,SEC_0376,Equity
1391,SEC_0459,ETF
1392,SEC_0137,Fixed Income
1393,SEC_0418,Derivative
1394,SEC_0076,Derivative
1395,SEC_0483,ETF
1396,SEC_0035,Equity
1397,SEC_0001,Equity
1398,SEC_0296,ETF
1399,SEC_0320,Fixed Income
1400,SEC_0406,Equity
1401,SEC_0060,Equity
1402,SEC_0320,Equity
1403,SEC_0349,ETF
1404,SEC_0328,Equity
1405,SEC_0267,ETF
1406,SEC_0361,Equity
1407,SEC_0229,Equity
1408,SEC_0270,ETF
1409,SEC_0316,ETF
1410,SEC_0286,Equity
1411,SEC_0291,Equity
1412,SEC_0213,Fixed Income
1413,SEC_0165,Equity
1414,SEC_0005,ETF
1415,SEC_0339,Equity
1416,SEC_0379,Fixed Income
1417,SEC_0078,Equity
1418,SEC_0410,Equity
1419,SEC_0062,Fixed Income
1420,SEC_0132,Equity
1421,SEC_0089,FX
1422,SEC_0237,Derivative
1423,SEC_0042,Equity
1424,SEC_0089,FX
1425,SEC_0402,Derivative
1426,SEC_0296,Equity
1427,SEC_0328,ETF
1428,SEC_0295,Equity
1429,SEC_0104,Equity
1430,SEC_0014,Equity
1431,SEC_0288,ETF
1432,SEC_0179,Equity
1433,SEC_0125,Equity
1434,SEC_0422,Derivative
1435,SEC_0353,ETF
1436,SEC_0023,ETF
1437,SEC_0063,Fixed Income
1438,SEC_0143,Derivative
1439,SEC_0481,Equity
1440,SEC_0153,FX
1441,SEC_0145,Equity
1442,SEC_0225,Derivative
1443,SEC_0495,Equity
1444,SEC_0450,ETF
1445,SEC_0462,Equity
1446,SEC_0309,Fixed Income
1447,SEC_0104,Fixed Income
1448,SEC_0104,Equity
1449,SEC_0435,Equity
1450,SEC_0039,Equity
1451,SEC_0435,ETF
1452,SEC_0198,ETF
1453,SEC_0134,Equity
1454,SEC_0067,Equity
1455,SEC_0391,Fixed Income
1456,SEC_0179,Fixed Income
1457,SEC_0456,Equity
1458,SEC_0042,ETF
1459,SEC_0448,ETF
1460,SEC_0500,Equity
1461,SEC_0015,Derivative
1462,SEC_0111,Equity
1463,SEC_0157,Fixed Income
1464,SEC_0289,ETF
1465,SEC_0500,FX
1466,SEC_0478,Fixed Income
1467,SEC_0231,ETF
1468,SEC_0411,Derivative
1469,SEC_0420,Equity
1470,SEC_0157,Equity
1471,SEC_0038,Derivative
1472,SEC_0441,Equity
1473,SEC_0097,Equity
1474,SEC_0485,ETF
1475,SEC_0411,Equity
1476,SEC_0439,Derivative
1477,SEC_0289,Equity
1478,SEC_0254,Derivative
1479,SEC_0196,Derivative
1480,SEC_0086,ETF
1481,SEC_0322,Equity
1482,SEC_0010,Equity
1483,SEC_0005,Fixed Income
1484,SEC_0123,ETF
1485,SEC_0330,Equity
1486,SEC_0353,Equity
1487,SEC_0118,Equity
1488,SEC_0294,Fixed Income
1489,SEC_0397,Derivative
1490,SEC_0159,Derivative
1491,SEC_0303,Equity
1492,SEC_0228,Derivative
1493,SEC_0365,Derivative
1494,SEC_0216,Equity
1495,SEC_0436,Fixed Income
1496,SEC_0184,Derivative
1497,SEC_0015,Equity
1498,SEC_0157,ETF
1499,SEC_0136,Equity
1500,SEC_0261,ETF
1501,SEC_0157,Derivative
1502,SEC_0047,Derivative
1503,SEC_0324,Equity
1504,SEC_0332,ETF
1505,SEC_0173,Equity
1506,SEC_0130,Derivative
1507,SEC_0411,ETF
1508,SEC_0095,Equity
1509,SEC_0115,ETF
1510,SEC_0243,FX
1511,SEC_0420,Derivative
1512,SEC_0292,ETF
1513,SEC_0282,Fixed Income
1514,SEC_0299,Equity
1515,SEC_0283,FX
1516,SEC_0069,Fixed Income
1517,SEC_0148,Equity
1518,SEC_0011,Equity
1519,SEC_0254,Equity
1520,SEC_0330,Equity
1521,SEC_0360,Derivative
1522,SEC_0038,Equity
1523,SEC_0134,Equity
1524,SEC_0200,Equity
1525,SEC_0023,ETF
1526,SEC_0303,Equity
1527,SEC_0346,Derivative
1528,SEC_0302,Equity
1529,SEC_0363,Equity
1530,SEC_0396,Equity
1531,SEC_0218,Equity
1532,SEC_0141,Equity
1533,SEC_0104,Fixed Income
1534,SEC_0446,Fixed Income
1535,SEC_0210,Derivative
1536,SEC_0473,Equity
1537,SEC_0481,Fixed Income
1538,SEC_0111,Equity
1539,SEC_0104,Derivative
1540,SEC_0316,Equity
1541,SEC_0171,FX
1542,SEC_0460,ETF
1543,SEC_0492,Fixed Income
1544,SEC_0356,Equity
1545,SEC_0496,ETF
1546,SEC_0324,Equity
1547,SEC_0133,Derivative
1548,SEC_0376,Equity
1549,SEC_0293,Equity
1550,SEC_0328,FX
1551,SEC_0127,Equity
1552,SEC_0106,ETF
1553,SEC_0497,Equity
1554,SEC_0092,Equity
1555,SEC_0287,Equity
1556,SEC_0378,Derivative
1557,SEC_0393,ETF
1558,SEC_0051,Fixed Income
1559,SEC_0029,Equity
1560,SEC_0462,Fixed Income
1561,SEC_0296,Derivative
1562,SEC_0297,Equity
1563,SEC_0214,Equity
1564,SEC_0267,Fixed Income
1565,SEC_0407,ETF
1566,SEC_0257,Fixed Income
1567,SEC_0302,Equity
1568,SEC_0101,Equity
1569,SEC_0405,Equity
1570,SEC_0346,ETF
1571,SEC_0110,Derivative
1572,SEC_0420,Derivative
1573,SEC_0182,Fixed Income
1574,SEC_0471,Derivative
1575,SEC_0313,Equity
1576,SEC_0001,FX
1577,SEC_0319,Derivative
1578,SEC_0438,Equity
1579,SEC_0055,Equity
1580,SEC_0371,Equity
1581,SEC_0424,Equity
1582,SEC_0399,Derivative
1583,SEC_0149,Equity
1584,SEC_0431,Derivative
1585,SEC_0457,Derivative
1586,SEC_0309,Derivative
1587,SEC_0137,ETF
1588,SEC_0202,Fixed Income
1589,SEC_0436,Equity
1590,SEC_0313,Equity
1591,SEC_0117,Fixed Income
1592,SEC_0154,Equity
1593,SEC_0425,ETF
1594,SEC_0291,Equity
1595,SEC_0063,ETF
1596,SEC_0244,Derivative
1597,SEC_0025,ETF
1598,SEC_0090,ETF
1599,SEC_0075,Equity
1600,SEC_0294,Derivative
1601,SEC_0386,Equity
1602,SEC_0391,ETF
1603,SEC_0210,Derivative
1604,SEC_0475,Equity
1605,SEC_0418,ETF
1606,SEC_0347,Equity
1607,SEC_0017,Equity
1608,SEC_0128,FX
1609,SEC_0427,ETF
1610,SEC_0443,ETF
1611,SEC_0364,Fixed Income
1612,SEC_0251,Equity
1613,SEC_0179,Equity
1614,SEC_0182,Equity
1615,SEC_0152,Equity
1616,SEC_0025,Derivative
1617,SEC_0455,Fixed Income
1618,SEC_0180,Derivative
1619,SEC_0198,Equity
1620,SEC_0344,Equity
1621,SEC_0161,Equity
1622,SEC_0177,Fixed Income
1623,SEC_0285,Fixed Income
1624,SEC_0063,Equity
1625,SEC_0491,Equity
1626,SEC_0150,Derivative
1627,SEC_0154,Fixed Income
1628,SEC_0156,Equity
1629,SEC_0370,Fixed Income
1630,SEC_0469,Fixed Income
1631,SEC_0049,Equity
1632,SEC_0455,Equity
1633,SEC_0337,Equity
1634,SEC_0084,Equity
1635,SEC_0361,Equity
1636,SEC_0177,Equity
1637,SEC_0148,Equity
1638,SEC_0118,ETF
1639,SEC_0342,Equity
1640,SEC_0476,Equity
1641,SEC_0063,Equity
1642,SEC_0189,ETF
1643,SEC_0360,Fixed Income
1644,SEC_0049,FX
1645,SEC_0327,Derivative
1646,SEC_0257,Equity
1647,SEC_0224,ETF
1648,SEC_0141,Equity
1649,SEC_0478,Fixed Income
1650,SEC_0215,Equity
1651,SEC_0435,Derivative
1652,SEC_0379,Equity
1653,SEC_0440,Fixed Income
1654,SEC_0211,Equity
1655,SEC_0318,Fixed Income
1656,SEC_0032,Equity
1657,SEC_0158,ETF
1658,SEC_0285,Equity
1659,SEC_0305,FX
1660,SEC_0429,Derivative
1661,SEC_0477,ETF
1662,SEC_0286,ETF
1663,SEC_0144,ETF
1664,SEC_0424,Equity
1665,SEC_0019,Equity
1666,SEC_0018,Equity
1667,SEC_0257,Fixed Income
1668,SEC_0078,Equity
1669,SEC_0371,Derivative
1670,SEC_0175,Equity
1671,SEC_0498,Equity
1672,SEC_0194,Derivative
1673,SEC_0476,ETF
1674,SEC_0113,Derivative
1675,SEC_0114,Equity
1676,SEC_0222,ETF
1677,SEC_0166,Fixed Income
1678,SEC_0435,Derivative
1679,SEC_0319,Equity
1680,SEC_0132,Fixed Income
1681,SEC_0385,Equity
1682,SEC_0264,ETF
1683,SEC_0413,Fixed Income
1684,SEC_0055,Derivative
1685,SEC_0359,FX
1686,SEC_0131,Equity
1687,SEC_0288,Fixed Income
1688,SEC_0266,Fixed Income
1689,SEC_0458,Derivative
1690,SEC_0467,Equity
1691,SEC_0366,ETF
1692,SEC_0162,FX
1693,SEC_0380,Equity
1694,SEC_0481,Derivative
1695,SEC_0087,ETF
1696,SEC_0055,Derivative
1697,SEC_0476,Equity
1698,SEC_0288,Fixed Income
1699,SEC_0178,Equity
1700,SEC_0391,FX
1701,SEC_0349,Fixed Income
1702,SEC_0008,Equity
1703,SEC_0321,Equity
1704,SEC_0313,Equity
1705,SEC_0247,Equity
1706,SEC_0323,Equity
1707,SEC_0472,Derivative
1708,SEC_0471,Derivative
1709,SEC_0443,Derivative
1710,SEC_0255,Equity
1711,SEC_0328,Equity
1712,SEC_0054,Equity
1713,SEC_0249,Derivative
1714,SEC_0239,FX
1715,SEC_0229,Fixed Income
1716,SEC_0067,Equity
1717,SEC_0051,Equity
1718,SEC_0097,Derivative
1719,SEC_0092,Equity
1720,SEC_0495,Equity
1721,SEC_0264,Equity
1722,SEC_0418,Fixed Income
1723,SEC_0291,ETF
1724,SEC_0096,Equity
1725,SEC_0088,Fixed Income
1726,SEC_0078,FX
1727,SEC_0288,Derivative
1728,SEC_0120,Derivative
1729,SEC_0302,Derivative
1730,SEC_0491,Fixed Income
1731,SEC_0400,Equity
1732,SEC_0452,FX
1733,SEC_0500,ETF
1734,SEC_0165,Fixed Income
1735,SEC_0182,FX
1736,SEC_0469,Equity
1737,SEC_0398,Fixed Income
1738,SEC_0223,FX
1739,SEC_0311,Derivative
1740,SEC_0432,Fixed Income
1741,SEC_0466,Equity
1742,SEC_0007,Fixed Income
1743,SEC_0330,Equity
1744,SEC_0263,Equity
1745,SEC_0161,Derivative
1746,SEC_0151,Equity
1747,SEC_0085,FX
1748,SEC_0147,ETF
1749,SEC_0112,Equity
1750,SEC_0381,Equity
1751,SEC_0403,Derivative
1752,SEC_0036,Equity
1753,SEC_0285,Derivative
1754,SEC_0188,Equity
1755,SEC_0082,ETF
1756,SEC_0002,Equity
1757,SEC_0385,ETF
1758,SEC_0303,ETF
1759,SEC_0197,Fixed Income
1760,SEC_0404,Derivative
1761,SEC_0011,Equity
1762,SEC_0234,Equity
1763,SEC_0386,Equity
1764,SEC_0195,Fixed Income
1765,SEC_0471,ETF
1766,SEC_0119,Fixed Income
1767,SEC_0396,Derivative
1768,SEC_0020,Derivative
1769,SEC_0261,ETF
1770,SEC_0293,Derivative
1771,SEC_0422,ETF
1772,SEC_0256,Equity
1773,SEC_0222,Equity
1774,SEC_0393,ETF
1775,SEC_0226,Derivative
1776,SEC_0053,Equity
1777,SEC_0428,ETF
1778,SEC_0355,ETF
1779,SEC_0500,Equity
1780,SEC_0342,Derivative
1781,SEC_0364,Derivative
1782,SEC_0280,Equity
1783,SEC_0081,Derivative
1784,SEC_0202,ETF
1785,SEC_0158,Derivative
1786,SEC_0120,Derivative
1787,SEC_0059,Equity
1788,SEC_0494,Derivative
1789,SEC_0215,Equity
1790,SEC_0128,Equity
1791,SEC_0224,Fixed Income
1792,SEC_0209,Derivative
1793,SEC_0370,Fixed Income
1794,SEC_0115,ETF
1795,SEC_0209,Derivative
1796,SEC_0014,Equity
1797,SEC_0009,ETF
1798,SEC_0040,Equity
1799,SEC_0450,Derivative
1800,SEC_0237,Equity
1801,SEC_0281,ETF
1802,SEC_0359,Equity
1803,SEC_0201,Fixed Income
1804,SEC_0246,Fixed Income
1805,SEC_0278,Equity
1806,SEC_0235,Fixed Income
1807,SEC_0494,Equity
1808,SEC_0004,Derivative
1809,SEC_0154,ETF
1810,SEC_0442,Derivative
1811,SEC_0029,Equity
1812,SEC_0109,Equity
1813,SEC_0098,Equity
1814,SEC_0215,Fixed Income
1815,SEC_0293,Derivative
1816,SEC_0075,Derivative
1817,SEC_0326,Fixed Income
1818,SEC_0146,ETF
1819,SEC_0128,Fixed Income
1820,SEC_0341,FX
1821,SEC_0042,Equity
1822,SEC_0356,Equity
1823,SEC_0041,Derivative
1824,SEC_0422,FX
1825,SEC_0034,Equity
1826,SEC_0017,Equity
1827,SEC_0165,Equity
1828,SEC_0153,Equity
1829,SEC_0486,Fixed Income
1830,SEC_0378,Equity
1831,SEC_0076,Equity
1832,SEC_0087,Fixed Income
1833,SEC_0117,Fixed Income
1834,SEC_0362,Fixed Income
1835,SEC_0342,Fixed Income
1836,SEC_0469,Fixed Income
1837,SEC_0027,Derivative
1838,SEC_0313,Fixed Income
1839,SEC_0287,Fixed Income
1840,SEC_0134,ETF
1841,SEC_0219,Equity
1842,SEC_0168,Derivative
1843,SEC_0098,Fixed Income
1844,SEC_0268,Derivative
1845,SEC_0237,Equity
1846,SEC_0309,Equity
1847,SEC_0455,Equity
1848,SEC_0394,ETF
1849,SEC_0173,Derivative
1850,SEC_0401,Equity
1851,SEC_0410,Derivative
1852,SEC_0469,Equity
1853,SEC_0476,Equity
1854,SEC_0190,Fixed Income
1855,SEC_0122,Fixed Income
1856,SEC_0046,Derivative
1857,SEC_0064,FX
1858,SEC_0130,ETF
1859,SEC_0310,ETF
1860,SEC_0363,Equity
1861,SEC_0193,Derivative
1862,SEC_0307,ETF
1863,SEC_0181,ETF
1864,SEC_0292,Equity
1865,SEC_0371,ETF
1866,SEC_0282,Equity
1867,SEC_0029,Fixed Income
1868,SEC_0149,Equity
1869,SEC_0267,ETF
1870,SEC_0296,Equity
1871,SEC_0011,Fixed Income
1872,SEC_0164,Derivative
1873,SEC_0113,Equity
1874,SEC_0187,Fixed Income
1875,SEC_0295,Fixed Income
1876,SEC_0232,Fixed Income
1877,SEC_0227,Equity
1878,SEC_0310,Equity
1879,SEC_0098,Equity
1880,SEC_0055,ETF
1881,SEC_0111,Equity
1882,SEC_0152,Equity
1883,SEC_0246,Equity
1884,SEC_0406,Derivative
1885,SEC_0069,Equity
1886,SEC_0312,Equity
1887,SEC_0289,Equity
1888,SEC_0250,Derivative
1889,SEC_0036,ETF
1890,SEC_0239,Equity
1891,SEC_0148,Derivative
1892,SEC_0467,Equity
1893,SEC_0227,Equity
1894,SEC_0244,Equity
1895,SEC_0491,ETF
1896,SEC_0337,Derivative
1897,SEC_0446,Equity
1898,SEC_0365,Equity
1899,SEC_0491,FX
1900,SEC_0482,Equity
1901,SEC_0201,Equity
1902,SEC_0154,Derivative
1903,SEC_0450,Equity
1904,SEC_0073,Derivative
1905,SEC_0201,Equity
1906,SEC_0296,Equity
1907,SEC_0017,ETF
1908,SEC_0129,ETF
1909,SEC_0217,FX
1910,SEC_0061,Fixed Income
1911,SEC_0427,Fixed Income
1912,SEC_0104,Equity
1913,SEC_0042,Derivative
1914,SEC_0025,Derivative
1915,SEC_0039,Derivative
1916,SEC_0291,Fixed Income
1917,SEC_0131,Derivative
1918,SEC_0498,Equity
1919,SEC_0229,Equity
1920,SEC_0108,FX
1921,SEC_0172,Equity
1922,SEC_0435,Fixed Income
1923,SEC_0478,Derivative
1924,SEC_0102,Equity
1925,SEC_0354,Equity
1926,SEC_0012,ETF
1927,SEC_0275,Equity
1928,SEC_0101,ETF
1929,SEC_0044,Equity
1930,SEC_0443,Derivative
1931,SEC_0305,ETF
1932,SEC_0445,ETF
1933,SEC_0017,ETF
1934,SEC_0330,ETF
1935,SEC_0057,Fixed Income
1936,SEC_0311,Fixed Income
1937,SEC_0497,FX
1938,SEC_0303,ETF
1939,SEC_0012,Derivative
1940,SEC_0318,Derivative
1941,SEC_0080,Derivative
1942,SEC_0216,FX
1943,SEC_0339,ETF
1944,SEC_0264,Equity
1945,SEC_0479,Equity
1946,SEC_0149,ETF
1947,SEC_0081,Fixed Income
1948,SEC_0215,Fixed Income
1949,SEC_0485,ETF
1950,SEC_0374,Derivative
1951,SEC_0464,Equity
1952,SEC_0198,Equity
1953,SEC_0200,Derivative
1954,SEC_0025,Derivative
1955,SEC_0466,Equity
1956,SEC_0089,Derivative
1957,SEC_0268,Fixed Income
1958,SEC_0143,Fixed Income
1959,SEC_0059,ETF
1960,SEC_0410,Fixed Income
1961,SEC_0489,Equity
1962,SEC_0365,Equity
1963,SEC_0026,Equity
1964,SEC_0047,ETF
1965,SEC_0288,Equity
1966,SEC_0266,Equity
1967,SEC_0016,Derivative
1968,SEC_0199,Equity
1969,SEC_0401,Derivative
1970,SEC_0407,Equity
1971,SEC_0282,Equity
1972,SEC_0469,ETF
1973,SEC_0086,Equity
1974,SEC_0250,Derivative
1975,SEC_0391,Derivative
1976,SEC_0270,Equity
1977,SEC_0335,Equity
1978,SEC_0117,Derivative
1979,SEC_0007,FX
1980,SEC_0137,Equity
1981,SEC_0371,Derivative
1982,SEC_0176,ETF
1983,SEC_0328,Equity
1984,SEC_0498,Equity
1985,SEC_0315,Equity
1986,SEC_0215,Derivative
1987,SEC_0477,ETF
1988,SEC_0082,ETF
1989,SEC_0223,Equity
1990,SEC_0478,ETF
1991,SEC_0372,Derivative
1992,SEC_0423,Derivative
1993,SEC_0483,Derivative
1994,SEC_0402,Derivative
1995,SEC_0443,ETF
1996,SEC_0490,Derivative
1997,SEC_0103,Equity
1998,SEC_0273,Derivative
1999,SEC_0014,Derivative
2000,SEC_0159,Equity
2001,SEC_0152,Equity
2002,SEC_0483,Derivative
2003,SEC_0108,Equity
2004,SEC_0188,Equity
2005,SEC_0301,Equity
2006,SEC_0098,Equity
2007,SEC_0131,ETF
2008,SEC_0293,Derivative
2009,SEC_0171,Equity
2010,SEC_0424,Equity
2011,SEC_0474,Equity
2012,SEC_0183,Equity
2013,SEC_0471,Equity
2014,SEC_0364,ETF
2015,SEC_0039,ETF
2016,SEC_0015,ETF
2017,SEC_0376,Derivative
2018,SEC_0497,Derivative
2019,SEC_0004,FX
2020,SEC_0349,ETF
2021,SEC_0470,Derivative
2022,SEC_0409,FX
2023,SEC_0397,Derivative
2024,SEC_0210,Equity
2025,SEC_0161,ETF
2026,SEC_0016,Equity
2027,SEC_0493,FX
2028,SEC_0426,Equity
2029,SEC_0108,ETF
2030,SEC_0382,ETF
2031,SEC_0450,Equity
2032,SEC_0311,ETF
2033,SEC_0227,Equity
2034,SEC_0170,Equity
2035,SEC_0034,Equity
2036,SEC_0414,Equity
2037,SEC_0251,FX
2038,SEC_0247,Derivative
2039,SEC_0269,Equity
2040,SEC_0141,Equity
2041,SEC_0274,Equity
2042,SEC_0416,Equity
2043,SEC_0096,Equity
2044,SEC_0227,Equity
2045,SEC_0379,Fixed Income
2046,SEC_0039,ETF
2047,SEC_0302,Equity
2048,SEC_0500,ETF
2049,SEC_0029,Fixed Income
2050,SEC_0446,Derivative
2051,SEC_0497,Derivative
2052,SEC_0477,Equity
2053,SEC_0318,ETF
2054,SEC_0245,Equity
2055,SEC_0236,Fixed Income
2056,SEC_0185,Equity
2057,SEC_0272,Equity
2058,SEC_0440,Equity
2059,SEC_0236,ETF
2060,SEC_0239,Equity
2061,SEC_0377,Derivative
2062,SEC_0266,ETF
2063,SEC_0414,Fixed Income
2064,SEC_0409,Equity
2065,SEC_0359,ETF
2066,SEC_0340,Derivative
2067,SEC_0389,ETF
2068,SEC_0065,Equity
2069,SEC_0478,Derivative
2070,SEC_0177,Equity
2071,SEC_0003,ETF
2072,SEC_0429,ETF
2073,SEC_0142,Equity
2074,SEC_0376,Equity
2075,SEC_0158,Equity
2076,SEC_0498,FX
2077,SEC_0324,Equity
2078,SEC_0146,FX
2079,SEC_0446,Equity
2080,SEC_0293,ETF
2081,SEC_0153,Fixed Income
2082,SEC_0432,Fixed Income
2083,SEC_0193,Equity
2084,SEC_0437,Equity
2085,SEC_0494,Fixed Income
2086,SEC_0463,Derivative
2087,SEC_0073,ETF
2088,SEC_0399,Equity
2089,SEC_0305,Derivative
2090,SEC_0377,Equity
2091,SEC_0344,Derivative
2092,SEC_0452,Equity
2093,SEC_0140,Equity
2094,SEC_0187,FX
2095,SEC_0293,ETF
2096,SEC_0061,Equity
2097,SEC_0485,Equity
2098,SEC_0427,ETF
2099,SEC_0380,Derivative
2100,SEC_0198,Derivative
2101,SEC_0295,Equity
2102,SEC_0440,ETF
2103,SEC_0319,Equity
2104,SEC_0302,ETF
2105,SEC_0344,Equity
2106,SEC_0011,ETF
2107,SEC_0062,Derivative
2108,SEC_0333,Fixed Income
2109,SEC_0226,Equity
2110,SEC_0153,Derivative
2111,SEC_0199,Fixed Income
2112,SEC_0052,Derivative
2113,SEC_0260,Derivative
2114,SEC_0059,Equity
2115,SEC_0072,Equity
2116,SEC_0148,ETF
2117,SEC_0349,ETF
2118,SEC_0063,Equity
2119,SEC_0310,FX
2120,SEC_0373,Equity
2121,SEC_0243,ETF
2122,SEC_0493,Equity
2123,SEC_0366,ETF
2124,SEC_0330,FX
2125,SEC_0107,Equity
2126,SEC_0226,ETF
2127,SEC_0313,Derivative
2128,SEC_0218,Derivative
2129,SEC_0425,Equity
2130,SEC_0241,Equity
2131,SEC_0259,ETF
2132,SEC_0376,FX
2133,SEC_0262,Equity
2134,SEC_0005,Equity
2135,SEC_0261,Fixed Income
2136,SEC_0054,Equity
2137,SEC_0047,Equity
2138,SEC_0215,Equity
2139,SEC_0177,FX
2140,SEC_0009,Equity
2141,SEC_0099,Equity
2142,SEC_0020,Equity
2143,SEC_0378,Derivative
2144,SEC_0241,Derivative
2145,SEC_0061,Derivative
2146,SEC_0379,Derivative
2147,SEC_0490,Derivative
2148,SEC_0419,Fixed Income
2149,SEC_0178,Fixed Income
2150,SEC_0338,Equity
2151,SEC_0062,Equity
2152,SEC_0145,Equity
2153,SEC_0216,Derivative
2154,SEC_0003,ETF
2155,SEC_0160,Equity
2156,SEC_0227,Derivative
2157,SEC_0486,Fixed Income
2158,SEC_0269,FX
2159,SEC_0120,Equity
2160,SEC_0381,Equity
2161,SEC_0495,Equity
2162,SEC_0089,ETF
2163,SEC_0329,Equity
2164,SEC_0068,Fixed Income
2165,SEC_0398,ETF
2166,SEC_0357,Derivative
2167,SEC_0098,Fixed Income
2168,SEC_0267,Equity
2169,SEC_0105,FX
2170,SEC_0440,Fixed Income
2171,SEC_0323,Derivative
2172,SEC_0123,FX
2173,SEC_0476,Fixed Income
2174,SEC_0029,ETF
2175,SEC_0137,Derivative
2176,SEC_0195,FX
2177,SEC_0409,Fixed Income
2178,SEC_0226,Derivative
2179,SEC_0332,Derivative
2180,SEC_0170,Equity
2181,SEC_0009,Derivative
2182,SEC_0463,Equity
2183,SEC_0040,Equity
2184,SEC_0025,ETF
2185,SEC_0261,Equity
2186,SEC_0395,Equity
2187,SEC_0443,Equity
2188,SEC_0226,Equity
2189,SEC_0472,Equity
2190,SEC_0124,Equity
2191,SEC_0463,Derivative
2192,SEC_0038,ETF
2193,SEC_0328,Equity
2194,SEC_0251,Derivative
2195,SEC_0389,Equity
2196,SEC_0176,Equity
2197,SEC_0090,ETF
2198,SEC_0402,Equity
2199,SEC_0454,Equity
2200,SEC_0037,Equity
2201,SEC_0316,ETF
2202,SEC_0176,Equity
2203,SEC_0461,Equity
2204,SEC_0284,FX
2205,SEC_0453,Equity
2206,SEC_0461,Equity
2207,SEC_0081,Equity
2208,SEC_0114,Fixed Income
2209,SEC_0040,Fixed Income
2210,SEC_0301,Derivative
2211,SEC_0224,Equity
2212,SEC_0318,Fixed Income
2213,SEC_0349,FX
2214,SEC_0115,Equity
2215,SEC_0186,Fixed Income
2216,SEC_0323,Derivative
2217,SEC_0056,ETF
2218,SEC_0040,Fixed Income
2219,SEC_0354,ETF
2220,SEC_0040,Derivative
2221,SEC_0347,ETF
2222,SEC_0461,Derivative
2223,SEC_0237,Equity
2224,SEC_0289,Equity
2225,SEC_0262,Derivative
2226,SEC_0216,Fixed Income
2227,SEC_0147,Equity
2228,SEC_0336,Derivative
2229,SEC_0168,ETF
2230,SEC_0092,Equity
2231,SEC_0353,Fixed Income
2232,SEC_0059,Fixed Income
2233,SEC_0059,Equity
2234,SEC_0304,Equity
2235,SEC_0169,ETF
2236,SEC_0269,ETF
2237,SEC_0363,ETF
2238,SEC_0045,Equity
2239,SEC_0345,Equity
2240,SEC_0181,ETF
2241,SEC_0170,ETF
2242,SEC_0356,Derivative
2243,SEC_0191,Equity
2244,SEC_0155,FX
2245,SEC_0422,Derivative
2246,SEC_0188,Fixed Income
2247,SEC_0007,FX
2248,SEC_0133,Derivative
2249,SEC_0235,Derivative
2250,SEC_0045,Equity
2251,SEC_0314,Equity
2252,SEC_0249,Derivative
2253,SEC_0499,Equity
2254,SEC_0031,ETF
2255,SEC_0023,Derivative
2256,SEC_0426,ETF
2257,SEC_0394,Equity
2258,SEC_0160,Equity
2259,SEC_0363,Equity
2260,SEC_0437,Fixed Income
2261,SEC_0158,Equity
2262,SEC_0039,Equity
2263,SEC_0415,Equity
2264,SEC_0082,Fixed Income
2265,SEC_0356,Fixed Income
2266,SEC_0258,Equity
2267,SEC_0206,Equity
2268,SEC_0077,ETF
2269,SEC_0477,Equity
2270,SEC_0012,Equity
2271,SEC_0295,Equity
2272,SEC_0450,Equity
2273,SEC_0224,Equity
2274,SEC_0013,FX
2275,SEC_0046,ETF
2276,SEC_0155,Equity
2277,SEC_0113,Derivative
2278,SEC_0233,ETF
2279,SEC_0017,Equity
2280,SEC_0360,Equity
2281,SEC_0223,Fixed Income
2282,SEC_0354,ETF
2283,SEC_0188,Equity
2284,SEC_0448,Fixed Income
2285,SEC_0344,Derivative
2286,SEC_0365,FX
2287,SEC_0163,Fixed Income
2288,SEC_0496,Fixed Income
2289,SEC_0326,FX
2290,SEC_0467,Derivative
2291,SEC_0414,Equity
2292,SEC_0455,Fixed Income
2293,SEC_0074,Equity
2294,SEC_0233,ETF
2295,SEC_0224,Equity
2296,SEC_0482,Equity
2297,SEC_0319,Equity
2298,SEC_0412,ETF
2299,SEC_0060,Derivative
2300,SEC_0335,Fixed Income
2301,SEC_0222,ETF
2302,SEC_0037,ETF
2303,SEC_0477,Equity
2304,SEC_0278,Fixed Income
2305,SEC_0196,ETF
2306,SEC_0404,Equity
2307,SEC_0352,Equity
2308,SEC_0484,Derivative
2309,SEC_0242,Derivative
2310,SEC_0324,Equity
2311,SEC_0219,Equity
2312,SEC_0192,Derivative
2313,SEC_0017,Equity
2314,SEC_0012,ETF
2315,SEC_0406,Equity
2316,SEC_0401,Fixed Income
2317,SEC_0394,Fixed Income
2318,SEC_0374,Equity
2319,SEC_0193,Equity
2320,SEC_0022,Equity
2321,SEC_0474,FX
2322,SEC_0120,Equity
2323,SEC_0210,Equity
2324,SEC_0306,Equity
2325,SEC_0270,Equity
2326,SEC_0192,Fixed Income
2327,SEC_0175,Equity
2328,SEC_0285,Equity
2329,SEC_0204,Fixed Income
2330,SEC_0164,Fixed Income
2331,SEC_0251,Equity
2332,SEC_0227,Equity
2333,SEC_0436,Derivative
2334,SEC_0381,ETF
2335,SEC_0460,Equity
2336,SEC_0007,Equity
2337,SEC_0029,Derivative
2338,SEC_0395,ETF
2339,SEC_0033,Equity
2340,SEC_0134,Derivative
2341,SEC_0367,Fixed Income
2342,SEC_0079,Equity
2343,SEC_0416,Derivative
2344,SEC_0435,Fixed Income
2345,SEC_0459,Equity
2346,SEC_0058,Equity
2347,SEC_0471,ETF
2348,SEC_0026,ETF
2349,SEC_0482,Equity
2350,SEC_0430,Derivative
2351,SEC_0226,Equity
2352,SEC_0285,FX
2353,SEC_0004,ETF
2354,SEC_0465,Equity
2355,SEC_0099,Equity
2356,SEC_0397,Derivative
2357,SEC_0489,Derivative
2358,SEC_0039,Equity
2359,SEC_0271,Derivative
2360,SEC_0375,ETF
2361,SEC_0285,Fixed Income
2362,SEC_0157,Equity
2363,SEC_0075,Fixed Income
2364,SEC_0372,Derivative
2365,SEC_0288,Equity
2366,SEC_0130,Equity
2367,SEC_0175,Equity
2368,SEC_0462,Equity
2369,SEC_0084,Derivative
2370,SEC_0022,Equity
2371,SEC_0459,Derivative
2372,SEC_0027,Equity
2373,SEC_0195,ETF
2374,SEC_0337,Fixed Income
2375,SEC_0382,Equity
2376,SEC_0236,Derivative
2377,SEC_0440,Equity
2378,SEC_0092,FX
2379,SEC_0477,ETF
2380,SEC_0021,Fixed Income
2381,SEC_0303,Derivative
2382,SEC_0464,Equity
2383,SEC_0357,Derivative
2384,SEC_0443,Equity
2385,SEC_0084,ETF
2386,SEC_0262,Equity
2387,SEC_0147,Equity
2388,SEC_0441,ETF
2389,SEC_0453,Equity
2390,SEC_0387,Equity
2391,SEC_0257,Fixed Income
2392,SEC_0058,ETF
2393,SEC_0380,Derivative
2394,SEC_0422,Equity
2395,SEC_0015,Derivative
2396,SEC_0162,Equity
2397,SEC_0445,ETF
2398,SEC_0163,FX
2399,SEC_0320,Fixed Income
2400,SEC_0497,Fixed Income
2401,SEC_0281,FX
2402,SEC_0280,Derivative
2403,SEC_0012,Equity
2404,SEC_0274,Equity
2405,SEC_0271,Equity
2406,SEC_0492,Fixed Income
2407,SEC_0208,Equity
2408,SEC_0027,Equity
2409,SEC_0072,ETF
2410,SEC_0060,Equity
2411,SEC_0430,ETF
2412,SEC_0473,ETF
2413,SEC_0145,Derivative
2414,SEC_0093,Equity
2415,SEC_0309,Equity
2416,SEC_0008,ETF
2417,SEC_0079,ETF
2418,SEC_0027,ETF
2419,SEC_0174,ETF
2420,SEC_0050,Equity
2421,SEC_0500,Fixed Income
2422,SEC_0199,Derivative
2423,SEC_0387,Equity
2424,SEC_0349,Equity
2425,SEC_0448,Equity
2426,SEC_0428,Equity
2427,SEC_0181,Equity
2428,SEC_0024,Equity
2429,SEC_0316,Fixed Income
2430,SEC_0378,FX
2431,SEC_0387,Equity
2432,SEC_0404,Derivative
2433,SEC_0046,ETF
2434,SEC_0015,Equity
2435,SEC_0153,Equity
2436,SEC_0222,Equity
2437,SEC_0206,Derivative
2438,SEC_0455,Fixed Income
2439,SEC_0273,Fixed Income
2440,SEC_0382,Equity
2441,SEC_0236,Equity
2442,SEC_0340,ETF
2443,SEC_0228,Equity
2444,SEC_0009,Fixed Income
2445,SEC_0166,Equity
2446,SEC_0432,Equity
2447,SEC_0444,Equity
2448,SEC_0319,FX
2449,SEC_0214,Equity
2450,SEC_0117,Equity
2451,SEC_0386,Derivative
2452,SEC_0344,Equity
2453,SEC_0072,Derivative
2454,SEC_0395,ETF
2455,SEC_0064,Fixed Income
2456,SEC_0205,Equity
2457,SEC_0209,Derivative
2458,SEC_0072,Fixed Income
2459,SEC_0277,ETF
2460,SEC_0274,Derivative
2461,SEC_0478,Equity
2462,SEC_0320,FX
2463,SEC_0338,Equity
2464,SEC_0366,Equity
2465,SEC_0495,Fixed Income
2466,SEC_0095,Fixed Income
2467,SEC_0166,Fixed Income
2468,SEC_0032,Derivative
2469,SEC_0011,Equity
2470,SEC_0301,Equity
2471,SEC_0217,Equity
2472,SEC_0289,Derivative
2473,SEC_0102,Equity
2474,SEC_0425,Equity
2475,SEC_0392,Equity
2476,SEC_0267,FX
2477,SEC_0214,Equity
2478,SEC_0179,Equity
2479,SEC_0088,Equity
2480,SEC_0041,Derivative
2481,SEC_0401,Derivative
2482,SEC_0076,Equity
2483,SEC_0377,Derivative
2484,SEC_0046,Equity
2485,SEC_0160,Derivative
2486,SEC_0463,Derivative
2487,SEC_0080,Fixed Income
2488,SEC_0310,Equity
2489,SEC_0086,Derivative
2490,SEC_0092,Equity
2491,SEC_0148,ETF
2492,SEC_0161,Derivative
2493,SEC_0202,Derivative
2494,SEC_0424,Derivative
2495,SEC_0416,Equity
2496,SEC_0242,ETF
2497,SEC_0353,ETF
2498,SEC_0002,Fixed Income
2499,SEC_0225,Derivative
2500,SEC_0289,Derivative
2501,SEC_0233,Derivative
2502,SEC_0461,Equity
2503,SEC_0414,Equity
2504,SEC_0417,Derivative
2505,SEC_0077,Derivative
2506,SEC_0116,Fixed Income
2507,SEC_0154,Equity
2508,SEC_0406,ETF
2509,SEC_0103,Equity
2510,SEC_0194,Derivative
2511,SEC_0166,Equity
2512,SEC_0359,Equity
2513,SEC_0090,FX
2514,SEC_0174,Derivative
2515,SEC_0122,ETF
2516,SEC_0498,Equity
2517,SEC_0143,ETF
2518,SEC_0482,Fixed Income
2519,SEC_0106,Equity
2520,SEC_0375,Derivative
2521,SEC_0428,Equity
2522,SEC_0305,ETF
2523,SEC_0360,Equity
2524,SEC_0459,Derivative
2525,SEC_0317,Equity
2526,SEC_0451,Equity
2527,SEC_0123,Equity
2528,SEC_0390,Fixed Income
2529,SEC_0009,Equity
2530,SEC_0262,Equity
2531,SEC_0073,Equity
2532,SEC_0359,Fixed Income
2533,SEC_0223,Derivative
2534,SEC_0416,ETF
2535,SEC_0041,Fixed Income
2536,SEC_0370,Equity
2537,SEC_0204,ETF
2538,SEC_0264,ETF
2539,SEC_0328,Equity
2540,SEC_0178,Fixed Income
2541,SEC_0348,Derivative
2542,SEC_0318,Derivative
2543,SEC_0084,Derivative
2544,SEC_0318,Fixed Income
2545,SEC_0111,Equity
2546,SEC_0251,Derivative
2547,SEC_0383,Equity
2548,SEC_0007,Equity
2549,SEC_0459,Fixed Income
2550,SEC_0084,Derivative
2551,SEC_0208,Equity
2552,SEC_0388,Fixed Income
2553,SEC_0390,Equity
2554,SEC_0314,Derivative
2555,SEC_0022,Derivative
2556,SEC_0410,Derivative
2557,SEC_0383,Equity
2558,SEC_0003,Fixed Income
2559,SEC_0127,Equity
2560,SEC_0297,Derivative
2561,SEC_0188,Equity
2562,SEC_0362,Derivative
2563,SEC_0014,Equity
2564,SEC_0459,Fixed Income
2565,SEC_0466,Equity
2566,SEC_0012,Fixed Income
2567,SEC_0087,FX
2568,SEC_0012,Fixed Income
2569,SEC_0397,Equity
2570,SEC_0025,Equity
2571,SEC_0301,Derivative
2572,SEC_0243,ETF
2573,SEC_0122,Derivative
2574,SEC_0147,ETF
2575,SEC_0055,ETF
2576,SEC_0238,Equity
2577,SEC_0356,Derivative
2578,SEC_0173,Equity
2579,SEC_0392,ETF
2580,SEC_0221,Fixed Income
2581,SEC_0119,Derivative
2582,SEC_0309,Equity
2583,SEC_0183,Fixed Income
2584,SEC_0288,Derivative
2585,SEC_0307,Equity
2586,SEC_0300,Equity
2587,SEC_0082,Derivative
2588,SEC_0454,Equity
2589,SEC_0402,Equity
2590,SEC_0211,Fixed Income
2591,SEC_0150,Equity
2592,SEC_0037,Equity
2593,SEC_0352,ETF
2594,SEC_0312,Equity
2595,SEC_0361,Equity
2596,SEC_0059,Equity
2597,SEC_0131,Equity
2598,SEC_0412,Equity
2599,SEC_0202,Equity
2600,SEC_0243,Equity
2601,SEC_0035,Derivative
2602,SEC_0445,FX
2603,SEC_0093,Fixed Income
2604,SEC_0438,Derivative
2605,SEC_0447,ETF
2606,SEC_0207,Fixed Income
2607,SEC_0353,Equity
2608,SEC_0391,Equity
2609,SEC_0332,FX
2610,SEC_0305,Equity
2611,SEC_0350,Equity
2612,SEC_0213,ETF
2613,SEC_0159,Derivative
2614,SEC_0442,Equity
2615,SEC_0445,Equity
2616,SEC_0024,Equity
2617,SEC_0404,Equity
2618,SEC_0293,Equity
2619,SEC_0004,FX
2620,SEC_0220,ETF
2621,SEC_0364,Derivative
2622,SEC_0382,Equity
2623,SEC_0020,Equity
2624,SEC_0444,Fixed Income
2625,SEC_0152,Equity
2626,SEC_0050,Derivative
2627,SEC_0177,Equity
2628,SEC_0435,Equity
2629,SEC_0096,Fixed Income
2630,SEC_0105,Equity
2631,SEC_0420,FX
2632,SEC_0250,ETF
2633,SEC_0117,Derivative
2634,SEC_0354,Derivative
2635,SEC_0228,Equity
2636,SEC_0066,Equity
2637,SEC_0335,Equity
2638,SEC_0418,Derivative
2639,SEC_0420,Fixed Income
2640,SEC_0262,Fixed Income
2641,SEC_0295,Equity
2642,SEC_0426,Derivative
2643,SEC_0243,Derivative
2644,SEC_0371,Equity
2645,SEC_0186,Derivative
2646,SEC_0246,ETF
2647,SEC_0125,Equity
2648,SEC_0268,Fixed Income
2649,SEC_0131,ETF
2650,SEC_0237,Fixed Income
2651,SEC_0018,Derivative
2652,SEC_0040,Equity
2653,SEC_0021,Equity
2654,SEC_0399,Equity
2655,SEC_0225,ETF
2656,SEC_0355,Equity
2657,SEC_0282,ETF
2658,SEC_0008,Equity
2659,SEC_0100,Equity
2660,SEC_0240,Equity
2661,SEC_0478,Fixed Income
2662,SEC_0087,Equity
2663,SEC_0298,ETF
2664,SEC_0428,ETF
2665,SEC_0014,Equity
2666,SEC_0334,Derivative
2667,SEC_0002,Fixed Income
2668,SEC_0375,ETF
2669,SEC_0293,Equity
2670,SEC_0325,Fixed Income
2671,SEC_0422,Equity
2672,SEC_0493,Derivative
2673,SEC_0041,Equity
2674,SEC_0318,FX
2675,SEC_0316,ETF
2676,SEC_0381,Fixed Income
2677,SEC_0111,Fixed Income
2678,SEC_0014,Fixed Income
2679,SEC_0231,Equity
2680,SEC_0473,Equity
2681,SEC_0084,Fixed Income
2682,SEC_0130,ETF
2683,SEC_0231,Equity
2684,SEC_0326,Equity
2685,SEC_0145,Equity
2686,SEC_0379,Fixed Income
2687,SEC_0345,Equity
2688,SEC_0028,ETF
2689,SEC_0066,Fixed Income
2690,SEC_0163,ETF
2691,SEC_0229,Equity
2692,SEC_0261,Equity
2693,SEC_0449,Equity
2694,SEC_0424,Fixed Income
2695,SEC_0460,Equity
2696,SEC_0440,Derivative
2697,SEC_0164,Derivative
2698,SEC_0301,Derivative
2699,SEC_0407,ETF
2700,SEC_0303,Fixed Income
2701,SEC_0287,Fixed Income
2702,SEC_0395,Fixed Income
2703,SEC_0010,Equity
2704,SEC_0195,Fixed Income
2705,SEC_0118,Fixed Income
2706,SEC_0270,Derivative
2707,SEC_0080,Equity
2708,SEC_0458,Equity
2709,SEC_0093,Fixed Income
2710,SEC_0266,Derivative
2711,SEC_0332,ETF
2712,SEC_0350,Equity
2713,SEC_0361,Derivative
2714,SEC_0257,Fixed Income
2715,SEC_0133,Equity
2716,SEC_0276,Derivative
2717,SEC_0264,Equity
2718,SEC_0171,Derivative
2719,SEC_0460,Derivative
2720,SEC_0001,Derivative
2721,SEC_0313,Equity
2722,SEC_0064,ETF
2723,SEC_0374,ETF
2724,SEC_0468,ETF
2725,SEC_0284,Equity
2726,SEC_0121,Fixed Income
2727,SEC_0107,Equity
2728,SEC_0421,Equity
2729,SEC_0175,Equity
2730,SEC_0485,Fixed Income
2731,SEC_0204,Equity
2732,SEC_0165,Fixed Income
2733,SEC_0305,Fixed Income
2734,SEC_0497,ETF
2735,SEC_0120,ETF
2736,SEC_0044,Derivative
2737,SEC_0312,Derivative
2738,SEC_0156,Equity
2739,SEC_0367,Equity
2740,SEC_0207,Fixed Income
2741,SEC_0390,Derivative
2742,SEC_0108,Derivative
2743,SEC_0251,Equity
2744,SEC_0445,ETF
2745,SEC_0404,Derivative
2746,SEC_0370,Equity
2747,SEC_0334,Equity
2748,SEC_0130,ETF
2749,SEC_0457,Equity
2750,SEC_0293,Equity
2751,SEC_0020,Equity
2752,SEC_0282,Fixed Income
2753,SEC_0285,Derivative
2754,SEC_0001,Equity
2755,SEC_0119,Derivative
2756,SEC_0035,ETF
2757,SEC_0198,Derivative
2758,SEC_0485,ETF
2759,SEC_0245,Equity
2760,SEC_0059,Fixed Income
2761,SEC_0325,Equity
2762,SEC_0161,Derivative
2763,SEC_0497,ETF
2764,SEC_0179,Equity
2765,SEC_0206,Fixed Income
2766,SEC_0012,Equity
2767,SEC_0490,Equity
2768,SEC_0276,Fixed Income
2769,SEC_0181,Derivative
2770,SEC_0242,Equity
2771,SEC_0216,Equity
2772,SEC_0251,Equity
2773,SEC_0299,Equity
2774,SEC_0126,FX
2775,SEC_0482,Equity
2776,SEC_0217,Equity
2777,SEC_0306,Derivative
2778,SEC_0285,Equity
2779,SEC_0185,ETF
2780,SEC_0039,Derivative
2781,SEC_0223,Equity
2782,SEC_0184,Equity
2783,SEC_0495,ETF
2784,SEC_0427,Equity
2785,SEC_0178,Equity
2786,SEC_0407,Derivative
2787,SEC_0428,Equity
2788,SEC_0294,Fixed Income
2789,SEC_0340,Derivative
2790,SEC_0151,Derivative
2791,SEC_0384,ETF
2792,SEC_0126,Fixed Income
2793,SEC_0301,Derivative
2794,SEC_0308,Equity
2795,SEC_0336,Equity
2796,SEC_0434,Equity
2797,SEC_0234,Equity
2798,SEC_0380,Derivative
2799,SEC_0375,Equity
2800,SEC_0008,Fixed Income
2801,SEC_0498,Equity
2802,SEC_0341,Equity
2803,SEC_0129,Derivative
2804,SEC_0264,Derivative
2805,SEC_0157,Derivative
2806,SEC_0352,Derivative
2807,SEC_0358,Equity
2808,SEC_0005,ETF
2809,SEC_0495,Equity
2810,SEC_0086,FX
2811,SEC_0175,ETF
2812,SEC_0290,Equity
2813,SEC_0193,Equity
2814,SEC_0311,Fixed Income
2815,SEC_0119,Derivative
2816,SEC_0218,Equity
2817,SEC_0427,Derivative
2818,SEC_0458,Equity
2819,SEC_0414,ETF
2820,SEC_0114,Equity
2821,SEC_0466,FX
2822,SEC_0145,Equity
2823,SEC_0026,Equity
2824,SEC_0136,Equity
2825,SEC_0303,Fixed Income
2826,SEC_0232,Derivative
2827,SEC_0369,Derivative
2828,SEC_0076,Equity
2829,SEC_0475,Equity
2830,SEC_0328,ETF
2831,SEC_0345,ETF
2832,SEC_0302,Fixed Income
2833,SEC_0452,Derivative
2834,SEC_0289,Equity
2835,SEC_0001,Equity
2836,SEC_0147,Equity
2837,SEC_0287,Derivative
2838,SEC_0464,Derivative
2839,SEC_0142,ETF
2840,SEC_0053,Equity
2841,SEC_0304,Fixed Income
2842,SEC_0069,Equity
2843,SEC_0361,Derivative
2844,SEC_0090,Equity
2845,SEC_0446,Fixed Income
2846,SEC_0220,Derivative
2847,SEC_0450,Derivative
2848,SEC_0498,Equity
2849,SEC_0192,Equity
2850,SEC_0454,Equity
2851,SEC_0063,Fixed Income
2852,SEC_0073,Equity
2853,SEC_0161,Equity
2854,SEC_0169,ETF
2855,SEC_0089,Equity
2856,SEC_0176,Fixed Income
2857,SEC_0269,Equity
2858,SEC_0073,Fixed Income
2859,SEC_0245,Equity
2860,SEC_0077,Fixed Income
2861,SEC_0159,Fixed Income
2862,SEC_0489,ETF
2863,SEC_0459,Equity
2864,SEC_0324,Fixed Income
2865,SEC_0098,Equity
2866,SEC_0381,Equity
2867,SEC_0102,Equity
2868,SEC_0494,Derivative
2869,SEC_0132,Equity
2870,SEC_0102,Fixed Income
2871,SEC_0019,Equity
2872,SEC_0454,Fixed Income
2873,SEC_0482,Equity
2874,SEC_0082,Equity
2875,SEC_0397,Equity
2876,SEC_0489,Equity
2877,SEC_0279,Equity
2878,SEC_0339,Derivative
2879,SEC_0365,Derivative
2880,SEC_0331,Derivative
2881,SEC_0129,FX
2882,SEC_0344,Derivative
2883,SEC_0310,Equity
2884,SEC_0455,Fixed Income
2885,SEC_0089,Equity
2886,SEC_0213,Derivative
2887,SEC_0143,Fixed Income
2888,SEC_0065,Derivative
2889,SEC_0076,Derivative
2890,SEC_0199,Fixed Income
2891,SEC_0143,Fixed Income
2892,SEC_0405,Equity
2893,SEC_0403,Fixed Income
2894,SEC_0316,Derivative
2895,SEC_0093,Equity
2896,SEC_0473,ETF
2897,SEC_0417,ETF
2898,SEC_0305,Equity
2899,SEC_0224,Derivative
2900,SEC_0497,Equity
2901,SEC_0291,Derivative
2902,SEC_0428,FX
2903,SEC_0102,Derivative
2904,SEC_0474,Equity
2905,SEC_0267,ETF
2906,SEC_0355,ETF
2907,SEC_0456,Derivative
2908,SEC_0110,Fixed Income
2909,SEC_0462,FX
2910,SEC_0330,Derivative
2911,SEC_0450,ETF
2912,SEC_0430,Equity
2913,SEC_0265,Equity
2914,SEC_0003,Derivative
2915,SEC_0085,Equity
2916,SEC_0282,Derivative
2917,SEC_0328,Equity
2918,SEC_0304,Derivative
2919,SEC_0450,Derivative
2920,SEC_0454,Fixed Income
2921,SEC_0412,Derivative
2922,SEC_0117,ETF
2923,SEC_0221,Derivative
2924,SEC_0154,Equity
2925,SEC_0153,Derivative
2926,SEC_0012,Equity
2927,SEC_0133,Equity
2928,SEC_0482,ETF
2929,SEC_0304,Fixed Income
2930,SEC_0293,Fixed Income
2931,SEC_0463,Derivative
2932,SEC_0300,Fixed Income
2933,SEC_0228,ETF
2934,SEC_0271,Equity
2935,SEC_0043,Derivative
2936,SEC_0432,Equity
2937,SEC_0343,Equity
2938,SEC_0326,Equity
2939,SEC_0302,Equity
2940,SEC_0498,Derivative
2941,SEC_0364,Derivative
2942,SEC_0379,Equity
2943,SEC_0427,Equity
2944,SEC_0493,Equity
2945,SEC_0021,Equity
2946,SEC_0407,Equity
2947,SEC_0107,Equity
2948,SEC_0336,Derivative
2949,SEC_0303,ETF
2950,SEC_0117,Equity
2951,SEC_0124,Equity
2952,SEC_0399,Derivative
2953,SEC_0281,ETF
2954,SEC_0292,Equity
2955,SEC_0203,ETF
2956,SEC_0051,Equity
2957,SEC_0271,FX
2958,SEC_0324,Equity
2959,SEC_0277,ETF
2960,SEC_0141,Equity
2961,SEC_0470,FX
2962,SEC_0275,Equity
2963,SEC_0290,Equity
2964,SEC_0334,Derivative
2965,SEC_0381,ETF
2966,SEC_0452,ETF
2967,SEC_0496,Derivative
2968,SEC_0373,Derivative
2969,SEC_0052,ETF
2970,SEC_0494,Equity
2971,SEC_0027,Equity
2972,SEC_0157,Equity
2973,SEC_0239,Fixed Income
2974,SEC_0156,ETF
2975,SEC_0291,Fixed Income
2976,SEC_0136,Fixed Income
2977,SEC_0144,Derivative
2978,SEC_0106,ETF
2979,SEC_0420,Derivative
2980,SEC_0158,ETF
2981,SEC_0146,Equity
2982,SEC_0002,Fixed Income
2983,SEC_0433,Equity
2984,SEC_0077,Equity
2985,SEC_0132,Equity
2986,SEC_0090,ETF
2987,SEC_0345,Fixed Income
2988,SEC_0350,Fixed Income
2989,SEC_0459,Equity
2990,SEC_0263,ETF
2991,SEC_0351,FX
2992,SEC_0108,Equity
2993,SEC_0074,Equity
2994,SEC_0039,ETF
2995,SEC_0397,ETF
2996,SEC_0159,Fixed Income
2997,SEC_0071,Fixed Income
2998,SEC_0447,ETF
2999,SEC_0312,Derivative
3000,SEC_0241,ETF
3001,SEC_0426,Fixed Income
3002,SEC_0445,ETF
3003,SEC_0298,Fixed Income
3004,SEC_0440,FX
3005,SEC_0036,Equity
3006,SEC_0084,FX
3007,SEC_0452,Derivative
3008,SEC_0374,Equity
3009,SEC_0263,Fixed Income
3010,SEC_0310,Equity
3011,SEC_0385,ETF
3012,SEC_0172,Fixed Income
3013,SEC_0376,Equity
3014,SEC_0173,Equity
3015,SEC_0362,Derivative
3016,SEC_0047,Fixed Income
3017,SEC_0379,Equity
3018,SEC_0141,Equity
3019,SEC_0375,ETF
3020,SEC_0406,ETF
3021,SEC_0118,Equity
3022,SEC_0277,Equity
3023,SEC_0214,Equity
3024,SEC_0220,ETF
3025,SEC_0393,Equity
3026,SEC_0026,Equity
3027,SEC_0009,Equity
3028,SEC_0271,ETF
3029,SEC_0010,Derivative
3030,SEC_0472,FX
3031,SEC_0378,Derivative
3032,SEC_0121,Derivative
3033,SEC_0125,Derivative
3034,SEC_0170,Equity
3035,SEC_0072,Fixed Income
3036,SEC_0152,Derivative
3037,SEC_0208,Fixed Income
3038,SEC_0049,Equity
3039,SEC_0154,Equity
3040,SEC_0347,ETF
3041,SEC_0293,Derivative
3042,SEC_0068,Derivative
3043,SEC_0050,Derivative
3044,SEC_0152,Equity
3045,SEC_0019,Equity
3046,SEC_0100,Equity
3047,SEC_0060,Equity
3048,SEC_0167,Derivative
3049,SEC_0202,Equity
3050,SEC_0345,Equity
3051,SEC_0146,Equity
3052,SEC_0403,Equity
3053,SEC_0164,Equity
3054,SEC_0458,Equity
3055,SEC_0481,Equity
3056,SEC_0439,Equity
3057,SEC_0242,Equity
3058,SEC_0069,Fixed Income
3059,SEC_0175,Equity
3060,SEC_0049,Equity
3061,SEC_0483,Equity
3062,SEC_0108,Derivative
3063,SEC_0226,Equity
3064,SEC_0161,ETF
3065,SEC_0119,Equity
3066,SEC_0149,Equity
3067,SEC_0465,Equity
3068,SEC_0150,Equity
3069,SEC_0432,Fixed Income
3070,SEC_0293,Equity
3071,SEC_0143,Derivative
3072,SEC_0419,Derivative
3073,SEC_0476,Fixed Income
3074,SEC_0455,Fixed Income
3075,SEC_0160,FX
3076,SEC_0011,Equity
3077,SEC_0138,Equity
3078,SEC_0457,Equity
3079,SEC_0078,Equity
3080,SEC_0077,Equity
3081,SEC_0441,Fixed Income
3082,SEC_0254,Fixed Income
3083,SEC_0409,Equity
3084,SEC_0258,Equity
3085,SEC_0320,Equity
3086,SEC_0291,Equity
3087,SEC_0263,Equity
3088,SEC_0085,Equity
3089,SEC_0146,Equity
3090,SEC_0323,Equity
3091,SEC_0042,Equity
3092,SEC_0374,Equity
3093,SEC_0125,Equity
3094,SEC_0167,Equity
3095,SEC_0425,Equity
3096,SEC_0241,Derivative
3097,SEC_0459,Derivative
3098,SEC_0487,Equity
3099,SEC_0280,Equity
3100,SEC_0188,Equity
3101,SEC_0302,Equity
3102,SEC_0019,Equity
3103,SEC_0068,Equity
3104,SEC_0218,Equity
3105,SEC_0102,ETF
3106,SEC_0042,ETF
3107,SEC_0288,Derivative
3108,SEC_0167,Derivative
3109,SEC_0109,Equity
3110,SEC_0494,Derivative
3111,SEC_0036,Equity
3112,SEC_0232,ETF
3113,SEC_0229,Derivative
3114,SEC_0353,Equity
3115,SEC_0164,Derivative
3116,SEC_0387,Equity
3117,SEC_0073,Equity
3118,SEC_0136,ETF
3119,SEC_0353,Equity
3120,SEC_0379,Derivative
3121,SEC_0070,Equity
3122,SEC_0425,Equity
3123,SEC_0487,Derivative
3124,SEC_0196,ETF
3125,SEC_0269,Equity
3126,SEC_0049,Equity
3127,SEC_0316,Fixed Income
3128,SEC_0130,FX
3129,SEC_0444,Fixed Income
3130,SEC_0005,Derivative
3131,SEC_0428,Derivative
3132,SEC_0027,Equity
3133,SEC_0160,Equity
3134,SEC_0149,Equity
3135,SEC_0264,Fixed Income
3136,SEC_0230,ETF
3137,SEC_0200,Fixed Income
3138,SEC_0050,Fixed Income
3139,SEC_0067,Derivative
3140,SEC_0300,Equity
3141,SEC_0381,Equity
3142,SEC_0058,Equity
3143,SEC_0259,ETF
3144,SEC_0342,ETF
3145,SEC_0326,Derivative
3146,SEC_0130,Equity
3147,SEC_0215,Fixed Income
3148,SEC_0172,Equity
3149,SEC_0258,Derivative
3150,SEC_0102,Equity
3151,SEC_0209,Equity
3152,SEC_0291,Equity
3153,SEC_0354,FX
3154,SEC_0471,Derivative
3155,SEC_0286,Equity
3156,SEC_0116,Derivative
3157,SEC_0264,Derivative
3158,SEC_0150,Derivative
3159,SEC_0300,Derivative
3160,SEC_0442,Equity
3161,SEC_0036,ETF
3162,SEC_0453,Equity
3163,SEC_0333,Equity
3164,SEC_0477,FX
3165,SEC_0287,Equity
3166,SEC_0303,ETF
3167,SEC_0311,Fixed Income
3168,SEC_0208,Equity
3169,SEC_0106,ETF
3170,SEC_0446,Fixed Income
3171,SEC_0158,Fixed Income
3172,SEC_0121,Equity
3173,SEC_0055,Derivative
3174,SEC_0400,Equity
3175,SEC_0012,Equity
3176,SEC_0145,Fixed Income
3177,SEC_0400,ETF
3178,SEC_0396,Equity
3179,SEC_0136,Equity
3180,SEC_0468,Derivative
3181,SEC_0003,Derivative
3182,SEC_0144,Equity
3183,SEC_0030,Derivative
3184,SEC_0237,Equity
3185,SEC_0279,Equity
3186,SEC_0348,Equity
3187,SEC_0115,Equity
3188,SEC_0104,Equity
3189,SEC_0118,Equity
3190,SEC_0005,Equity
3191,SEC_0468,Derivative
3192,SEC_0360,Derivative
3193,SEC_0248,Fixed Income
3194,SEC_0364,Equity
3195,SEC_0321,Equity
3196,SEC_0121,ETF
3197,SEC_0286,FX
3198,SEC_0149,Derivative
3199,SEC_0084,Equity
3200,SEC_0454,Equity
3201,SEC_0406,Equity
3202,SEC_0466,Fixed Income
3203,SEC_0456,Derivative
3204,SEC_0231,Derivative
3205,SEC_0288,Derivative
3206,SEC_0161,ETF
3207,SEC_0272,Equity
3208,SEC_0460,ETF
3209,SEC_0038,Derivative
3210,SEC_0500,Equity
3211,SEC_0226,Derivative
3212,SEC_0142,Fixed Income
3213,SEC_0292,Equity
3214,SEC_0481,Equity
3215,SEC_0151,Fixed Income
3216,SEC_0114,Equity
3217,SEC_0237,Equity
3218,SEC_0066,Derivative
3219,SEC_0361,Fixed Income
3220,SEC_0341,Equity
3221,SEC_0258,Equity
3222,SEC_0475,ETF
3223,SEC_0249,Equity
3224,SEC_0457,Equity
3225,SEC_0449,Derivative
3226,SEC_0331,Equity
3227,SEC_0323,Derivative
3228,SEC_0180,Equity
3229,SEC_0190,Fixed Income
3230,SEC_0407,Derivative
3231,SEC_0154,ETF
3232,SEC_0196,Derivative
3233,SEC_0466,Equity
3234,SEC_0311,Equity
3235,SEC_0262,Equity
3236,SEC_0419,Derivative
3237,SEC_0406,Fixed Income
3238,SEC_0427,ETF
3239,SEC_0143,Equity
3240,SEC_0342,Equity
3241,SEC_0316,Equity
3242,SEC_0101,Derivative
3243,SEC_0244,Fixed Income
3244,SEC_0490,Equity
3245,SEC_0012,Derivative
3246,SEC_0239,Equity
3247,SEC_0049,Equity
3248,SEC_0042,Equity
3249,SEC_0166,ETF
3250,SEC_0082,ETF
3251,SEC_0429,Equity
3252,SEC_0291,Equity
3253,SEC_0158,FX
3254,SEC_0216,Derivative
3255,SEC_0490,Equity
3256,SEC_0158,Fixed Income
3257,SEC_0462,Derivative
3258,SEC_0134,ETF
3259,SEC_0067,Derivative
3260,SEC_0336,Equity
3261,SEC_0007,Derivative
3262,SEC_0436,Equity
3263,SEC_0014,Fixed Income
3264,SEC_0073,Fixed Income
3265,SEC_0399,Derivative
3266,SEC_0405,Equity
3267,SEC_0163,ETF
3268,SEC_0066,Derivative
3269,SEC_0347,Equity
3270,SEC_0130,Equity
3271,SEC_0419,Equity
3272,SEC_0466,Derivative
3273,SEC_0206,Equity
3274,SEC_0276,Equity
3275,SEC_0466,Equity
3276,SEC_0256,Fixed Income
3277,SEC_0266,Fixed Income
3278,SEC_0025,Equity
3279,SEC_0450,ETF
3280,SEC_0281,ETF
3281,SEC_0253,Equity
3282,SEC_0310,Fixed Income
3283,SEC_0289,Fixed Income
3284,SEC_0164,Derivative
3285,SEC_0095,Equity
3286,SEC_0270,Fixed Income
3287,SEC_0321,Equity
3288,SEC_0110,Derivative
3289,SEC_0336,Fixed Income
3290,SEC_0310,Derivative
3291,SEC_0238,Equity
3292,SEC_0381,ETF
3293,SEC_0436,Derivative
3294,SEC_0387,Derivative
3295,SEC_0483,Equity
3296,SEC_0425,Equity
3297,SEC_0390,ETF
3298,SEC_0025,ETF
3299,SEC_0141,Equity
3300,SEC_0117,Equity
3301,SEC_0482,Equity
3302,SEC_0392,Equity
3303,SEC_0405,Equity
3304,SEC_0482,Equity
3305,SEC_0452,Fixed Income
3306,SEC_0025,Equity
3307,SEC_0079,ETF
3308,SEC_0068,Fixed Income
3309,SEC_0173,Equity
3310,SEC_0444,ETF
3311,SEC_0012,FX
3312,SEC_0288,Equity
3313,SEC_0128,Fixed Income
3314,SEC_0096,Equity
3315,SEC_0092,Derivative
3316,SEC_0141,Derivative
3317,SEC_0031,Equity
3318,SEC_0334,Fixed Income
3319,SEC_0020,Fixed Income
3320,SEC_0146,Equity
3321,SEC_0477,Equity
3322,SEC_0316,ETF
3323,SEC_0447,Derivative
3324,SEC_0390,Fixed Income
3325,SEC_0160,Fixed Income
3326,SEC_0349,Equity
3327,SEC_0043,Fixed Income
3328,SEC_0254,Derivative
3329,SEC_0130,Fixed Income
3330,SEC_0060,Fixed Income
3331,SEC_0151,Fixed Income
3332,SEC_0467,Derivative
3333,SEC_0287,Derivative
3334,SEC_0499,Derivative
3335,SEC_0005,Equity
3336,SEC_0467,FX
3337,SEC_0418,Derivative
3338,SEC_0266,Fixed Income
3339,SEC_0345,Derivative
3340,SEC_0130,ETF
3341,SEC_0382,Equity
3342,SEC_0267,Equity
3343,SEC_0178,FX
3344,SEC_0253,Equity
3345,SEC_0415,ETF
3346,SEC_0056,Equity
3347,SEC_0463,Equity
3348,SEC_0457,ETF
3349,SEC_0471,Equity
3350,SEC_0083,Equity
3351,SEC_0393,Equity
3352,SEC_0099,Derivative
3353,SEC_0149,Equity
3354,SEC_0329,Equity
3355,SEC_0156,ETF
3356,SEC_0190,Equity
3357,SEC_0494,Derivative
3358,SEC_0371,Equity
3359,SEC_0263,Equity
3360,SEC_0080,Derivative
3361,SEC_0400,Equity
3362,SEC_0252,Equity
3363,SEC_0097,Derivative
3364,SEC_0260,Fixed Income
3365,SEC_0260,Derivative
3366,SEC_0103,Equity
3367,SEC_0040,Derivative
3368,SEC_0273,Equity
3369,SEC_0101,Derivative
3370,SEC_0359,Fixed Income
3371,SEC_0380,Derivative
3372,SEC_0308,Equity
3373,SEC_0221,Equity
3374,SEC_0308,Derivative
3375,SEC_0420,ETF
3376,SEC_0124,Equity
3377,SEC_0422,Derivative
3378,SEC_0231,Equity
3379,SEC_0178,Equity
3380,SEC_0063,ETF
3381,SEC_0485,ETF
3382,SEC_0116,Equity
3383,SEC_0191,Equity
3384,SEC_0062,Equity
3385,SEC_0256,Fixed Income
3386,SEC_0483,Equity
3387,SEC_0007,Equity
3388,SEC_0155,Equity
3389,SEC_0092,Equity
3390,SEC_0470,ETF
3391,SEC_0014,Equity
3392,SEC_0455,Equity
3393,SEC_0229,FX
3394,SEC_0086,ETF
3395,SEC_0133,Fixed Income
3396,SEC_0183,FX
3397,SEC_0386,ETF
3398,SEC_0062,Equity
3399,SEC_0219,Derivative
3400,SEC_0405,Equity
3401,SEC_0246,ETF
3402,SEC_0230,Fixed Income
3403,SEC_0079,ETF
3404,SEC_0149,Fixed Income
3405,SEC_0138,Derivative
3406,SEC_0471,Equity
3407,SEC_0314,ETF
3408,SEC_0376,FX
3409,SEC_0423,Equity
3410,SEC_0389,Equity
3411,SEC_0065,Derivative
3412,SEC_0013,Equity
3413,SEC_0213,Derivative
3414,SEC_0474,Equity
3415,SEC_0242,Fixed Income
3416,SEC_0493,Equity
3417,SEC_0213,Equity
3418,SEC_0181,Equity
3419,SEC_0338,Derivative
3420,SEC_0485,Equity
3421,SEC_0173,Equity
3422,SEC_0160,Equity
3423,SEC_0164,ETF
3424,SEC_0465,FX
3425,SEC_0483,Fixed Income
3426,SEC_0497,ETF
3427,SEC_0188,Derivative
3428,SEC_0395,ETF
3429,SEC_0191,Fixed Income
3430,SEC_0405,Equity
3431,SEC_0308,Derivative
3432,SEC_0256,Equity
3433,SEC_0183,Equity
3434,SEC_0117,Fixed Income
3435,SEC_0282,Equity
3436,SEC_0196,Equity
3437,SEC_0034,Equity
3438,SEC_0052,Derivative
3439,SEC_0112,Equity
3440,SEC_0252,Equity
3441,SEC_0082,Derivative
3442,SEC_0232,Equity
3443,SEC_0227,ETF
3444,SEC_0233,Equity
3445,SEC_0221,Derivative
3446,SEC_0436,Equity
3447,SEC_0413,Equity
3448,SEC_0422,ETF
3449,SEC_0042,ETF
3450,SEC_0021,Derivative
3451,SEC_0042,Derivative
3452,SEC_0397,Equity
3453,SEC_0113,Derivative
3454,SEC_0105,Fixed Income
3455,SEC_0192,Fixed Income
3456,SEC_0017,Fixed Income
3457,SEC_0120,Equity
3458,SEC_0393,Derivative
3459,SEC_0425,Equity
3460,SEC_0129,Fixed Income
3461,SEC_0130,Equity
3462,SEC_0060,Derivative
3463,SEC_0048,Equity
3464,SEC_0029,Equity
3465,SEC_0097,Equity
3466,SEC_0010,Equity
3467,SEC_0242,Equity
3468,SEC_0314,Equity
3469,SEC_0444,Equity
3470,SEC_0232,Equity
3471,SEC_0277,ETF
3472,SEC_0284,Equity
3473,SEC_0203,Derivative
3474,SEC_0247,Fixed Income
3475,SEC_0290,Fixed Income
3476,SEC_0264,Equity
3477,SEC_0443,Equity
3478,SEC_0214,Derivative
3479,SEC_0200,Fixed Income
3480,SEC_0433,Fixed Income
3481,SEC_0079,Fixed Income
3482,SEC_0401,Equity
3483,SEC_0444,Derivative
3484,SEC_0343,Derivative
3485,SEC_0344,Equity
3486,SEC_0173,Derivative
3487,SEC_0467,Fixed Income
3488,SEC_0069,FX
3489,SEC_0416,ETF
3490,SEC_0428,Fixed Income
3491,SEC_0449,Derivative
3492,SEC_0087,FX
3493,SEC_0101,Equity
3494,SEC_0008,Derivative
3495,SEC_0333,Equity
3496,SEC_0200,Fixed Income
3497,SEC_0087,Equity
3498,SEC_0043,Equity
3499,SEC_0385,Fixed Income
3500,SEC_0109,Equity
3501,SEC_0435,Equity
3502,SEC_0408,ETF
3503,SEC_0483,Equity
3504,SEC_0152,Fixed Income
3505,SEC_0017,Fixed Income
3506,SEC_0133,Equity
3507,SEC_0148,Derivative
3508,SEC_0277,Fixed Income
3509,SEC_0232,Equity
3510,SEC_0314,Equity
3511,SEC_0415,Equity
3512,SEC_0366,ETF
3513,SEC_0228,Equity
3514,SEC_0139,Equity
3515,SEC_0436,Equity
3516,SEC_0399,ETF
3517,SEC_0211,Derivative
3518,SEC_0391,ETF
3519,SEC_0499,ETF
3520,SEC_0028,ETF
3521,SEC_0051,Fixed Income
3522,SEC_0491,Fixed Income
3523,SEC_0442,Derivative
3524,SEC_0261,Equity
3525,SEC_0261,Equity
3526,SEC_0350,Equity
3527,SEC_0352,Derivative
3528,SEC_0008,Equity
3529,SEC_0320,Derivative
3530,SEC_0138,Derivative
3531,SEC_0038,Equity
3532,SEC_0111,Equity
3533,SEC_0480,Equity
3534,SEC_0368,Equity
3535,SEC_0220,Fixed Income
3536,SEC_0337,Fixed Income
3537,SEC_0223,ETF
3538,SEC_0136,Equity
3539,SEC_0256,Derivative
3540,SEC_0360,Fixed Income
3541,SEC_0409,Derivative
3542,SEC_0329,Equity
3543,SEC_0450,Fixed Income
3544,SEC_0463,Equity
3545,SEC_0434,Equity
3546,SEC_0451,Equity
3547,SEC_0049,Fixed Income
3548,SEC_0292,Equity
3549,SEC_0382,Derivative
3550,SEC_0324,ETF
3551,SEC_0078,Fixed Income
3552,SEC_0105,Equity
3553,SEC_0169,Derivative
3554,SEC_0217,Equity
3555,SEC_0378,Derivative
3556,SEC_0119,Equity
3557,SEC_0190,Equity
3558,SEC_0255,Equity
3559,SEC_0370,Equity
3560,SEC_0266,Derivative
3561,SEC_0149,Equity
3562,SEC_0164,Equity
3563,SEC_0140,Equity
3564,SEC_0347,FX
3565,SEC_0488,Fixed Income
3566,SEC_0258,ETF
3567,SEC_0374,Derivative
3568,SEC_0269,Derivative
3569,SEC_0181,Equity
3570,SEC_0160,Equity
3571,SEC_0351,Fixed Income
3572,SEC_0400,Equity
3573,SEC_0288,ETF
3574,SEC_0288,Derivative
3575,SEC_0380,Equity
3576,SEC_0226,Derivative
3577,SEC_0011,Equity
3578,SEC_0010,Equity
3579,SEC_0271,Equity
3580,SEC_0273,Fixed Income
3581,SEC_0424,Derivative
3582,SEC_0402,Equity
3583,SEC_0183,Derivative
3584,SEC_0457,Equity
3585,SEC_0153,ETF
3586,SEC_0488,ETF
3587,SEC_0315,Derivative
3588,SEC_0334,Fixed Income
3589,SEC_0124,Equity
3590,SEC_0473,Equity
3591,SEC_0114,Fixed Income
3592,SEC_0278,Equity
3593,SEC_0500,Derivative
3594,SEC_0414,Equity
3595,SEC_0468,Fixed Income
3596,SEC_0213,Derivative
3597,SEC_0172,Equity
3598,SEC_0288,Derivative
3599,SEC_0435,Equity
3600,SEC_0174,Equity
3601,SEC_0113,Equity
3602,SEC_0376,Equity
3603,SEC_0405,Equity
3604,SEC_0483,Fixed Income
3605,SEC_0122,ETF
3606,SEC_0032,ETF
3607,SEC_0222,Equity
3608,SEC_0119,ETF
3609,SEC_0039,ETF
3610,SEC_0497,Equity
3611,SEC_0268,ETF
3612,SEC_0233,ETF
3613,SEC_0431,Derivative
3614,SEC_0018,Equity
3615,SEC_0149,FX
3616,SEC_0397,Equity
3617,SEC_0149,ETF
3618,SEC_0126,Equity
3619,SEC_0392,ETF
3620,SEC_0302,Equity
3621,SEC_0360,Equity
3622,SEC_0238,ETF
3623,SEC_0135,ETF
3624,SEC_0151,Equity
3625,SEC_0236,ETF
3626,SEC_0224,ETF
3627,SEC_0203,ETF
3628,SEC_0256,Fixed Income
3629,SEC_0086,ETF
3630,SEC_0150,Derivative
3631,SEC_0235,ETF
3632,SEC_0345,Equity
3633,SEC_0022,Fixed Income
3634,SEC_0348,ETF
3635,SEC_0285,Fixed Income
3636,SEC_0269,Derivative
3637,SEC_0466,ETF
3638,SEC_0258,Derivative
3639,SEC_0029,Equity
3640,SEC_0213,Equity
3641,SEC_0463,Equity
3642,SEC_0436,Derivative
3643,SEC_0283,Equity
3644,SEC_0050,Equity
3645,SEC_0095,Equity
3646,SEC_0463,ETF
3647,SEC_0499,Equity
3648,SEC_0407,Equity
3649,SEC_0088,Fixed Income
3650,SEC_0044,Equity
3651,SEC_0461,Equity
3652,SEC_0278,Equity
3653,SEC_0171,Fixed Income
3654,SEC_0421,Equity
3655,SEC_0189,ETF
3656,SEC_0353,Equity
3657,SEC_0184,ETF
3658,SEC_0003,Derivative
3659,SEC_0191,Derivative
3660,SEC_0118,Equity
3661,SEC_0019,Derivative
3662,SEC_0023,Derivative
3663,SEC_0413,Fixed Income
3664,SEC_0030,Fixed Income
3665,SEC_0295,Equity
3666,SEC_0108,Equity
3667,SEC_0367,Equity
3668,SEC_0281,ETF
3669,SEC_0128,Derivative
3670,SEC_0229,Equity
3671,SEC_0111,Fixed Income
3672,SEC_0136,FX
3673,SEC_0362,Equity
3674,SEC_0186,Derivative
3675,SEC_0144,Equity
3676,SEC_0072,Equity
3677,SEC_0129,FX
3678,SEC_0364,Equity
3679,SEC_0261,Equity
3680,SEC_0003,Derivative
3681,SEC_0449,Equity
3682,SEC_0388,Derivative
3683,SEC_0104,Derivative
3684,SEC_0483,Equity
3685,SEC_0224,Equity
3686,SEC_0320,Derivative
3687,SEC_0362,Fixed Income
3688,SEC_0354,Derivative
3689,SEC_0491,Equity
3690,SEC_0473,Derivative
3691,SEC_0010,Equity
3692,SEC_0405,ETF
3693,SEC_0384,Derivative
3694,SEC_0302,Fixed Income
3695,SEC_0231,FX
3696,SEC_0219,Equity
3697,SEC_0411,Equity
3698,SEC_0066,Fixed Income
3699,SEC_0425,Derivative
3700,SEC_0112,ETF
3701,SEC_0013,Derivative
3702,SEC_0393,Equity
3703,SEC_0500,Derivative
3704,SEC_0420,Equity
3705,SEC_0086,Equity
3706,SEC_0234,Equity
3707,SEC_0090,ETF
3708,SEC_0314,Equity
3709,SEC_0054,Equity
3710,SEC_0012,Equity
3711,SEC_0209,Derivative
3712,SEC_0462,Equity
3713,SEC_0014,ETF
3714,SEC_0121,Fixed Income
3715,SEC_0418,Equity
3716,SEC_0437,Derivative
3717,SEC_0377,Equity
3718,SEC_0020,Derivative
3719,SEC_0075,Derivative
3720,SEC_0400,Derivative
3721,SEC_0243,ETF
3722,SEC_0223,Derivative
3723,SEC_0070,Derivative
3724,SEC_0312,ETF
3725,SEC_0211,Equity
3726,SEC_0101,ETF
3727,SEC_0186,Equity
3728,SEC_0132,Equity
3729,SEC_0111,Derivative
3730,SEC_0381,Equity
3731,SEC_0132,Equity
3732,SEC_0020,Equity
3733,SEC_0394,Equity
3734,SEC_0024,Equity
3735,SEC_0227,Equity
3736,SEC_0154,Fixed Income
3737,SEC_0293,Derivative
3738,SEC_0230,Derivative
3739,SEC_0469,Equity
3740,SEC_0310,ETF
3741,SEC_0488,Equity
3742,SEC_0359,Equity
3743,SEC_0405,ETF
3744,SEC_0202,Fixed Income
3745,SEC_0038,ETF
3746,SEC_0430,Equity
3747,SEC_0260,Derivative
3748,SEC_0188,Equity
3749,SEC_0057,ETF
3750,SEC_0429,Equity
3751,SEC_0020,Equity
3752,SEC_0273,Equity
3753,SEC_0119,Fixed Income
3754,SEC_0071,Equity
3755,SEC_0004,ETF
3756,SEC_0221,ETF
3757,SEC_0014,Derivative
3758,SEC_0003,Derivative
3759,SEC_0216,ETF
3760,SEC_0229,ETF
3761,SEC_0336,ETF
3762,SEC_0186,ETF
3763,SEC_0055,Equity
3764,SEC_0500,Equity
3765,SEC_0388,FX
3766,SEC_0376,Equity
3767,SEC_0254,Equity
3768,SEC_0024,Derivative
3769,SEC_0162,FX
3770,SEC_0158,Derivative
3771,SEC_0082,ETF
3772,SEC_0403,Derivative
3773,SEC_0159,Equity
3774,SEC_0188,Equity
3775,SEC_0060,Equity
3776,SEC_0403,Equity
3777,SEC_0305,Equity
3778,SEC_0319,Equity
3779,SEC_0366,Derivative
3780,SEC_0211,Derivative
3781,SEC_0406,FX
3782,SEC_0152,ETF
3783,SEC_0109,Equity
3784,SEC_0076,Fixed Income
3785,SEC_0030,Equity
3786,SEC_0314,ETF
3787,SEC_0486,Equity
3788,SEC_0117,Equity
3789,SEC_0415,Equity
3790,SEC_0356,Derivative
3791,SEC_0192,Equity
3792,SEC_0019,ETF
3793,SEC_0432,Equity
3794,SEC_0173,Equity
3795,SEC_0228,Equity
3796,SEC_0350,Equity
3797,SEC_0183,Fixed Income
3798,SEC_0113,Fixed Income
3799,SEC_0183,Equity
3800,SEC_0481,Equity
3801,SEC_0146,Equity
3802,SEC_0319,Equity
3803,SEC_0116,Fixed Income
3804,SEC_0113,Fixed Income
3805,SEC_0251,Equity
3806,SEC_0476,Derivative
3807,SEC_0251,Derivative
3808,SEC_0303,Equity
3809,SEC_0459,Fixed Income
3810,SEC_0313,ETF
3811,SEC_0118,Equity
3812,SEC_0301,Derivative
3813,SEC_0161,Fixed Income
3814,SEC_0401,FX
3815,SEC_0198,Derivative
3816,SEC_0260,Fixed Income
3817,SEC_0148,Equity
3818,SEC_0240,ETF
3819,SEC_0047,Derivative
3820,SEC_0475,Fixed Income
3821,SEC_0399,Equity
3822,SEC_0198,Fixed Income
3823,SEC_0047,Derivative
3824,SEC_0078,Equity
3825,SEC_0124,ETF
3826,SEC_0075,Equity
3827,SEC_0359,FX
3828,SEC_0137,Equity
3829,SEC_0090,Derivative
3830,SEC_0400,Equity
3831,SEC_0325,Fixed Income
3832,SEC_0500,ETF
3833,SEC_0061,Fixed Income
3834,SEC_0138,Equity
3835,SEC_0050,Equity
3836,SEC_0259,FX
3837,SEC_0461,Equity
3838,SEC_0107,Equity
3839,SEC_0113,Equity
3840,SEC_0350,Equity
3841,SEC_0254,Equity
3842,SEC_0118,Fixed Income
3843,SEC_0493,Equity
3844,SEC_0198,Equity
3845,SEC_0337,Fixed Income
3846,SEC_0365,Equity
3847,SEC_0051,Equity
3848,SEC_0245,Derivative
3849,SEC_0403,Fixed Income
3850,SEC_0426,Equity
3851,SEC_0035,Fixed Income
3852,SEC_0302,ETF
3853,SEC_0410,ETF
3854,SEC_0499,Fixed Income
3855,SEC_0069,Equity
3856,SEC_0349,Fixed Income
3857,SEC_0320,Equity
3858,SEC_0421,Equity
3859,SEC_0468,ETF
3860,SEC_0049,Fixed Income
3861,SEC_0405,Fixed Income
3862,SEC_0074,Equity
3863,SEC_0192,Equity
3864,SEC_0261,ETF
3865,SEC_0356,Equity
3866,SEC_0070,Equity
3867,SEC_0090,Fixed Income
3868,SEC_0260,Derivative
3869,SEC_0126,Equity
3870,SEC_0231,Fixed Income
3871,SEC_0295,Equity
3872,SEC_0498,Fixed Income
3873,SEC_0419,Equity
3874,SEC_0129,Fixed Income
3875,SEC_0280,Equity
3876,SEC_0313,Derivative
3877,SEC_0100,FX
3878,SEC_0326,ETF
3879,SEC_0297,Fixed Income
3880,SEC_0182,Equity
3881,SEC_0174,Fixed Income
3882,SEC_0316,Derivative
3883,SEC_0364,Equity
3884,SEC_0188,Fixed Income
3885,SEC_0057,Equity
3886,SEC_0031,Derivative
3887,SEC_0084,ETF
3888,SEC_0152,Equity
3889,SEC_0473,Derivative
3890,SEC_0036,Equity
3891,SEC_0213,Equity
3892,SEC_0414,Fixed Income
3893,SEC_0408,Equity
3894,SEC_0364,FX
3895,SEC_0106,Fixed Income
3896,SEC_0414,Equity
3897,SEC_0342,Equity
3898,SEC_0220,Equity
3899,SEC_0391,ETF
3900,SEC_0163,FX
3901,SEC_0439,ETF
3902,SEC_0220,Fixed Income
3903,SEC_0270,Equity
3904,SEC_0120,FX
3905,SEC_0394,Fixed Income
3906,SEC_0336,Equity
3907,SEC_0400,Equity
3908,SEC_0182,Derivative
3909,SEC_0479,FX
3910,SEC_0106,Equity
3911,SEC_0217,Derivative
3912,SEC_0205,FX
3913,SEC_0070,Fixed Income
3914,SEC_0044,Derivative
3915,SEC_0329,Equity
3916,SEC_0301,ETF
3917,SEC_0228,Equity
3918,SEC_0184,Equity
3919,SEC_0107,Derivative
3920,SEC_0084,Equity
3921,SEC_0338,Derivative
3922,SEC_0250,Equity
3923,SEC_0363,Fixed Income
3924,SEC_0441,Equity
3925,SEC_0021,Derivative
3926,SEC_0196,Equity
3927,SEC_0178,ETF
3928,SEC_0417,Equity
3929,SEC_0475,Fixed Income
3930,SEC_0007,Equity
3931,SEC_0070,ETF
3932,SEC_0127,Derivative
3933,SEC_0399,Equity
3934,SEC_0466,ETF
3935,SEC_0160,ETF
3936,SEC_0248,Fixed Income
3937,SEC_0203,Equity
3938,SEC_0148,Fixed Income
3939,SEC_0472,Equity
3940,SEC_0143,Equity
3941,SEC_0432,ETF
3942,SEC_0199,Equity
3943,SEC_0405,Derivative
3944,SEC_0426,ETF
3945,SEC_0154,Derivative
3946,SEC_0492,Fixed Income
3947,SEC_0376,Fixed Income
3948,SEC_0384,Derivative
3949,SEC_0142,Equity
3950,SEC_0313,Derivative
3951,SEC_0165,Fixed Income
3952,SEC_0314,Equity
3953,SEC_0021,Derivative
3954,SEC_0082,Equity
3955,SEC_0069,ETF
3956,SEC_0131,Derivative
3957,SEC_0087,FX
3958,SEC_0218,Fixed Income
3959,SEC_0421,Equity
3960,SEC_0472,FX
3961,SEC_0305,Derivative
3962,SEC_0403,Equity
3963,SEC_0371,Equity
3964,SEC_0345,Derivative
3965,SEC_0341,FX
3966,SEC_0384,FX
3967,SEC_0396,Equity
3968,SEC_0445,FX
3969,SEC_0425,Derivative
3970,SEC_0161,Equity
3971,SEC_0178,Equity
3972,SEC_0117,Equity
3973,SEC_0196,Fixed Income
3974,SEC_0383,Derivative
3975,SEC_0490,Equity
3976,SEC_0327,Equity
3977,SEC_0086,Fixed Income
3978,SEC_0289,Equity
3979,SEC_0081,Equity
3980,SEC_0152,FX
3981,SEC_0061,Derivative
3982,SEC_0061,FX
3983,SEC_0354,Derivative
3984,SEC_0028,Fixed Income
3985,SEC_0442,Derivative
3986,SEC_0043,Derivative
3987,SEC_0169,Derivative
3988,SEC_0423,Fixed Income
3989,SEC_0086,ETF
3990,SEC_0177,Equity
3991,SEC_0017,Equity
3992,SEC_0098,Derivative
3993,SEC_0454,Derivative
3994,SEC_0494,Derivative
3995,SEC_0198,ETF
3996,SEC_0098,Equity
3997,SEC_0065,ETF
3998,SEC_0330,Equity
3999,SEC_0341,ETF
4000,SEC_0005,Fixed Income
4001,SEC_0002,Equity
4002,SEC_0022,Derivative
4003,SEC_0112,Equity
4004,SEC_0057,Equity
4005,SEC_0066,Equity
4006,SEC_0330,Equity
4007,SEC_0098,Derivative
4008,SEC_0144,Fixed Income
4009,SEC_0368,ETF
4010,SEC_0435,Equity
4011,SEC_0125,Derivative
4012,SEC_0167,ETF
4013,SEC_0086,Equity
4014,SEC_0076,Equity
4015,SEC_0344,Equity
4016,SEC_0495,ETF
4017,SEC_0424,Derivative
4018,SEC_0294,Equity
4019,SEC_0444,Equity
4020,SEC_0059,Derivative
4021,SEC_0138,Fixed Income
4022,SEC_0099,Equity
4023,SEC_0192,Derivative
4024,SEC_0243,ETF
4025,SEC_0319,Equity
4026,SEC_0049,Equity
4027,SEC_0448,Derivative
4028,SEC_0032,Fixed Income
4029,SEC_0391,ETF
4030,SEC_0277,ETF
4031,SEC_0020,Equity
4032,SEC_0154,Derivative
4033,SEC_0383,Derivative
4034,SEC_0068,Equity
4035,SEC_0366,Equity
4036,SEC_0372,Fixed Income
4037,SEC_0214,Equity
4038,SEC_0143,Fixed Income
4039,SEC_0376,Equity
4040,SEC_0232,Fixed Income
4041,SEC_0213,Equity
4042,SEC_0079,ETF
4043,SEC_0214,Equity
4044,SEC_0116,ETF
4045,SEC_0092,Equity
4046,SEC_0270,Fixed Income
4047,SEC_0411,Equity
4048,SEC_0381,Derivative
4049,SEC_0489,Derivative
4050,SEC_0168,Derivative
4051,SEC_0058,FX
4052,SEC_0284,Equity
4053,SEC_0026,FX
4054,SEC_0369,ETF
4055,SEC_0447,FX
4056,SEC_0066,ETF
4057,SEC_0409,Equity
4058,SEC_0248,Derivative
4059,SEC_0254,Derivative
4060,SEC_0387,Derivative
4061,SEC_0456,Derivative
4062,SEC_0044,Fixed Income
4063,SEC_0097,Derivative
4064,SEC_0042,ETF
4065,SEC_0500,Equity
4066,SEC_0227,ETF
4067,SEC_0262,Equity
4068,SEC_0167,Equity
4069,SEC_0436,Fixed Income
4070,SEC_0279,Derivative
4071,SEC_0089,Equity
4072,SEC_0379,Derivative
4073,SEC_0178,Fixed Income
4074,SEC_0427,Equity
4075,SEC_0403,Equity
4076,SEC_0197,Equity
4077,SEC_0307,Fixed Income
4078,SEC_0267,Fixed Income
4079,SEC_0268,Equity
4080,SEC_0074,ETF
4081,SEC_0008,Derivative
4082,SEC_0408,Fixed Income
4083,SEC_0476,Fixed Income
4084,SEC_0297,Equity
4085,SEC_0164,FX
4086,SEC_0485,ETF
4087,SEC_0085,ETF
4088,SEC_0072,Equity
4089,SEC_0055,Equity
4090,SEC_0393,ETF
4091,SEC_0047,Equity
4092,SEC_0399,Fixed Income
4093,SEC_0432,Equity
4094,SEC_0238,Derivative
4095,SEC_0104,Equity
4096,SEC_0210,FX
4097,SEC_0042,Equity
4098,SEC_0316,Equity
4099,SEC_0468,Fixed Income
4100,SEC_0454,Equity
4101,SEC_0268,Equity
4102,SEC_0386,Equity
4103,SEC_0263,Equity
4104,SEC_0336,ETF
4105,SEC_0387,Fixed Income
4106,SEC_0365,ETF
4107,SEC_0259,Equity
4108,SEC_0283,Equity
4109,SEC_0114,Derivative
4110,SEC_0363,Equity
4111,SEC_0040,Fixed Income
4112,SEC_0486,Equity
4113,SEC_0417,Derivative
4114,SEC_0220,ETF
4115,SEC_0129,ETF
4116,SEC_0008,Fixed Income
4117,SEC_0101,Fixed Income
4118,SEC_0416,Equity
4119,SEC_0380,Derivative
4120,SEC_0176,ETF
4121,SEC_0107,Equity
4122,SEC_0101,Derivative
4123,SEC_0260,Derivative
4124,SEC_0478,Derivative
4125,SEC_0454,Derivative
4126,SEC_0366,Equity
4127,SEC_0246,Derivative
4128,SEC_0275,Equity
4129,SEC_0032,Derivative
4130,SEC_0137,Equity
4131,SEC_0012,ETF
4132,SEC_0395,Derivative
4133,SEC_0302,Derivative
4134,SEC_0375,Equity
4135,SEC_0016,Derivative
4136,SEC_0129,ETF
4137,SEC_0063,Derivative
4138,SEC_0109,ETF
4139,SEC_0375,Equity
4140,SEC_0021,Derivative
4141,SEC_0158,Fixed Income
4142,SEC_0269,Equity
4143,SEC_0162,Derivative
4144,SEC_0260,Derivative
4145,SEC_0412,Equity
4146,SEC_0102,Derivative
4147,SEC_0223,Equity
4148,SEC_0059,Fixed Income
4149,SEC_0247,Derivative
4150,SEC_0128,Equity
4151,SEC_0283,Fixed Income
4152,SEC_0325,Equity
4153,SEC_0025,FX
4154,SEC_0131,Equity
4155,SEC_0353,Equity
4156,SEC_0196,Equity
4157,SEC_0281,ETF
4158,SEC_0404,Equity
4159,SEC_0418,Equity
4160,SEC_0154,Equity
4161,SEC_0382,Equity
4162,SEC_0133,Equity
4163,SEC_0227,Equity
4164,SEC_0189,Equity
4165,SEC_0476,Equity
4166,SEC_0477,Equity
4167,SEC_0265,Equity
4168,SEC_0372,Fixed Income
4169,SEC_0486,Derivative
4170,SEC_0434,FX
4171,SEC_0134,Fixed Income
4172,SEC_0211,Equity
4173,SEC_0060,FX
4174,SEC_0428,ETF
4175,SEC_0377,FX
4176,SEC_0395,Equity
4177,SEC_0450,Fixed Income
4178,SEC_0431,Fixed Income
4179,SEC_0364,Fixed Income
4180,SEC_0364,Fixed Income
4181,SEC_0457,Derivative
4182,SEC_0213,Equity
4183,SEC_0216,Fixed Income
4184,SEC_0226,Derivative
4185,SEC_0470,Fixed Income
4186,SEC_0131,Equity
4187,SEC_0076,Derivative
4188,SEC_0476,ETF
4189,SEC_0286,ETF
4190,SEC_0474,Equity
4191,SEC_0496,Fixed Income
4192,SEC_0277,Fixed Income
4193,SEC_0156,Derivative
4194,SEC_0248,Derivative
4195,SEC_0218,Equity
4196,SEC_0190,Derivative
4197,SEC_0417,Derivative
4198,SEC_0469,Equity
4199,SEC_0163,Equity
4200,SEC_0180,FX
4201,SEC_0034,Equity
4202,SEC_0041,Derivative
4203,SEC_0307,Equity
4204,SEC_0431,Equity
4205,SEC_0338,ETF
4206,SEC_0314,FX
4207,SEC_0075,Equity
4208,SEC_0441,Derivative
4209,SEC_0279,Derivative
4210,SEC_0176,Equity
4211,SEC_0384,ETF
4212,SEC_0150,Equity
4213,SEC_0273,ETF
4214,SEC_0325,Equity
4215,SEC_0108,FX
4216,SEC_0139,Fixed Income
4217,SEC_0350,ETF
4218,SEC_0271,Equity
4219,SEC_0347,Equity
4220,SEC_0419,Derivative
4221,SEC_0289,Equity
4222,SEC_0212,ETF
4223,SEC_0381,Equity
4224,SEC_0272,Fixed Income
4225,SEC_0418,Derivative
4226,SEC_0066,Equity
4227,SEC_0483,Derivative
4228,SEC_0424,Fixed Income
4229,SEC_0248,Equity
4230,SEC_0156,Equity
4231,SEC_0047,Equity
4232,SEC_0423,FX
4233,SEC_0454,Equity
4234,SEC_0201,Equity
4235,SEC_0148,ETF
4236,SEC_0124,Equity
4237,SEC_0001,ETF
4238,SEC_0456,ETF
4239,SEC_0247,Derivative
4240,SEC_0343,Equity
4241,SEC_0128,ETF
4242,SEC_0191,Equity
4243,SEC_0067,Equity
4244,SEC_0004,ETF
4245,SEC_0442,Equity
4246,SEC_0409,Derivative
4247,SEC_0303,Equity
4248,SEC_0294,Equity
4249,SEC_0143,Fixed Income
4250,SEC_0191,ETF
4251,SEC_0021,Equity
4252,SEC_0227,Equity
4253,SEC_0313,Equity
4254,SEC_0117,Equity
4255,SEC_0437,Equity
4256,SEC_0302,Equity
4257,SEC_0500,Fixed Income
4258,SEC_0142,Equity
4259,SEC_0484,Fixed Income
4260,SEC_0460,Equity
4261,SEC_0401,ETF
4262,SEC_0039,Equity
4263,SEC_0393,Equity
4264,SEC_0355,Derivative
4265,SEC_0252,Equity
4266,SEC_0333,Derivative
4267,SEC_0207,Equity
4268,SEC_0210,Fixed Income
4269,SEC_0115,Equity
4270,SEC_0225,Fixed Income
4271,SEC_0134,Equity
4272,SEC_0251,Fixed Income
4273,SEC_0219,Derivative
4274,SEC_0407,Equity
4275,SEC_0443,Derivative
4276,SEC_0091,Derivative
4277,SEC_0354,Derivative
4278,SEC_0376,Fixed Income
4279,SEC_0046,Equity
4280,SEC_0038,Derivative
4281,SEC_0142,ETF
4282,SEC_0100,Derivative
4283,SEC_0328,Fixed Income
4284,SEC_0190,Fixed Income
4285,SEC_0035,FX
4286,SEC_0147,ETF
4287,SEC_0030,Equity
4288,SEC_0334,Equity
4289,SEC_0084,ETF
4290,SEC_0369,Equity
4291,SEC_0281,FX
4292,SEC_0424,Derivative
4293,SEC_0344,Derivative
4294,SEC_0270,FX
4295,SEC_0154,Fixed Income
4296,SEC_0102,Fixed Income
4297,SEC_0215,Derivative
4298,SEC_0150,ETF
4299,SEC_0432,Equity
4300,SEC_0083,Equity
4301,SEC_0110,Equity
4302,SEC_0435,Derivative
4303,SEC_0387,Equity
4304,SEC_0426,Equity
4305,SEC_0275,Equity
4306,SEC_0201,Derivative
4307,SEC_0284,Equity
4308,SEC_0468,Equity
4309,SEC_0173,Fixed Income
4310,SEC_0327,Equity
4311,SEC_0206,Equity
4312,SEC_0063,Derivative
4313,SEC_0073,Derivative
4314,SEC_0251,Derivative
4315,SEC_0124,Fixed Income
4316,SEC_0375,Equity
4317,SEC_0121,Derivative
4318,SEC_0275,Equity
4319,SEC_0431,Derivative
4320,SEC_0500,ETF
4321,SEC_0398,Equity
4322,SEC_0120,Equity
4323,SEC_0422,Fixed Income
4324,SEC_0437,Equity
4325,SEC_0317,ETF
4326,SEC_0164,Equity
4327,SEC_0424,Equity
4328,SEC_0465,ETF
4329,SEC_0286,Equity
4330,SEC_0265,ETF
4331,SEC_0320,Equity
4332,SEC_0161,ETF
4333,SEC_0376,Equity
4334,SEC_0308,Equity
4335,SEC_0089,Fixed Income
4336,SEC_0142,Equity
4337,SEC_0203,Equity
4338,SEC_0309,Equity
4339,SEC_0227,Derivative
4340,SEC_0489,Derivative
4341,SEC_0443,Derivative
4342,SEC_0334,Derivative
4343,SEC_0222,Equity
4344,SEC_0041,Equity
4345,SEC_0196,Equity
4346,SEC_0068,Equity
4347,SEC_0476,Derivative
4348,SEC_0264,Derivative
4349,SEC_0002,Derivative
4350,SEC_0361,ETF
4351,SEC_0125,Fixed Income
4352,SEC_0110,ETF
4353,SEC_0086,Fixed Income
4354,SEC_0425,ETF
4355,SEC_0120,Equity
4356,SEC_0127,Equity
4357,SEC_0255,Fixed Income
4358,SEC_0183,Equity
4359,SEC_0016,Equity
4360,SEC_0477,Equity
4361,SEC_0062,Derivative
4362,SEC_0369,ETF
4363,SEC_0432,Equity
4364,SEC_0158,ETF
4365,SEC_0268,Derivative
4366,SEC_0035,Equity
4367,SEC_0267,Fixed Income
4368,SEC_0064,ETF
4369,SEC_0494,Derivative
4370,SEC_0050,Equity
4371,SEC_0469,Equity
4372,SEC_0255,Derivative
4373,SEC_0149,Fixed Income
4374,SEC_0325,Equity
4375,SEC_0304,Equity
4376,SEC_0276,Derivative
4377,SEC_0357,Equity
4378,SEC_0451,Derivative
4379,SEC_0172,Derivative
4380,SEC_0417,Equity
4381,SEC_0201,Equity
4382,SEC_0445,ETF
4383,SEC_0393,Derivative
4384,SEC_0324,Derivative
4385,SEC_0035,Fixed Income
4386,SEC_0465,Equity
4387,SEC_0482,Fixed Income
4388,SEC_0216,Derivative
4389,SEC_0480,Equity
4390,SEC_0065,Equity
4391,SEC_0008,Fixed Income
4392,SEC_0301,Equity
4393,SEC_0343,ETF
4394,SEC_0431,Equity
4395,SEC_0424,Equity
4396,SEC_0332,Derivative
4397,SEC_0438,FX
4398,SEC_0076,Fixed Income
4399,SEC_0174,Derivative
4400,SEC_0047,Equity
4401,SEC_0015,ETF
4402,SEC_0361,Equity
4403,SEC_0147,Equity
4404,SEC_0026,Equity
4405,SEC_0308,Derivative
4406,SEC_0093,Equity
4407,SEC_0406,Equity
4408,SEC_0232,Equity
4409,SEC_0021,Equity
4410,SEC_0307,Equity
4411,SEC_0038,Equity
4412,SEC_0276,Equity
4413,SEC_0157,Equity
4414,SEC_0179,Equity
4415,SEC_0132,Derivative
4416,SEC_0311,Equity
4417,SEC_0455,Fixed Income
4418,SEC_0348,Derivative
4419,SEC_0028,ETF
4420,SEC_0260,Fixed Income
4421,SEC_0406,Equity
4422,SEC_0076,FX
4423,SEC_0429,Fixed Income
4424,SEC_0067,Equity
4425,SEC_0342,Fixed Income
4426,SEC_0492,ETF
4427,SEC_0194,FX
4428,SEC_0472,Equity
4429,SEC_0162,ETF
4430,SEC_0347,Equity
4431,SEC_0439,Equity
4432,SEC_0361,FX
4433,SEC_0257,Fixed Income
4434,SEC_0072,Equity
4435,SEC_0087,Fixed Income
4436,SEC_0422,Equity
4437,SEC_0262,Derivative
4438,SEC_0214,Equity
4439,SEC_0153,Derivative
4440,SEC_0210,Equity
4441,SEC_0401,Equity
4442,SEC_0061,Equity
4443,SEC_0268,ETF
4444,SEC_0262,Fixed Income
4445,SEC_0218,Derivative
4446,SEC_0283,Fixed Income
4447,SEC_0136,ETF
4448,SEC_0467,Equity
4449,SEC_0380,FX
4450,SEC_0362,Derivative
4451,SEC_0449,FX
4452,SEC_0441,ETF
4453,SEC_0093,FX
4454,SEC_0109,Derivative
4455,SEC_0241,Equity
4456,SEC_0355,Equity
4457,SEC_0424,Equity
4458,SEC_0142,ETF
4459,SEC_0291,Equity
4460,SEC_0432,FX
4461,SEC_0237,Equity
4462,SEC_0340,Derivative
4463,SEC_0312,Equity
4464,SEC_0177,Fixed Income
4465,SEC_0141,Fixed Income
4466,SEC_0189,Equity
4467,SEC_0486,Derivative
4468,SEC_0049,Equity
4469,SEC_0302,Derivative
4470,SEC_0369,Equity
4471,SEC_0190,Derivative
4472,SEC_0136,Equity
4473,SEC_0043,Equity
4474,SEC_0404,Equity
4475,SEC_0380,Derivative
4476,SEC_0353,Derivative
4477,SEC_0090,Equity
4478,SEC_0295,ETF
4479,SEC_0341,Equity
4480,SEC_0245,Equity
4481,SEC_0433,Equity
4482,SEC_0192,Equity
4483,SEC_0318,Equity
4484,SEC_0106,Equity
4485,SEC_0363,Fixed Income
4486,SEC_0310,ETF
4487,SEC_0382,Fixed Income
4488,SEC_0233,Fixed Income
4489,SEC_0265,Equity
4490,SEC_0344,Equity
4491,SEC_0037,Equity
4492,SEC_0305,Fixed Income
4493,SEC_0041,Fixed Income
4494,SEC_0017,Equity
4495,SEC_0344,Equity
4496,SEC_0277,Fixed Income
4497,SEC_0307,Derivative
4498,SEC_0059,Equity
4499,SEC_0423,Equity
4500,SEC_0183,Derivative
4501,SEC_0041,Fixed Income
4502,SEC_0039,ETF
4503,SEC_0397,Equity
4504,SEC_0192,Derivative
4505,SEC_0267,Equity
4506,SEC_0494,Fixed Income
4507,SEC_0147,Equity
4508,SEC_0395,Equity
4509,SEC_0333,FX
4510,SEC_0127,Fixed Income
4511,SEC_0046,Fixed Income
4512,SEC_0045,Fixed Income
4513,SEC_0001,Equity
4514,SEC_0168,Derivative
4515,SEC_0108,Equity
4516,SEC_0019,Derivative
4517,SEC_0332,Fixed Income
4518,SEC_0072,Fixed Income
4519,SEC_0456,Equity
4520,SEC_0445,Equity
4521,SEC_0109,Equity
4522,SEC_0268,Equity
4523,SEC_0445,ETF
4524,SEC_0240,ETF
4525,SEC_0417,Fixed Income
4526,SEC_0301,Equity
4527,SEC_0090,ETF
4528,SEC_0103,Derivative
4529,SEC_0476,Equity
4530,SEC_0250,Fixed Income
4531,SEC_0453,FX
4532,SEC_0008,Equity
4533,SEC_0153,Equity
4534,SEC_0347,Fixed Income
4535,SEC_0174,Equity
4536,SEC_0343,Equity
4537,SEC_0158,Equity
4538,SEC_0493,ETF
4539,SEC_0431,Derivative
4540,SEC_0215,Fixed Income
4541,SEC_0177,Fixed Income
4542,SEC_0175,Derivative
4543,SEC_0340,Fixed Income
4544,SEC_0338,Equity
4545,SEC_0146,Derivative
4546,SEC_0450,Equity
4547,SEC_0324,Fixed Income
4548,SEC_0478,ETF
4549,SEC_0161,Equity
4550,SEC_0127,Derivative
4551,SEC_0420,Equity
4552,SEC_0082,ETF
4553,SEC_0485,Derivative
4554,SEC_0147,ETF
4555,SEC_0239,Derivative
4556,SEC_0412,Equity
4557,SEC_0424,ETF
4558,SEC_0084,FX
4559,SEC_0113,Fixed Income
4560,SEC_0225,Equity
4561,SEC_0332,Equity
4562,SEC_0378,Fixed Income
4563,SEC_0243,Equity
4564,SEC_0143,ETF
4565,SEC_0041,Equity
4566,SEC_0423,Fixed Income
4567,SEC_0258,Derivative
4568,SEC_0447,Equity
4569,SEC_0285,Equity
4570,SEC_0105,Equity
4571,SEC_0202,Fixed Income
4572,SEC_0450,Equity
4573,SEC_0307,ETF
4574,SEC_0331,FX
4575,SEC_0461,Fixed Income
4576,SEC_0266,ETF
4577,SEC_0398,Equity
4578,SEC_0210,Fixed Income
4579,SEC_0051,Fixed Income
4580,SEC_0118,Equity
4581,SEC_0201,ETF
4582,SEC_0377,Derivative
4583,SEC_0039,ETF
4584,SEC_0028,ETF
4585,SEC_0259,Fixed Income
4586,SEC_0084,Derivative
4587,SEC_0454,Fixed Income
4588,SEC_0155,ETF
4589,SEC_0117,Equity
4590,SEC_0002,Equity
4591,SEC_0093,Equity
4592,SEC_0166,Equity
4593,SEC_0387,Equity
4594,SEC_0400,Equity
4595,SEC_0350,Equity
4596,SEC_0296,Equity
4597,SEC_0258,Fixed Income
4598,SEC_0081,Equity
4599,SEC_0425,Fixed Income
4600,SEC_0268,Equity
4601,SEC_0419,Fixed Income
4602,SEC_0235,Equity
4603,SEC_0321,Equity
4604,SEC_0311,Equity
4605,SEC_0301,ETF
4606,SEC_0463,Derivative
4607,SEC_0474,ETF
4608,SEC_0357,Fixed Income
4609,SEC_0213,Equity
4610,SEC_0062,ETF
4611,SEC_0049,Equity
4612,SEC_0127,Equity
4613,SEC_0223,Derivative
4614,SEC_0409,Equity
4615,SEC_0279,Derivative
4616,SEC_0408,Equity
4617,SEC_0294,Equity
4618,SEC_0284,Fixed Income
4619,SEC_0277,Equity
4620,SEC_0438,ETF
4621,SEC_0107,Derivative
4622,SEC_0146,Equity
4623,SEC_0420,Fixed Income
4624,SEC_0099,Derivative
4625,SEC_0429,Derivative
4626,SEC_0375,Equity
4627,SEC_0073,ETF
4628,SEC_0437,ETF
4629,SEC_0486,Equity
4630,SEC_0122,ETF
4631,SEC_0030,Derivative
4632,SEC_0188,ETF
4633,SEC_0364,Equity
4634,SEC_0354,Derivative
4635,SEC_0288,Equity
4636,SEC_0451,Derivative
4637,SEC_0195,Fixed Income
4638,SEC_0156,Fixed Income
4639,SEC_0172,Derivative
4640,SEC_0335,Fixed Income
4641,SEC_0041,Derivative
4642,SEC_0063,ETF
4643,SEC_0023,Derivative
4644,SEC_0360,Equity
4645,SEC_0075,ETF
4646,SEC_0048,FX
4647,SEC_0160,Equity
4648,SEC_0313,Equity
4649,SEC_0118,ETF
4650,SEC_0100,Fixed Income
4651,SEC_0380,Equity
4652,SEC_0417,Fixed Income
4653,SEC_0408,Equity
4654,SEC_0167,ETF
4655,SEC_0290,Fixed Income
4656,SEC_0440,Fixed Income
4657,SEC_0156,Derivative
4658,SEC_0421,Equity
4659,SEC_0007,Equity
4660,SEC_0196,Derivative
4661,SEC_0421,ETF
4662,SEC_0056,Equity
4663,SEC_0321,ETF
4664,SEC_0193,Equity
4665,SEC_0047,Equity
4666,SEC_0148,Equity
4667,SEC_0275,Equity
4668,SEC_0157,Equity
4669,SEC_0202,Equity
4670,SEC_0444,Equity
4671,SEC_0402,Derivative
4672,SEC_0476,Derivative
4673,SEC_0419,Derivative
4674,SEC_0427,Equity
4675,SEC_0495,Equity
4676,SEC_0479,Fixed Income
4677,SEC_0475,Equity
4678,SEC_0126,Derivative
4679,SEC_0395,Fixed Income
4680,SEC_0305,ETF
4681,SEC_0369,Equity
4682,SEC_0294,Equity
4683,SEC_0064,Equity
4684,SEC_0325,Equity
4685,SEC_0392,Fixed Income
4686,SEC_0418,Equity
4687,SEC_0176,Derivative
4688,SEC_0116,Equity
4689,SEC_0440,ETF
4690,SEC_0204,Equity
4691,SEC_0486,Fixed Income
4692,SEC_0321,Equity
4693,SEC_0031,Equity
4694,SEC_0388,Derivative
4695,SEC_0113,Derivative
4696,SEC_0365,Derivative
4697,SEC_0434,Equity
4698,SEC_0325,ETF
4699,SEC_0414,Equity
4700,SEC_0376,Equity
4701,SEC_0344,ETF
4702,SEC_0443,ETF
4703,SEC_0067,Fixed Income
4704,SEC_0075,Equity
4705,SEC_0045,Equity
4706,SEC_0260,Fixed Income
4707,SEC_0154,Derivative
4708,SEC_0155,Equity
4709,SEC_0430,Derivative
4710,SEC_0363,Equity
4711,SEC_0448,Derivative
4712,SEC_0475,Fixed Income
4713,SEC_0234,ETF
4714,SEC_0051,Derivative
4715,SEC_0306,Fixed Income
4716,SEC_0262,Equity
4717,SEC_0315,Fixed Income
4718,SEC_0125,Equity
4719,SEC_0399,ETF
4720,SEC_0245,Equity
4721,SEC_0030,ETF
4722,SEC_0426,Equity
4723,SEC_0485,Equity
4724,SEC_0122,Equity
4725,SEC_0125,Derivative
4726,SEC_0037,Fixed Income
4727,SEC_0170,Equity
4728,SEC_0124,Equity
4729,SEC_0357,Equity
4730,SEC_0035,Equity
4731,SEC_0087,ETF
4732,SEC_0134,Fixed Income
4733,SEC_0196,Equity
4734,SEC_0274,Equity
4735,SEC_0201,Equity
4736,SEC_0369,Derivative
4737,SEC_0285,Derivative
4738,SEC_0077,Derivative
4739,SEC_0059,Derivative
4740,SEC_0431,Equity
4741,SEC_0126,ETF
4742,SEC_0500,Equity
4743,SEC_0401,Derivative
4744,SEC_0109,Equity
4745,SEC_0224,Equity
4746,SEC_0496,Fixed Income
4747,SEC_0278,Equity
4748,SEC_0068,Equity
4749,SEC_0069,Equity
4750,SEC_0165,FX
4751,SEC_0489,Derivative
4752,SEC_0305,Equity
4753,SEC_0397,Equity
4754,SEC_0162,Derivative
4755,SEC_0365,Fixed Income
4756,SEC_0342,Fixed Income
4757,SEC_0309,ETF
4758,SEC_0379,Equity
4759,SEC_0343,Equity
4760,SEC_0435,Derivative
4761,SEC_0387,Derivative
4762,SEC_0042,Fixed Income
4763,SEC_0354,Derivative
4764,SEC_0416,Fixed Income
4765,SEC_0109,Equity
4766,SEC_0051,Equity
4767,SEC_0250,Equity
4768,SEC_0497,Fixed Income
4769,SEC_0341,Equity
4770,SEC_0430,Derivative
4771,SEC_0383,Equity
4772,SEC_0492,Equity
4773,SEC_0021,Equity
4774,SEC_0300,Derivative
4775,SEC_0139,Fixed Income
4776,SEC_0359,FX
4777,SEC_0324,Equity
4778,SEC_0499,Fixed Income
4779,SEC_0385,Derivative
4780,SEC_0092,Derivative
4781,SEC_0447,Equity
4782,SEC_0280,Equity
4783,SEC_0125,ETF
4784,SEC_0483,Fixed Income
4785,SEC_0397,ETF
4786,SEC_0111,Equity
4787,SEC_0354,Equity
4788,SEC_0139,Equity
4789,SEC_0484,Equity
4790,SEC_0435,FX
4791,SEC_0273,Derivative
4792,SEC_0099,Equity
4793,SEC_0252,Equity
4794,SEC_0338,Equity
4795,SEC_0104,ETF
4796,SEC_0214,Equity
4797,SEC_0249,Equity
4798,SEC_0152,Fixed Income
4799,SEC_0250,Fixed Income
4800,SEC_0275,ETF
4801,SEC_0165,Equity
4802,SEC_0487,Equity
4803,SEC_0341,Equity
4804,SEC_0008,Equity
4805,SEC_0284,Equity
4806,SEC_0005,Equity
4807,SEC_0145,ETF
4808,SEC_0101,Derivative
4809,SEC_0164,Derivative
4810,SEC_0374,Derivative
4811,SEC_0147,Equity
4812,SEC_0064,Equity
4813,SEC_0091,Derivative
4814,SEC_0117,Fixed Income
4815,SEC_0354,Derivative
4816,SEC_0267,Derivative
4817,SEC_0310,ETF
4818,SEC_0173,FX
4819,SEC_0047,Equity
4820,SEC_0140,Equity
4821,SEC_0246,Equity
4822,SEC_0149,Derivative
4823,SEC_0246,Equity
4824,SEC_0395,Equity
4825,SEC_0487,ETF
4826,SEC_0476,Equity
4827,SEC_0005,Equity
4828,SEC_0465,Equity
4829,SEC_0184,ETF
4830,SEC_0020,Derivative
4831,SEC_0425,FX
4832,SEC_0046,Fixed Income
4833,SEC_0012,ETF
4834,SEC_0070,Equity
4835,SEC_0017,Equity
4836,SEC_0371,Equity
4837,SEC_0147,Equity
4838,SEC_0154,Equity
4839,SEC_0304,ETF
4840,SEC_0108,Equity
4841,SEC_0236,Derivative
4842,SEC_0308,Derivative
4843,SEC_0352,Equity
4844,SEC_0070,ETF
4845,SEC_0183,FX
4846,SEC_0250,Fixed Income
4847,SEC_0228,Equity
4848,SEC_0102,Derivative
4849,SEC_0075,Equity
4850,SEC_0417,Equity
4851,SEC_0446,Equity
4852,SEC_0216,Equity
4853,SEC_0407,Derivative
4854,SEC_0399,Derivative
4855,SEC_0411,Equity
4856,SEC_0203,Derivative
4857,SEC_0192,Fixed Income
4858,SEC_0249,Equity
4859,SEC_0499,Equity
4860,SEC_0242,Derivative
4861,SEC_0465,Derivative
4862,SEC_0179,Equity
4863,SEC_0437,Equity
4864,SEC_0462,Equity
4865,SEC_0219,Derivative
4866,SEC_0082,ETF
4867,SEC_0092,Fixed Income
4868,SEC_0435,Equity
4869,SEC_0175,Fixed Income
4870,SEC_0239,ETF
4871,SEC_0260,ETF
4872,SEC_0391,ETF
4873,SEC_0365,Derivative
4874,SEC_0163,Equity
4875,SEC_0048,ETF
4876,SEC_0329,ETF
4877,SEC_0328,Equity
4878,SEC_0116,Derivative
4879,SEC_0429,ETF
4880,SEC_0337,ETF
4881,SEC_0337,Derivative
4882,SEC_0369,Fixed Income
4883,SEC_0225,Derivative
4884,SEC_0352,Fixed Income
4885,SEC_0328,Equity
4886,SEC_0147,Equity
4887,SEC_0063,Fixed Income
4888,SEC_0294,Fixed Income
4889,SEC_0323,Fixed Income
4890,SEC_0443,Equity
4891,SEC_0325,Fixed Income
4892,SEC_0013,Derivative
4893,SEC_0431,Derivative
4894,SEC_0494,Fixed Income
4895,SEC_0189,Derivative
4896,SEC_0287,Equity
4897,SEC_0208,Equity
4898,SEC_0114,Equity
4899,SEC_0480,Derivative
4900,SEC_0022,Fixed Income
4901,SEC_0349,Fixed Income
4902,SEC_0214,Derivative
4903,SEC_0171,Equity
4904,SEC_0323,Equity
4905,SEC_0054,Equity
4906,SEC_0394,Equity
4907,SEC_0298,Equity
4908,SEC_0320,ETF
4909,SEC_0126,Fixed Income
4910,SEC_0277,Fixed Income
4911,SEC_0464,Derivative
4912,SEC_0204,Equity
4913,SEC_0194,ETF
4914,SEC_0169,ETF
4915,SEC_0152,Derivative
4916,SEC_0035,Equity
4917,SEC_0184,ETF
4918,SEC_0286,Equity
4919,SEC_0057,FX
4920,SEC_0222,Fixed Income
4921,SEC_0303,Equity
4922,SEC_0163,ETF
4923,SEC_0019,ETF
4924,SEC_0370,ETF
4925,SEC_0264,Equity
4926,SEC_0282,Equity
4927,SEC_0113,ETF
4928,SEC_0488,Equity
4929,SEC_0327,Fixed Income
4930,SEC_0030,Fixed Income
4931,SEC_0135,Equity
4932,SEC_0067,ETF
4933,SEC_0065,Equity
4934,SEC_0292,Fixed Income
4935,SEC_0025,Equity
4936,SEC_0037,Equity
4937,SEC_0001,Equity
4938,SEC_0399,FX
4939,SEC_0037,ETF
4940,SEC_0141,Derivative
4941,SEC_0232,Derivative
4942,SEC_0136,Derivative
4943,SEC_0389,Derivative
4944,SEC_0188,Fixed Income
4945,SEC_0128,Fixed Income
4946,SEC_0201,ETF
4947,SEC_0127,Derivative
4948,SEC_0257,Equity
4949,SEC_0164,Derivative
4950,SEC_0035,Equity
4951,SEC_0194,Derivative
4952,SEC_0191,Derivative
4953,SEC_0104,Derivative
4954,SEC_0023,Equity
4955,SEC_0265,ETF
4956,SEC_0290,FX
4957,SEC_0430,Derivative
4958,SEC_0462,Fixed Income
4959,SEC_0384,Equity
4960,SEC_0260,Equity
4961,SEC_0414,Equity
4962,SEC_0479,Fixed Income
4963,SEC_0358,Equity
4964,SEC_0075,Fixed Income
4965,SEC_0355,FX
4966,SEC_0072,Equity
4967,SEC_0259,Equity
4968,SEC_0398,Equity
4969,SEC_0188,ETF
4970,SEC_0461,Fixed Income
4971,SEC_0173,Equity
4972,SEC_0480,FX
4973,SEC_0290,FX
4974,SEC_0045,Equity
4975,SEC_0061,Equity
4976,SEC_0083,Fixed Income
4977,SEC_0123,Equity
4978,SEC_0358,Equity
4979,SEC_0016,Equity
4980,SEC_0066,Equity
4981,SEC_0424,Equity
4982,SEC_0145,Derivative
4983,SEC_0375,Fixed Income
4984,SEC_0162,ETF
4985,SEC_0234,ETF
4986,SEC_0380,ETF
4987,SEC_0144,Equity
4988,SEC_0358,Fixed Income
4989,SEC_0188,Fixed Income
4990,SEC_0322,ETF
4991,SEC_0450,Fixed Income
4992,SEC_0474,Equity
4993,SEC_0013,Fixed Income
4994,SEC_0184,Equity
4995,SEC_0111,Derivative
4996,SEC_0415,Fixed Income
4997,SEC_0290,Derivative
4998,SEC_0295,Equity
4999,SEC_0451,Fixed Income
5000,SEC_0392,Fixed Income
5001,SEC_0215,FX
5002,SEC_0462,Derivative
5003,SEC_0120,Derivative
5004,SEC_0382,Fixed Income
5005,SEC_0055,ETF
5006,SEC_0027,Equity
5007,SEC_0118,Fixed Income
5008,SEC_0221,FX
5009,SEC_0231,Equity
5010,SEC_0053,Equity
5011,SEC_0295,Equity
5012,SEC_0321,FX
5013,SEC_0401,Equity
5014,SEC_0233,Equity
5015,SEC_0158,Equity
5016,SEC_0437,Derivative
5017,SEC_0269,Equity
5018,SEC_0021,ETF
5019,SEC_0403,Derivative
5020,SEC_0053,Equity
5021,SEC_0275,Fixed Income
5022,SEC_0313,Equity
5023,SEC_0281,Derivative
5024,SEC_0214,Equity
5025,SEC_0031,Equity
5026,SEC_0337,Derivative
5027,SEC_0183,Equity
5028,SEC_0023,Fixed Income
5029,SEC_0032,Derivative
5030,SEC_0446,Derivative
5031,SEC_0074,Equity
5032,SEC_0010,ETF
5033,SEC_0484,Equity
5034,SEC_0456,Fixed Income
5035,SEC_0054,FX
5036,SEC_0052,Equity
5037,SEC_0148,Fixed Income
5038,SEC_0160,Fixed Income
5039,SEC_0370,ETF
5040,SEC_0014,Equity
5041,SEC_0178,Equity
5042,SEC_0412,Fixed Income
5043,SEC_0366,Derivative
5044,SEC_0500,Fixed Income
5045,SEC_0053,Equity
5046,SEC_0408,Equity
5047,SEC_0335,Equity
5048,SEC_0022,Derivative
5049,SEC_0030,ETF
5050,SEC_0191,Equity
5051,SEC_0260,Fixed Income
5052,SEC_0205,Fixed Income
5053,SEC_0059,Equity
5054,SEC_0471,Fixed Income
5055,SEC_0264,Derivative
5056,SEC_0466,Fixed Income
5057,SEC_0012,ETF
5058,SEC_0119,Fixed Income
5059,SEC_0415,Equity
5060,SEC_0462,ETF
5061,SEC_0290,Equity
5062,SEC_0338,Derivative
5063,SEC_0248,Fixed Income
5064,SEC_0354,Derivative
5065,SEC_0127,Fixed Income
5066,SEC_0075,Equity
5067,SEC_0361,Equity
5068,SEC_0204,FX
5069,SEC_0049,FX
5070,SEC_0079,ETF
5071,SEC_0441,FX
5072,SEC_0479,Equity
5073,SEC_0241,Equity
5074,SEC_0349,Derivative
5075,SEC_0154,ETF
5076,SEC_0274,FX
5077,SEC_0096,Fixed Income
5078,SEC_0214,ETF
5079,SEC_0294,Equity
5080,SEC_0209,Equity
5081,SEC_0343,Fixed Income
5082,SEC_0088,Equity
5083,SEC_0306,Derivative
5084,SEC_0264,Equity
5085,SEC_0425,Equity
5086,SEC_0390,Equity
5087,SEC_0325,FX
5088,SEC_0428,Equity
5089,SEC_0377,Equity
5090,SEC_0320,Equity
5091,SEC_0157,Equity
5092,SEC_0156,Derivative
5093,SEC_0139,Equity
5094,SEC_0121,Equity
5095,SEC_0065,Derivative
5096,SEC_0107,Equity
5097,SEC_0147,ETF
5098,SEC_0137,Derivative
5099,SEC_0411,Equity
5100,SEC_0162,Equity
5101,SEC_0428,ETF
5102,SEC_0452,FX
5103,SEC_0100,FX
5104,SEC_0338,Derivative
5105,SEC_0399,Fixed Income
5106,SEC_0307,Equity
5107,SEC_0141,Equity
5108,SEC_0083,Derivative
5109,SEC_0177,ETF
5110,SEC_0198,Equity
5111,SEC_0112,Fixed Income
5112,SEC_0056,ETF
5113,SEC_0460,Equity
5114,SEC_0179,Equity
5115,SEC_0421,Equity
5116,SEC_0401,Equity
5117,SEC_0186,Fixed Income
5118,SEC_0471,Equity
5119,SEC_0218,Equity
5120,SEC_0413,Derivative
5121,SEC_0417,Derivative
5122,SEC_0316,ETF
5123,SEC_0475,ETF
5124,SEC_0217,ETF
5125,SEC_0120,Equity
5126,SEC_0439,Equity
5127,SEC_0394,Equity
5128,SEC_0175,Equity
5129,SEC_0023,Equity
5130,SEC_0213,Derivative
5131,SEC_0405,Derivative
5132,SEC_0235,Equity
5133,SEC_0013,FX
5134,SEC_0101,Equity
5135,SEC_0417,Equity
5136,SEC_0024,Equity
5137,SEC_0364,ETF
5138,SEC_0011,ETF
5139,SEC_0273,Equity
5140,SEC_0452,ETF
5141,SEC_0431,Equity
5142,SEC_0281,Fixed Income
5143,SEC_0094,Fixed Income
5144,SEC_0201,Derivative
5145,SEC_0021,Equity
5146,SEC_0340,Equity
5147,SEC_0467,Equity
5148,SEC_0211,Fixed Income
5149,SEC_0140,Fixed Income
5150,SEC_0293,Derivative
5151,SEC_0298,Equity
5152,SEC_0401,ETF
5153,SEC_0101,ETF
5154,SEC_0304,Equity
5155,SEC_0359,Equity
5156,SEC_0028,Fixed Income
5157,SEC_0041,Equity
5158,SEC_0355,Fixed Income
5159,SEC_0303,Equity
5160,SEC_0496,Derivative
5161,SEC_0146,Equity
5162,SEC_0256,Equity
5163,SEC_0462,Fixed Income
5164,SEC_0227,ETF
5165,SEC_0236,FX
5166,SEC_0361,Equity
5167,SEC_0380,Equity
5168,SEC_0455,Equity
5169,SEC_0489,Derivative
5170,SEC_0013,Equity
5171,SEC_0210,Derivative
5172,SEC_0229,Derivative
5173,SEC_0397,Equity
5174,SEC_0100,Derivative
5175,SEC_0031,Derivative
5176,SEC_0386,Derivative
5177,SEC_0016,ETF
5178,SEC_0137,Equity
5179,SEC_0329,Equity
5180,SEC_0166,Equity
5181,SEC_0459,Equity
5182,SEC_0310,Equity
5183,SEC_0440,ETF
5184,SEC_0470,Equity
5185,SEC_0481,Equity
5186,SEC_0100,FX
5187,SEC_0109,Derivative
5188,SEC_0343,Derivative
5189,SEC_0173,Equity
5190,SEC_0237,Fixed Income
5191,SEC_0162,Equity
5192,SEC_0393,ETF
5193,SEC_0216,ETF
5194,SEC_0264,Equity
5195,SEC_0263,Derivative
5196,SEC_0292,Derivative
5197,SEC_0274,Equity
5198,SEC_0003,Derivative
5199,SEC_0028,Equity
5200,SEC_0326,Equity
5201,SEC_0492,ETF
5202,SEC_0428,FX
5203,SEC_0149,Derivative
5204,SEC_0028,Fixed Income
5205,SEC_0488,Equity
5206,SEC_0310,Equity
5207,SEC_0438,ETF
5208,SEC_0065,Equity
5209,SEC_0356,Equity
5210,SEC_0021,Equity
5211,SEC_0252,Equity
5212,SEC_0235,Equity
5213,SEC_0227,Derivative
5214,SEC_0013,Equity
5215,SEC_0313,Derivative
5216,SEC_0049,Equity
5217,SEC_0118,Fixed Income
5218,SEC_0054,Fixed Income
5219,SEC_0138,Derivative
5220,SEC_0053,Derivative
5221,SEC_0044,FX
5222,SEC_0303,Derivative
5223,SEC_0053,Equity
5224,SEC_0074,Fixed Income
5225,SEC_0046,Fixed Income
5226,SEC_0013,Equity
5227,SEC_0165,Fixed Income
5228,SEC_0102,Fixed Income
5229,SEC_0280,Fixed Income
5230,SEC_0258,Equity
5231,SEC_0470,Equity
5232,SEC_0337,Derivative
5233,SEC_0356,Equity
5234,SEC_0398,Fixed Income
5235,SEC_0138,ETF
5236,SEC_0163,ETF
5237,SEC_0409,ETF
5238,SEC_0387,Equity
5239,SEC_0111,FX
5240,SEC_0102,Equity
5241,SEC_0017,Equity
5242,SEC_0268,Derivative
5243,SEC_0182,Fixed Income
5244,SEC_0372,Fixed Income
5245,SEC_0024,Derivative
5246,SEC_0029,Derivative
5247,SEC_0171,Derivative
5248,SEC_0409,ETF
5249,SEC_0228,Derivative
5250,SEC_0378,Equity
5251,SEC_0188,Equity
5252,SEC_0346,Equity
5253,SEC_0230,Equity
5254,SEC_0321,Derivative
5255,SEC_0340,Equity
5256,SEC_0119,Derivative
5257,SEC_0156,Derivative
5258,SEC_0272,Fixed Income
5259,SEC_0175,Equity
5260,SEC_0465,Equity
5261,SEC_0104,Equity
5262,SEC_0092,Equity
5263,SEC_0186,Derivative
5264,SEC_0460,Fixed Income
5265,SEC_0283,Equity
5266,SEC_0181,Equity
5267,SEC_0170,Fixed Income
5268,SEC_0187,Derivative
5269,SEC_0175,Derivative
5270,SEC_0222,Equity
5271,SEC_0233,ETF
5272,SEC_0162,Fixed Income
5273,SEC_0421,Equity
5274,SEC_0134,Equity
5275,SEC_0391,Equity
5276,SEC_0480,Fixed Income
5277,SEC_0224,Derivative
5278,SEC_0153,Equity
5279,SEC_0033,ETF
5280,SEC_0055,Fixed Income
5281,SEC_0442,ETF
5282,SEC_0007,Derivative
5283,SEC_0244,Equity
5284,SEC_0313,Equity
5285,SEC_0126,Derivative
5286,SEC_0012,Equity
5287,SEC_0016,Equity
5288,SEC_0208,ETF
5289,SEC_0043,ETF
5290,SEC_0373,Derivative
5291,SEC_0484,Derivative
5292,SEC_0461,Equity
5293,SEC_0135,Equity
5294,SEC_0228,Derivative
5295,SEC_0111,Equity
5296,SEC_0307,Equity
5297,SEC_0457,Derivative
5298,SEC_0160,Equity
5299,SEC_0331,Derivative
5300,SEC_0264,Fixed Income
5301,SEC_0225,Equity
5302,SEC_0471,FX
5303,SEC_0217,Derivative
5304,SEC_0456,Equity
5305,SEC_0045,ETF
5306,SEC_0214,Equity
5307,SEC_0059,Equity
5308,SEC_0132,Fixed Income
5309,SEC_0104,Equity
5310,SEC_0195,Fixed Income
5311,SEC_0413,Derivative
5312,SEC_0489,Derivative
5313,SEC_0157,ETF
5314,SEC_0098,ETF
5315,SEC_0226,ETF
5316,SEC_0412,Fixed Income
5317,SEC_0205,Equity
5318,SEC_0079,Equity
5319,SEC_0124,Equity
5320,SEC_0471,Equity
5321,SEC_0428,Derivative
5322,SEC_0218,Derivative
5323,SEC_0004,Equity
5324,SEC_0090,ETF
5325,SEC_0104,Fixed Income
5326,SEC_0393,Equity
5327,SEC_0119,Equity
5328,SEC_0133,Equity
5329,SEC_0312,Equity
5330,SEC_0096,ETF
5331,SEC_0468,Derivative
5332,SEC_0434,Equity
5333,SEC_0331,Equity
5334,SEC_0143,FX
5335,SEC_0288,ETF
5336,SEC_0028,Equity
5337,SEC_0278,Fixed Income
5338,SEC_0233,ETF
5339,SEC_0017,Derivative
5340,SEC_0059,ETF
5341,SEC_0090,Equity
5342,SEC_0492,Derivative
5343,SEC_0199,Equity
5344,SEC_0362,FX
5345,SEC_0441,Equity
5346,SEC_0026,Derivative
5347,SEC_0025,Equity
5348,SEC_0394,Derivative
5349,SEC_0301,Derivative
5350,SEC_0339,ETF
5351,SEC_0267,Derivative
5352,SEC_0461,Fixed Income
5353,SEC_0181,Derivative
5354,SEC_0456,Equity
5355,SEC_0360,Derivative
5356,SEC_0068,Derivative
5357,SEC_0495,Equity
5358,SEC_0351,ETF
5359,SEC_0412,Equity
5360,SEC_0459,Equity
5361,SEC_0491,Equity
5362,SEC_0321,Equity
5363,SEC_0049,Equity
5364,SEC_0175,Equity
5365,SEC_0052,Equity
5366,SEC_0102,Derivative
5367,SEC_0216,Equity
5368,SEC_0438,Fixed Income
5369,SEC_0188,Equity
5370,SEC_0057,ETF
5371,SEC_0047,ETF
5372,SEC_0159,Fixed Income
5373,SEC_0489,Derivative
5374,SEC_0174,Fixed Income
5375,SEC_0242,Equity
5376,SEC_0282,Equity
5377,SEC_0241,Derivative
5378,SEC_0370,Equity
5379,SEC_0005,ETF
5380,SEC_0084,ETF
5381,SEC_0308,Equity
5382,SEC_0361,Fixed Income
5383,SEC_0459,Fixed Income
5384,SEC_0248,ETF
5385,SEC_0054,Derivative
5386,SEC_0161,FX
5387,SEC_0434,Derivative
5388,SEC_0422,Equity
5389,SEC_0411,ETF
5390,SEC_0226,Equity
5391,SEC_0015,Equity
5392,SEC_0224,Equity
5393,SEC_0061,Equity
5394,SEC_0122,Fixed Income
5395,SEC_0277,Equity
5396,SEC_0046,Fixed Income
5397,SEC_0453,Equity
5398,SEC_0390,Equity
5399,SEC_0294,Equity
5400,SEC_0062,ETF
5401,SEC_0086,Derivative
5402,SEC_0446,Equity
5403,SEC_0210,Fixed Income
5404,SEC_0078,ETF
5405,SEC_0202,Equity
5406,SEC_0302,Fixed Income
5407,SEC_0397,ETF
5408,SEC_0223,Equity
5409,SEC_0222,Derivative
5410,SEC_0003,Equity
5411,SEC_0478,ETF
5412,SEC_0006,Equity
5413,SEC_0093,ETF
5414,SEC_0008,Derivative
5415,SEC_0428,Equity
5416,SEC_0493,Derivative
5417,SEC_0235,ETF
5418,SEC_0108,Equity
5419,SEC_0161,ETF
5420,SEC_0209,Equity
5421,SEC_0240,Equity
5422,SEC_0331,Equity
5423,SEC_0333,ETF
5424,SEC_0050,ETF
5425,SEC_0011,ETF
5426,SEC_0351,Equity
5427,SEC_0156,ETF
5428,SEC_0492,Equity
5429,SEC_0070,Equity
5430,SEC_0169,Equity
5431,SEC_0272,ETF
5432,SEC_0068,FX
5433,SEC_0355,Equity
5434,SEC_0252,FX
5435,SEC_0048,Equity
5436,SEC_0184,Equity
5437,SEC_0320,Equity
5438,SEC_0187,Equity
5439,SEC_0090,Equity
5440,SEC_0446,Derivative
5441,SEC_0332,Equity
5442,SEC_0139,Fixed Income
5443,SEC_0357,Derivative
5444,SEC_0089,Fixed Income
5445,SEC_0274,Equity
5446,SEC_0019,Equity
5447,SEC_0471,Equity
5448,SEC_0311,Equity
5449,SEC_0358,Fixed Income
5450,SEC_0374,Fixed Income
5451,SEC_0466,Equity
5452,SEC_0154,Derivative
5453,SEC_0390,Equity
5454,SEC_0260,Fixed Income
5455,SEC_0108,Derivative
5456,SEC_0371,Derivative
5457,SEC_0285,Equity
5458,SEC_0059,Derivative
5459,SEC_0125,Derivative
5460,SEC_0354,Equity
5461,SEC_0273,ETF
5462,SEC_0107,Equity
5463,SEC_0299,Equity
5464,SEC_0245,Derivative
5465,SEC_0336,ETF
5466,SEC_0450,Equity
5467,SEC_0418,Fixed Income
5468,SEC_0247,Equity
5469,SEC_0008,Equity
5470,SEC_0141,Equity
5471,SEC_0362,Derivative
5472,SEC_0008,Equity
5473,SEC_0478,Equity
5474,SEC_0352,Equity
5475,SEC_0484,Equity
5476,SEC_0495,Equity
5477,SEC_0094,Equity
5478,SEC_0321,ETF
5479,SEC_0427,Fixed Income
5480,SEC_0039,Equity
5481,SEC_0081,Equity
5482,SEC_0187,Equity
5483,SEC_0084,Equity
5484,SEC_0088,ETF
5485,SEC_0242,Derivative
5486,SEC_0342,Equity
5487,SEC_0093,Derivative
5488,SEC_0086,Derivative
5489,SEC_0044,Fixed Income
5490,SEC_0137,Equity
5491,SEC_0421,Equity
5492,SEC_0074,Equity
5493,SEC_0036,Equity
5494,SEC_0101,Derivative
5495,SEC_0476,Fixed Income
5496,SEC_0156,Equity
5497,SEC_0426,Equity
5498,SEC_0255,Fixed Income
5499,SEC_0171,Derivative
5500,SEC_0469,Derivative
5501,SEC_0216,Derivative
5502,SEC_0170,Derivative
5503,SEC_0252,Equity
5504,SEC_0360,ETF
5505,SEC_0322,Equity
5506,SEC_0055,Equity
5507,SEC_0456,Equity
5508,SEC_0432,Equity
5509,SEC_0091,Equity
5510,SEC_0278,Derivative
5511,SEC_0101,Derivative
5512,SEC_0155,Equity
5513,SEC_0377,Equity
5514,SEC_0349,Fixed Income
5515,SEC_0451,Equity
5516,SEC_0364,Derivative
5517,SEC_0141,Equity
5518,SEC_0173,ETF
5519,SEC_0010,Equity
5520,SEC_0228,Equity
5521,SEC_0265,Derivative
5522,SEC_0438,Fixed Income
5523,SEC_0248,Equity
5524,SEC_0247,Derivative
5525,SEC_0155,Fixed Income
5526,SEC_0034,Equity
5527,SEC_0499,Derivative
5528,SEC_0129,Equity
5529,SEC_0160,ETF
5530,SEC_0089,Equity
5531,SEC_0093,Derivative
5532,SEC_0327,Fixed Income
5533,SEC_0241,Equity
5534,SEC_0323,Derivative
5535,SEC_0468,Equity
5536,SEC_0404,Derivative
5537,SEC_0117,Equity
5538,SEC_0094,Equity
5539,SEC_0163,Fixed Income
5540,SEC_0099,Derivative
5541,SEC_0113,FX
5542,SEC_0359,Equity
5543,SEC_0091,Derivative
5544,SEC_0346,Fixed Income
5545,SEC_0206,FX
5546,SEC_0017,Equity
5547,SEC_0274,Fixed Income
5548,SEC_0173,Equity
5549,SEC_0116,Equity
5550,SEC_0349,Derivative
5551,SEC_0468,Derivative
5552,SEC_0181,Derivative
5553,SEC_0091,Equity
5554,SEC_0082,Derivative
5555,SEC_0324,Equity
5556,SEC_0449,Derivative
5557,SEC_0114,Equity
5558,SEC_0257,Equity
5559,SEC_0058,ETF
5560,SEC_0154,Equity
5561,SEC_0365,Derivative
5562,SEC_0404,Equity
5563,SEC_0116,Derivative
5564,SEC_0343,Equity
5565,SEC_0266,Fixed Income
5566,SEC_0315,Equity
5567,SEC_0203,ETF
5568,SEC_0041,Equity
5569,SEC_0105,Equity
5570,SEC_0389,FX
5571,SEC_0378,Equity
5572,SEC_0193,ETF
5573,SEC_0401,Equity
5574,SEC_0278,Equity
5575,SEC_0354,Fixed Income
5576,SEC_0237,ETF
5577,SEC_0425,Fixed Income
5578,SEC_0221,Derivative
5579,SEC_0068,Derivative
5580,SEC_0197,ETF
5581,SEC_0256,Derivative
5582,SEC_0139,ETF
5583,SEC_0312,Equity
5584,SEC_0435,Equity
5585,SEC_0149,Equity
5586,SEC_0099,ETF
5587,SEC_0076,Derivative
5588,SEC_0282,Derivative
5589,SEC_0371,Equity
5590,SEC_0403,Equity
5591,SEC_0109,Derivative
5592,SEC_0188,Equity
5593,SEC_0199,FX
5594,SEC_0303,Fixed Income
5595,SEC_0327,Equity
5596,SEC_0154,ETF
5597,SEC_0040,Equity
5598,SEC_0133,ETF
5599,SEC_0405,Fixed Income
5600,SEC_0462,Equity
5601,SEC_0132,Derivative
5602,SEC_0279,Derivative
5603,SEC_0362,Derivative
5604,SEC_0084,FX
5605,SEC_0399,Derivative
5606,SEC_0242,ETF
5607,SEC_0116,Equity
5608,SEC_0109,Equity
5609,SEC_0221,Equity
5610,SEC_0392,ETF
5611,SEC_0041,Fixed Income
5612,SEC_0368,Equity
5613,SEC_0147,Equity
5614,SEC_0112,Equity
5615,SEC_0103,Derivative
5616,SEC_0046,Derivative
5617,SEC_0412,ETF
5618,SEC_0494,Derivative
5619,SEC_0475,Equity
5620,SEC_0324,Derivative
5621,SEC_0378,Fixed Income
5622,SEC_0271,Derivative
5623,SEC_0483,Fixed Income
5624,SEC_0421,Fixed Income
5625,SEC_0385,Equity
5626,SEC_0195,ETF
5627,SEC_0367,Equity
5628,SEC_0280,Fixed Income
5629,SEC_0283,Equity
5630,SEC_0040,Equity
5631,SEC_0447,ETF
5632,SEC_0189,Equity
5633,SEC_0164,Equity
5634,SEC_0482,Equity
5635,SEC_0477,Fixed Income
5636,SEC_0024,Fixed Income
5637,SEC_0024,Equity
5638,SEC_0490,Derivative
5639,SEC_0004,ETF
5640,SEC_0323,Equity
5641,SEC_0290,Derivative
5642,SEC_0441,Fixed Income
5643,SEC_0433,Equity
5644,SEC_0471,FX
5645,SEC_0181,Equity
5646,SEC_0248,Derivative
5647,SEC_0116,Equity
5648,SEC_0279,Fixed Income
5649,SEC_0365,Equity
5650,SEC_0069,ETF
5651,SEC_0351,Fixed Income
5652,SEC_0254,Derivative
5653,SEC_0181,ETF
5654,SEC_0318,Equity
5655,SEC_0169,ETF
5656,SEC_0313,Derivative
5657,SEC_0249,Equity
5658,SEC_0188,Equity
5659,SEC_0054,Derivative
5660,SEC_0326,Fixed Income
5661,SEC_0357,Fixed Income
5662,SEC_0313,ETF
5663,SEC_0138,ETF
5664,SEC_0168,Equity
5665,SEC_0391,Equity
5666,SEC_0103,ETF
5667,SEC_0422,Derivative
5668,SEC_0085,Derivative
5669,SEC_0317,Equity
5670,SEC_0212,FX
5671,SEC_0003,Fixed Income
5672,SEC_0384,Equity
5673,SEC_0179,Derivative
5674,SEC_0342,Equity
5675,SEC_0303,FX
5676,SEC_0452,Equity
5677,SEC_0476,Equity
5678,SEC_0332,Fixed Income
5679,SEC_0038,Equity
5680,SEC_0499,Equity
5681,SEC_0420,Equity
5682,SEC_0239,FX
5683,SEC_0169,Equity
5684,SEC_0453,Equity
5685,SEC_0397,ETF
5686,SEC_0343,Equity
5687,SEC_0314,Equity
5688,SEC_0306,Equity
5689,SEC_0030,ETF
5690,SEC_0190,Fixed Income
5691,SEC_0357,Equity
5692,SEC_0025,Derivative
5693,SEC_0112,Derivative
5694,SEC_0411,ETF
5695,SEC_0435,Derivative
5696,SEC_0206,Equity
5697,SEC_0185,Fixed Income
5698,SEC_0382,Equity
5699,SEC_0496,Derivative
5700,SEC_0379,Fixed Income
5701,SEC_0047,Derivative
5702,SEC_0374,Equity
5703,SEC_0228,Equity
5704,SEC_0039,Equity
5705,SEC_0016,ETF
5706,SEC_0022,Equity
5707,SEC_0213,Derivative
5708,SEC_0310,Equity
5709,SEC_0149,Equity
5710,SEC_0456,Equity
5711,SEC_0241,Derivative
5712,SEC_0272,Derivative
5713,SEC_0059,FX
5714,SEC_0287,Derivative
5715,SEC_0426,Equity
5716,SEC_0202,FX
5717,SEC_0032,FX
5718,SEC_0443,Derivative
5719,SEC_0162,Fixed Income
5720,SEC_0255,Equity
5721,SEC_0254,ETF
5722,SEC_0009,ETF
5723,SEC_0465,Derivative
5724,SEC_0139,Equity
5725,SEC_0480,Fixed Income
5726,SEC_0010,Equity
5727,SEC_0214,Equity
5728,SEC_0273,ETF
5729,SEC_0324,Fixed Income
5730,SEC_0048,Fixed Income
5731,SEC_0436,ETF
5732,SEC_0111,ETF
5733,SEC_0153,Fixed Income
5734,SEC_0123,Equity
5735,SEC_0405,Equity
5736,SEC_0357,ETF
5737,SEC_0102,ETF
5738,SEC_0241,Fixed Income
5739,SEC_0321,Equity
5740,SEC_0191,FX
5741,SEC_0217,Equity
5742,SEC_0051,Equity
5743,SEC_0292,ETF
5744,SEC_0081,Equity
5745,SEC_0489,Derivative
5746,SEC_0383,Equity
5747,SEC_0088,Derivative
5748,SEC_0194,Derivative
5749,SEC_0104,Equity
5750,SEC_0271,Equity
5751,SEC_0096,Equity
5752,SEC_0423,Derivative
5753,SEC_0379,Fixed Income
5754,SEC_0198,Equity
5755,SEC_0001,Equity
5756,SEC_0495,Equity
5757,SEC_0407,Equity
5758,SEC_0378,Derivative
5759,SEC_0167,FX
5760,SEC_0126,Equity
5761,SEC_0313,Derivative
5762,SEC_0081,Fixed Income
5763,SEC_0418,Derivative
5764,SEC_0251,Derivative
5765,SEC_0169,Derivative
5766,SEC_0477,Derivative
5767,SEC_0073,Derivative
5768,SEC_0141,Derivative
5769,SEC_0070,Derivative
5770,SEC_0262,Equity
5771,SEC_0340,Equity
5772,SEC_0308,Equity
5773,SEC_0245,Equity
5774,SEC_0003,Derivative
5775,SEC_0337,ETF
5776,SEC_0063,Derivative
5777,SEC_0049,ETF
5778,SEC_0076,Equity
5779,SEC_0368,Derivative
5780,SEC_0175,Equity
5781,SEC_0109,ETF
5782,SEC_0183,Derivative
5783,SEC_0192,ETF
5784,SEC_0065,Derivative
5785,SEC_0337,Equity
5786,SEC_0451,Equity
5787,SEC_0474,ETF
5788,SEC_0271,Fixed Income
5789,SEC_0100,ETF
5790,SEC_0032,Equity
5791,SEC_0352,Equity
5792,SEC_0128,Equity
5793,SEC_0452,Derivative
5794,SEC_0402,Equity
5795,SEC_0369,Derivative
5796,SEC_0339,Equity
5797,SEC_0043,Fixed Income
5798,SEC_0372,Derivative
5799,SEC_0419,Equity
5800,SEC_0488,Equity
5801,SEC_0078,Derivative
5802,SEC_0314,ETF
5803,SEC_0289,Equity
5804,SEC_0270,FX
5805,SEC_0162,ETF
5806,SEC_0189,FX
5807,SEC_0247,ETF
5808,SEC_0388,ETF
5809,SEC_0216,ETF
5810,SEC_0315,Derivative
5811,SEC_0413,Fixed Income
5812,SEC_0339,Equity
5813,SEC_0390,Equity
5814,SEC_0377,Equity
5815,SEC_0481,Equity
5816,SEC_0433,Equity
5817,SEC_0168,Equity
5818,SEC_0339,Equity
5819,SEC_0193,Equity
5820,SEC_0453,Equity
5821,SEC_0283,Equity
5822,SEC_0336,Derivative
5823,SEC_0390,Derivative
5824,SEC_0488,ETF
5825,SEC_0013,Derivative
5826,SEC_0240,Equity
5827,SEC_0320,Derivative
5828,SEC_0446,Derivative
5829,SEC_0483,Fixed Income
5830,SEC_0147,Derivative
5831,SEC_0204,Equity
5832,SEC_0080,Fixed Income
5833,SEC_0379,Fixed Income
5834,SEC_0043,Derivative
5835,SEC_0458,Equity
5836,SEC_0089,Equity
5837,SEC_0148,Fixed Income
5838,SEC_0095,ETF
5839,SEC_0452,Equity
5840,SEC_0428,Derivative
5841,SEC_0151,Equity
5842,SEC_0002,Equity
5843,SEC_0376,Equity
5844,SEC_0022,Fixed Income
5845,SEC_0371,Derivative
5846,SEC_0313,FX
5847,SEC_0485,Fixed Income
5848,SEC_0328,Equity
5849,SEC_0007,Equity
5850,SEC_0206,Derivative
5851,SEC_0440,Equity
5852,SEC_0375,Equity
5853,SEC_0451,Derivative
5854,SEC_0114,ETF
5855,SEC_0272,Equity
5856,SEC_0083,FX
5857,SEC_0179,Equity
5858,SEC_0210,Equity
5859,SEC_0500,Derivative
5860,SEC_0464,Fixed Income
5861,SEC_0328,Equity
5862,SEC_0124,ETF
5863,SEC_0481,Fixed Income
5864,SEC_0113,Derivative
5865,SEC_0012,Equity
5866,SEC_0126,Equity
5867,SEC_0053,Fixed Income
5868,SEC_0331,Equity
5869,SEC_0389,Equity
5870,SEC_0283,FX
5871,SEC_0140,Equity
5872,SEC_0401,Equity
5873,SEC_0390,Fixed Income
5874,SEC_0097,Derivative
5875,SEC_0005,FX
5876,SEC_0057,ETF
5877,SEC_0412,ETF
5878,SEC_0334,ETF
5879,SEC_0069,Derivative
5880,SEC_0118,Derivative
5881,SEC_0376,Equity
5882,SEC_0059,Fixed Income
5883,SEC_0033,Derivative
5884,SEC_0318,Equity
5885,SEC_0050,Equity
5886,SEC_0368,Fixed Income
5887,SEC_0489,ETF
5888,SEC_0019,Equity
5889,SEC_0214,Equity
5890,SEC_0197,Derivative
5891,SEC_0379,Equity
5892,SEC_0450,Derivative
5893,SEC_0478,Derivative
5894,SEC_0047,Equity
5895,SEC_0167,Derivative
5896,SEC_0452,Equity
5897,SEC_0289,Derivative
5898,SEC_0141,Equity
5899,SEC_0084,Equity
5900,SEC_0182,Equity
5901,SEC_0391,Derivative
5902,SEC_0079,Derivative
5903,SEC_0215,Derivative
5904,SEC_0014,Derivative
5905,SEC_0215,Derivative
5906,SEC_0403,Equity
5907,SEC_0128,Derivative
5908,SEC_0310,Equity
5909,SEC_0477,ETF
5910,SEC_0248,Derivative
5911,SEC_0404,ETF
5912,SEC_0029,Derivative
5913,SEC_0280,Equity
5914,SEC_0338,Equity
5915,SEC_0319,Derivative
5916,SEC_0202,Equity
5917,SEC_0361,Equity
5918,SEC_0057,Equity
5919,SEC_0392,Equity
5920,SEC_0218,Equity
5921,SEC_0062,Derivative
5922,SEC_0157,Fixed Income
5923,SEC_0202,Equity
5924,SEC_0017,FX
5925,SEC_0322,Equity
5926,SEC_0006,Derivative
5927,SEC_0058,Fixed Income
5928,SEC_0325,Equity
5929,SEC_0412,Equity
5930,SEC_0318,Derivative
5931,SEC_0169,Equity
5932,SEC_0453,ETF
5933,SEC_0082,ETF
5934,SEC_0474,Derivative
5935,SEC_0468,Equity
5936,SEC_0425,Equity
5937,SEC_0433,Equity
5938,SEC_0219,Equity
5939,SEC_0177,ETF
5940,SEC_0204,Equity
5941,SEC_0071,Equity
5942,SEC_0387,ETF
5943,SEC_0266,Equity
5944,SEC_0098,Fixed Income
5945,SEC_0345,ETF
5946,SEC_0291,Equity
5947,SEC_0208,Derivative
5948,SEC_0002,Equity
5949,SEC_0124,FX
5950,SEC_0280,Equity
5951,SEC_0074,Derivative
5952,SEC_0166,Equity
5953,SEC_0022,Equity
5954,SEC_0154,Fixed Income
5955,SEC_0427,Equity
5956,SEC_0439,Derivative
5957,SEC_0295,Derivative
5958,SEC_0219,Fixed Income
5959,SEC_0157,Equity
5960,SEC_0495,ETF
5961,SEC_0230,FX
5962,SEC_0020,Equity
5963,SEC_0475,Derivative
5964,SEC_0041,FX
5965,SEC_0438,Equity
5966,SEC_0148,Equity
5967,SEC_0108,ETF
5968,SEC_0403,Equity
5969,SEC_0084,Derivative
5970,SEC_0483,Equity
5971,SEC_0367,Fixed Income
5972,SEC_0322,Equity
5973,SEC_0414,Equity
5974,SEC_0309,Derivative
5975,SEC_0290,Derivative
5976,SEC_0406,Derivative
5977,SEC_0323,Equity
5978,SEC_0134,Equity
5979,SEC_0207,Equity
5980,SEC_0283,Derivative
5981,SEC_0266,Derivative
5982,SEC_0073,FX
5983,SEC_0481,Derivative
5984,SEC_0352,Equity
5985,SEC_0048,Fixed Income
5986,SEC_0326,Equity
5987,SEC_0233,Equity
5988,SEC_0443,Equity
5989,SEC_0100,FX
5990,SEC_0059,Equity
5991,SEC_0258,Equity
5992,SEC_0413,Equity
5993,SEC_0452,Equity
5994,SEC_0065,Derivative
5995,SEC_0083,FX
5996,SEC_0154,Fixed Income
5997,SEC_0473,Fixed Income
5998,SEC_0266,Equity
5999,SEC_0309,Derivative
6000,SEC_0079,ETF
6001,SEC_0315,Equity
6002,SEC_0150,Equity
6003,SEC_0435,Equity
6004,SEC_0048,Derivative
6005,SEC_0405,Fixed Income
6006,SEC_0379,ETF
6007,SEC_0248,Fixed Income
6008,SEC_0278,Equity
6009,SEC_0356,Fixed Income
6010,SEC_0098,ETF
6011,SEC_0414,Derivative
6012,SEC_0025,Equity
6013,SEC_0493,Equity
6014,SEC_0284,Equity
6015,SEC_0449,ETF
6016,SEC_0369,FX
6017,SEC_0301,Derivative
6018,SEC_0068,Equity
6019,SEC_0007,ETF
6020,SEC_0305,Equity
6021,SEC_0137,Equity
6022,SEC_0164,Equity
6023,SEC_0083,Equity
6024,SEC_0385,ETF
6025,SEC_0138,Equity
6026,SEC_0420,Equity
6027,SEC_0073,ETF
6028,SEC_0237,Derivative
6029,SEC_0046,Equity
6030,SEC_0106,Equity
6031,SEC_0416,Derivative
6032,SEC_0288,Fixed Income
6033,SEC_0262,Equity
6034,SEC_0176,Equity
6035,SEC_0166,Fixed Income
6036,SEC_0145,Fixed Income
6037,SEC_0330,Derivative
6038,SEC_0370,Derivative
6039,SEC_0283,Derivative
6040,SEC_0054,Derivative
6041,SEC_0178,Derivative
6042,SEC_0419,Derivative
6043,SEC_0244,ETF
6044,SEC_0341,Fixed Income
6045,SEC_0127,Fixed Income
6046,SEC_0409,Derivative
6047,SEC_0412,Equity
6048,SEC_0367,Derivative
6049,SEC_0271,ETF
6050,SEC_0132,Equity
6051,SEC_0093,FX
6052,SEC_0379,Equity
6053,SEC_0073,Derivative
6054,SEC_0411,Fixed Income
6055,SEC_0410,Derivative
6056,SEC_0403,Equity
6057,SEC_0248,Derivative
6058,SEC_0348,Equity
6059,SEC_0273,Derivative
6060,SEC_0043,Fixed Income
6061,SEC_0377,Derivative
6062,SEC_0041,Equity
6063,SEC_0170,Derivative
6064,SEC_0434,Derivative
6065,SEC_0212,Fixed Income
6066,SEC_0493,Equity
6067,SEC_0168,Equity
6068,SEC_0039,ETF
6069,SEC_0369,Derivative
6070,SEC_0245,Derivative
6071,SEC_0151,ETF
6072,SEC_0111,Equity
6073,SEC_0480,FX
6074,SEC_0436,Derivative
6075,SEC_0047,ETF
6076,SEC_0063,Equity
6077,SEC_0225,Equity
6078,SEC_0366,Equity
6079,SEC_0069,Equity
6080,SEC_0299,Fixed Income
6081,SEC_0432,Equity
6082,SEC_0290,Equity
6083,SEC_0296,ETF
6084,SEC_0203,ETF
6085,SEC_0061,Equity
6086,SEC_0434,Derivative
6087,SEC_0451,ETF
6088,SEC_0318,Fixed Income
6089,SEC_0314,Equity
6090,SEC_0161,Equity
6091,SEC_0331,Equity
6092,SEC_0016,Derivative
6093,SEC_0338,Equity
6094,SEC_0094,Derivative
6095,SEC_0304,Fixed Income
6096,SEC_0138,Equity
6097,SEC_0338,Equity
6098,SEC_0038,Equity
6099,SEC_0127,Derivative
6100,SEC_0275,Derivative
6101,SEC_0164,Equity
6102,SEC_0443,Equity
6103,SEC_0319,Derivative
6104,SEC_0077,Equity
6105,SEC_0174,FX
6106,SEC_0387,Fixed Income
6107,SEC_0458,Derivative
6108,SEC_0358,Equity
6109,SEC_0321,ETF
6110,SEC_0376,Equity
6111,SEC_0091,Equity
6112,SEC_0238,Equity
6113,SEC_0264,ETF
6114,SEC_0179,Equity
6115,SEC_0494,ETF
6116,SEC_0490,Equity
6117,SEC_0209,Equity
6118,SEC_0073,Derivative
6119,SEC_0390,Derivative
6120,SEC_0107,Derivative
6121,SEC_0345,Equity
6122,SEC_0295,ETF
6123,SEC_0369,Equity
6124,SEC_0444,Equity
6125,SEC_0284,Fixed Income
6126,SEC_0353,Equity
6127,SEC_0182,Fixed Income
6128,SEC_0037,Fixed Income
6129,SEC_0137,ETF
6130,SEC_0338,FX
6131,SEC_0056,Equity
6132,SEC_0187,Derivative
6133,SEC_0341,Equity
6134,SEC_0258,Fixed Income
6135,SEC_0445,Equity
6136,SEC_0058,Equity
6137,SEC_0363,Fixed Income
6138,SEC_0123,Derivative
6139,SEC_0188,Equity
6140,SEC_0230,Derivative
6141,SEC_0168,ETF
6142,SEC_0420,Equity
6143,SEC_0114,Derivative
6144,SEC_0252,Equity
6145,SEC_0107,Fixed Income
6146,SEC_0037,Derivative
6147,SEC_0335,Equity
6148,SEC_0092,Equity
6149,SEC_0018,Fixed Income
6150,SEC_0354,Derivative
6151,SEC_0063,Equity
6152,SEC_0150,Equity
6153,SEC_0139,Derivative
6154,SEC_0186,Equity
6155,SEC_0185,Equity
6156,SEC_0205,Equity
6157,SEC_0260,Equity
6158,SEC_0214,FX
6159,SEC_0256,Fixed Income
6160,SEC_0135,Equity
6161,SEC_0061,Fixed Income
6162,SEC_0363,Equity
6163,SEC_0310,Derivative
6164,SEC_0088,ETF
6165,SEC_0324,Derivative
6166,SEC_0476,Equity
6167,SEC_0207,Equity
6168,SEC_0129,Equity
6169,SEC_0311,ETF
6170,SEC_0003,Equity
6171,SEC_0462,ETF
6172,SEC_0422,Equity
6173,SEC_0242,Equity
6174,SEC_0121,ETF
6175,SEC_0385,Equity
6176,SEC_0102,Fixed Income
6177,SEC_0038,Equity
6178,SEC_0341,Equity
6179,SEC_0496,FX
6180,SEC_0413,ETF
6181,SEC_0133,Derivative
6182,SEC_0497,Equity
6183,SEC_0202,Derivative
6184,SEC_0348,Equity
6185,SEC_0021,Fixed Income
6186,SEC_0242,Fixed Income
6187,SEC_0455,Equity
6188,SEC_0451,Derivative
6189,SEC_0109,Equity
6190,SEC_0303,Fixed Income
6191,SEC_0084,ETF
6192,SEC_0083,Equity
6193,SEC_0291,Equity
6194,SEC_0452,Derivative
6195,SEC_0069,Derivative
6196,SEC_0129,Equity
6197,SEC_0196,Equity
6198,SEC_0140,Derivative
6199,SEC_0444,Equity
6200,SEC_0283,Derivative
6201,SEC_0312,Equity
6202,SEC_0234,Equity
6203,SEC_0023,Derivative
6204,SEC_0153,Fixed Income
6205,SEC_0277,Equity
6206,SEC_0061,Equity
6207,SEC_0319,Equity
6208,SEC_0378,Equity
6209,SEC_0052,Equity
6210,SEC_0344,Equity
6211,SEC_0153,ETF
6212,SEC_0237,Derivative
6213,SEC_0311,ETF
6214,SEC_0302,Equity
6215,SEC_0032,Fixed Income
6216,SEC_0055,Equity
6217,SEC_0352,Equity
6218,SEC_0389,Fixed Income
6219,SEC_0036,FX
6220,SEC_0110,Equity
6221,SEC_0490,Equity
6222,SEC_0177,Equity
6223,SEC_0362,Equity
6224,SEC_0314,Fixed Income
6225,SEC_0295,Equity
6226,SEC_0336,Fixed Income
6227,SEC_0097,Fixed Income
6228,SEC_0369,Equity
6229,SEC_0213,Equity
6230,SEC_0317,Equity
6231,SEC_0137,Equity
6232,SEC_0006,Derivative
6233,SEC_0499,Equity
6234,SEC_0109,ETF
6235,SEC_0035,Equity
6236,SEC_0039,Derivative
6237,SEC_0150,ETF
6238,SEC_0425,ETF
6239,SEC_0118,Fixed Income
6240,SEC_0261,Equity
6241,SEC_0426,FX
6242,SEC_0087,Equity
6243,SEC_0465,Derivative
6244,SEC_0076,Derivative
6245,SEC_0471,Derivative
6246,SEC_0464,Equity
6247,SEC_0451,Fixed Income
6248,SEC_0414,Equity
6249,SEC_0313,Derivative
6250,SEC_0383,Fixed Income
6251,SEC_0214,Fixed Income
6252,SEC_0457,Derivative
6253,SEC_0285,Derivative
6254,SEC_0239,Fixed Income
6255,SEC_0165,Equity
6256,SEC_0087,Equity
6257,SEC_0141,Equity
6258,SEC_0160,Equity
6259,SEC_0046,FX
6260,SEC_0372,Derivative
6261,SEC_0495,ETF
6262,SEC_0112,Fixed Income
6263,SEC_0407,ETF
6264,SEC_0045,Equity
6265,SEC_0401,Derivative
6266,SEC_0247,ETF
6267,SEC_0104,FX
6268,SEC_0085,Fixed Income
6269,SEC_0450,Fixed Income
6270,SEC_0485,Derivative
6271,SEC_0134,ETF
6272,SEC_0108,Fixed Income
6273,SEC_0018,Derivative
6274,SEC_0094,ETF
6275,SEC_0150,Equity
6276,SEC_0246,Fixed Income
6277,SEC_0289,ETF
6278,SEC_0414,Equity
6279,SEC_0209,FX
6280,SEC_0126,Derivative
6281,SEC_0235,Equity
6282,SEC_0416,Derivative
6283,SEC_0426,Equity
6284,SEC_0499,Fixed Income
6285,SEC_0462,FX
6286,SEC_0122,Equity
6287,SEC_0138,Equity
6288,SEC_0495,Fixed Income
6289,SEC_0115,Equity
6290,SEC_0420,Equity
6291,SEC_0162,Equity
6292,SEC_0201,Derivative
6293,SEC_0234,Equity
6294,SEC_0028,Equity
6295,SEC_0011,Derivative
6296,SEC_0206,Equity
6297,SEC_0167,Fixed Income
6298,SEC_0247,Derivative
6299,SEC_0047,Equity
6300,SEC_0246,Equity
6301,SEC_0127,Equity
6302,SEC_0147,ETF
6303,SEC_0118,Derivative
6304,SEC_0399,Equity
6305,SEC_0382,Equity
6306,SEC_0412,FX
6307,SEC_0152,Fixed Income
6308,SEC_0072,Equity
6309,SEC_0363,Equity
6310,SEC_0137,Derivative
6311,SEC_0175,ETF
6312,SEC_0289,Equity
6313,SEC_0446,Equity
6314,SEC_0481,Equity
6315,SEC_0019,Equity
6316,SEC_0195,Equity
6317,SEC_0330,Equity
6318,SEC_0424,Fixed Income
6319,SEC_0175,Equity
6320,SEC_0490,Equity
6321,SEC_0449,Derivative
6322,SEC_0413,Fixed Income
6323,SEC_0434,Derivative
6324,SEC_0354,Equity
6325,SEC_0499,Equity
6326,SEC_0141,Equity
6327,SEC_0246,Derivative
6328,SEC_0385,Equity
6329,SEC_0418,Equity
6330,SEC_0093,Equity
6331,SEC_0432,ETF
6332,SEC_0239,ETF
6333,SEC_0205,Derivative
6334,SEC_0048,Equity
6335,SEC_0433,Derivative
6336,SEC_0245,Fixed Income
6337,SEC_0320,Derivative
6338,SEC_0317,ETF
6339,SEC_0413,Equity
6340,SEC_0295,ETF
6341,SEC_0128,ETF
6342,SEC_0344,Fixed Income
6343,SEC_0282,Derivative
6344,SEC_0017,Equity
6345,SEC_0071,Derivative
6346,SEC_0269,Fixed Income
6347,SEC_0325,Equity
6348,SEC_0282,Equity
6349,SEC_0305,Derivative
6350,SEC_0451,ETF
6351,SEC_0007,Equity
6352,SEC_0314,Equity
6353,SEC_0305,Derivative
6354,SEC_0103,Equity
6355,SEC_0309,ETF
6356,SEC_0193,Derivative
6357,SEC_0241,ETF
6358,SEC_0062,Derivative
6359,SEC_0017,Derivative
6360,SEC_0171,Equity
6361,SEC_0025,Equity
6362,SEC_0251,Equity
6363,SEC_0253,ETF
6364,SEC_0387,Derivative
6365,SEC_0207,Equity
6366,SEC_0029,Equity
6367,SEC_0117,Equity
6368,SEC_0491,Derivative
6369,SEC_0416,Equity
6370,SEC_0282,Equity
6371,SEC_0380,Fixed Income
6372,SEC_0144,Equity
6373,SEC_0025,Equity
6374,SEC_0310,Equity
6375,SEC_0156,ETF
6376,SEC_0073,Equity
6377,SEC_0120,Fixed Income
6378,SEC_0312,Fixed Income
6379,SEC_0321,Derivative
6380,SEC_0093,Equity
6381,SEC_0086,Equity
6382,SEC_0336,Equity
6383,SEC_0425,Equity
6384,SEC_0499,Fixed Income
6385,SEC_0364,Equity
6386,SEC_0435,Equity
6387,SEC_0118,Equity
6388,SEC_0233,FX
6389,SEC_0199,ETF
6390,SEC_0206,Equity
6391,SEC_0413,Equity
6392,SEC_0339,Equity
6393,SEC_0147,Equity
6394,SEC_0450,Equity
6395,SEC_0425,Equity
6396,SEC_0429,ETF
6397,SEC_0271,Derivative
6398,SEC_0387,ETF
6399,SEC_0139,Equity
6400,SEC_0181,ETF
6401,SEC_0430,Derivative
6402,SEC_0030,ETF
6403,SEC_0057,Equity
6404,SEC_0232,Derivative
6405,SEC_0146,Fixed Income
6406,SEC_0435,Fixed Income
6407,SEC_0384,Fixed Income
6408,SEC_0048,Derivative
6409,SEC_0194,ETF
6410,SEC_0224,Derivative
6411,SEC_0136,ETF
6412,SEC_0022,Fixed Income
6413,SEC_0006,Derivative
6414,SEC_0204,Equity
6415,SEC_0239,Equity
6416,SEC_0185,ETF
6417,SEC_0360,ETF
6418,SEC_0292,Derivative
6419,SEC_0335,Derivative
6420,SEC_0220,Equity
6421,SEC_0116,Equity
6422,SEC_0313,Derivative
6423,SEC_0049,Equity
6424,SEC_0173,Equity
6425,SEC_0082,Equity
6426,SEC_0322,Equity
6427,SEC_0333,Equity
6428,SEC_0045,Equity
6429,SEC_0335,ETF
6430,SEC_0020,ETF
6431,SEC_0448,Equity
6432,SEC_0221,Derivative
6433,SEC_0123,Equity
6434,SEC_0234,Derivative
6435,SEC_0221,Fixed Income
6436,SEC_0323,Derivative
6437,SEC_0339,FX
6438,SEC_0003,Equity
6439,SEC_0182,Derivative
6440,SEC_0206,Fixed Income
6441,SEC_0320,Derivative
6442,SEC_0040,Equity
6443,SEC_0059,FX
6444,SEC_0439,Equity
6445,SEC_0062,ETF
6446,SEC_0132,ETF
6447,SEC_0060,Equity
6448,SEC_0372,Derivative
6449,SEC_0331,Equity
6450,SEC_0122,ETF
6451,SEC_0479,Equity
6452,SEC_0107,Equity
6453,SEC_0096,Equity
6454,SEC_0347,Derivative
6455,SEC_0414,Equity
6456,SEC_0235,Fixed Income
6457,SEC_0386,Fixed Income
6458,SEC_0062,Equity
6459,SEC_0256,Fixed Income
6460,SEC_0049,Equity
6461,SEC_0393,ETF
6462,SEC_0348,Equity
6463,SEC_0159,ETF
6464,SEC_0124,Fixed Income
6465,SEC_0482,FX
6466,SEC_0317,Equity
6467,SEC_0207,Equity
6468,SEC_0048,Fixed Income
6469,SEC_0409,Equity
6470,SEC_0420,Equity
6471,SEC_0136,Equity
6472,SEC_0201,Equity
6473,SEC_0250,Equity
6474,SEC_0314,ETF
6475,SEC_0357,Fixed Income
6476,SEC_0368,Derivative
6477,SEC_0429,Equity
6478,SEC_0318,Equity
6479,SEC_0295,Fixed Income
6480,SEC_0480,Derivative
6481,SEC_0314,FX
6482,SEC_0500,FX
6483,SEC_0209,Equity
6484,SEC_0355,ETF
6485,SEC_0485,Fixed Income
6486,SEC_0211,Equity
6487,SEC_0192,Equity
6488,SEC_0044,Equity
6489,SEC_0029,Equity
6490,SEC_0059,Derivative
6491,SEC_0071,Equity
6492,SEC_0092,Equity
6493,SEC_0265,Fixed Income
6494,SEC_0383,Fixed Income
6495,SEC_0220,Fixed Income
6496,SEC_0390,Fixed Income
6497,SEC_0413,Equity
6498,SEC_0442,Fixed Income
6499,SEC_0401,ETF
6500,SEC_0400,Derivative
6501,SEC_0215,Equity
6502,SEC_0479,Derivative
6503,SEC_0387,Equity
6504,SEC_0277,Equity
6505,SEC_0064,Derivative
6506,SEC_0346,Equity
6507,SEC_0292,ETF
6508,SEC_0490,Equity
6509,SEC_0485,Derivative
6510,SEC_0245,Equity
6511,SEC_0470,Derivative
6512,SEC_0062,Equity
6513,SEC_0426,Equity
6514,SEC_0332,Derivative
6515,SEC_0170,ETF
6516,SEC_0445,ETF
6517,SEC_0269,Equity
6518,SEC_0267,Derivative
6519,SEC_0054,Derivative
6520,SEC_0016,Equity
6521,SEC_0008,Fixed Income
6522,SEC_0104,Equity
6523,SEC_0059,Equity
6524,SEC_0313,Derivative
6525,SEC_0040,Equity
6526,SEC_0237,Equity
6527,SEC_0443,Equity
6528,SEC_0386,Derivative
6529,SEC_0094,Equity
6530,SEC_0222,Equity
6531,SEC_0204,Derivative
6532,SEC_0138,Derivative
6533,SEC_0300,Equity
6534,SEC_0395,ETF
6535,SEC_0207,Derivative
6536,SEC_0336,Derivative
6537,SEC_0081,Derivative
6538,SEC_0218,Equity
6539,SEC_0002,Fixed Income
6540,SEC_0178,ETF
6541,SEC_0396,Equity
6542,SEC_0371,Derivative
6543,SEC_0346,Equity
6544,SEC_0279,Fixed Income
6545,SEC_0146,Equity
6546,SEC_0318,FX
6547,SEC_0224,Derivative
6548,SEC_0369,Equity
6549,SEC_0384,Fixed Income
6550,SEC_0062,Fixed Income
6551,SEC_0294,Derivative
6552,SEC_0239,Fixed Income
6553,SEC_0195,Equity
6554,SEC_0166,Fixed Income
6555,SEC_0451,Fixed Income
6556,SEC_0222,ETF
6557,SEC_0061,Equity
6558,SEC_0129,Equity
6559,SEC_0478,Derivative
6560,SEC_0173,FX
6561,SEC_0480,ETF
6562,SEC_0156,Equity
6563,SEC_0405,Fixed Income
6564,SEC_0378,Equity
6565,SEC_0110,Fixed Income
6566,SEC_0269,Derivative
6567,SEC_0411,ETF
6568,SEC_0356,Derivative
6569,SEC_0391,Fixed Income
6570,SEC_0278,FX
6571,SEC_0074,Fixed Income
6572,SEC_0487,Fixed Income
6573,SEC_0437,ETF
6574,SEC_0463,Equity
6575,SEC_0207,Equity
6576,SEC_0388,FX
6577,SEC_0480,Derivative
6578,SEC_0279,Derivative
6579,SEC_0375,Equity
6580,SEC_0326,Equity
6581,SEC_0472,ETF
6582,SEC_0340,Equity
6583,SEC_0357,Equity
6584,SEC_0340,Equity
6585,SEC_0204,ETF
6586,SEC_0161,Equity
6587,SEC_0028,FX
6588,SEC_0392,Derivative
6589,SEC_0257,FX
6590,SEC_0165,Equity
6591,SEC_0063,Equity
6592,SEC_0022,Derivative
6593,SEC_0070,Derivative
6594,SEC_0381,Equity
6595,SEC_0405,Equity
6596,SEC_0096,Equity
6597,SEC_0163,Equity
6598,SEC_0079,Fixed Income
6599,SEC_0005,Equity
6600,SEC_0316,Derivative
6601,SEC_0120,Fixed Income
6602,SEC_0302,Fixed Income
6603,SEC_0178,Equity
6604,SEC_0176,Equity
6605,SEC_0390,Derivative
6606,SEC_0217,Equity
6607,SEC_0056,Derivative
6608,SEC_0366,Fixed Income
6609,SEC_0187,Equity
6610,SEC_0232,Equity
6611,SEC_0255,Equity
6612,SEC_0413,Derivative
6613,SEC_0455,Equity
6614,SEC_0104,Derivative
6615,SEC_0077,Fixed Income
6616,SEC_0230,Equity
6617,SEC_0402,Derivative
6618,SEC_0258,ETF
6619,SEC_0264,Equity
6620,SEC_0331,Equity
6621,SEC_0481,Derivative
6622,SEC_0182,ETF
6623,SEC_0381,ETF
6624,SEC_0256,Equity
6625,SEC_0038,FX
6626,SEC_0176,Derivative
6627,SEC_0027,FX
6628,SEC_0276,Fixed Income
6629,SEC_0140,Equity
6630,SEC_0299,Derivative
6631,SEC_0445,Derivative
6632,SEC_0287,Fixed Income
6633,SEC_0091,Fixed Income
6634,SEC_0480,Equity
6635,SEC_0061,Fixed Income
6636,SEC_0458,Equity
6637,SEC_0451,Equity
6638,SEC_0365,Derivative
6639,SEC_0347,Derivative
6640,SEC_0163,FX
6641,SEC_0351,ETF
6642,SEC_0143,Equity
6643,SEC_0400,Equity
6644,SEC_0253,Equity
6645,SEC_0269,Fixed Income
6646,SEC_0369,Fixed Income
6647,SEC_0291,Derivative
6648,SEC_0500,Equity
6649,SEC_0459,Equity
6650,SEC_0187,Fixed Income
6651,SEC_0405,Equity
6652,SEC_0499,Derivative
6653,SEC_0438,Equity
6654,SEC_0459,Fixed Income
6655,SEC_0414,Equity
6656,SEC_0304,Equity
6657,SEC_0291,Equity
6658,SEC_0086,Equity
6659,SEC_0166,Derivative
6660,SEC_0415,Equity
6661,SEC_0462,ETF
6662,SEC_0408,Derivative
6663,SEC_0114,Equity
6664,SEC_0433,Equity
6665,SEC_0480,Equity
6666,SEC_0356,Equity
6667,SEC_0416,Fixed Income
6668,SEC_0183,Equity
6669,SEC_0207,Fixed Income
6670,SEC_0256,Fixed Income
6671,SEC_0235,Derivative
6672,SEC_0442,Fixed Income
6673,SEC_0355,Derivative
6674,SEC_0003,FX
6675,SEC_0208,ETF
6676,SEC_0197,Derivative
6677,SEC_0341,Equity
6678,SEC_0125,Equity
6679,SEC_0138,Equity
6680,SEC_0339,Equity
6681,SEC_0025,Equity
6682,SEC_0068,Equity
6683,SEC_0061,Derivative
6684,SEC_0029,Equity
6685,SEC_0383,Equity
6686,SEC_0019,Equity
6687,SEC_0171,Fixed Income
6688,SEC_0450,FX
6689,SEC_0074,ETF
6690,SEC_0061,Fixed Income
6691,SEC_0427,Equity
6692,SEC_0153,Equity
6693,SEC_0276,Equity
6694,SEC_0048,Equity
6695,SEC_0211,Derivative
6696,SEC_0343,Equity
6697,SEC_0408,Equity
6698,SEC_0139,Derivative
6699,SEC_0110,Equity
6700,SEC_0482,ETF
6701,SEC_0183,ETF
6702,SEC_0028,Derivative
6703,SEC_0197,Equity
6704,SEC_0191,Equity
6705,SEC_0315,Equity
6706,SEC_0389,Equity
6707,SEC_0051,Equity
6708,SEC_0149,Equity
6709,SEC_0268,Derivative
6710,SEC_0050,Equity
6711,SEC_0388,Derivative
6712,SEC_0246,Fixed Income
6713,SEC_0113,ETF
6714,SEC_0170,Derivative
6715,SEC_0468,Equity
6716,SEC_0166,FX
6717,SEC_0409,Derivative
6718,SEC_0014,ETF
6719,SEC_0203,FX
6720,SEC_0288,Equity
6721,SEC_0395,Equity
6722,SEC_0189,FX
6723,SEC_0402,ETF
6724,SEC_0155,ETF
6725,SEC_0055,Equity
6726,SEC_0182,Derivative
6727,SEC_0210,Fixed Income
6728,SEC_0376,Fixed Income
6729,SEC_0471,Equity
6730,SEC_0075,Derivative
6731,SEC_0277,Fixed Income
6732,SEC_0428,Equity
6733,SEC_0133,Derivative
6734,SEC_0343,Equity
6735,SEC_0425,Fixed Income
6736,SEC_0059,Equity
6737,SEC_0345,Equity
6738,SEC_0489,Equity
6739,SEC_0182,Derivative
6740,SEC_0458,Derivative
6741,SEC_0406,Fixed Income
6742,SEC_0339,Equity
6743,SEC_0321,Equity
6744,SEC_0064,Fixed Income
6745,SEC_0327,Fixed Income
6746,SEC_0260,Equity
6747,SEC_0193,Derivative
6748,SEC_0143,Equity
6749,SEC_0104,Derivative
6750,SEC_0460,Equity
6751,SEC_0406,Fixed Income
6752,SEC_0214,ETF
6753,SEC_0242,Equity
6754,SEC_0431,Derivative
6755,SEC_0209,Equity
6756,SEC_0093,ETF
6757,SEC_0430,Equity
6758,SEC_0142,Derivative
6759,SEC_0434,Equity
6760,SEC_0404,Equity
6761,SEC_0434,FX
6762,SEC_0112,Derivative
6763,SEC_0417,Derivative
6764,SEC_0375,Equity
6765,SEC_0059,Derivative
6766,SEC_0043,Equity
6767,SEC_0207,Fixed Income
6768,SEC_0268,Fixed Income
6769,SEC_0296,Equity
6770,SEC_0118,Derivative
6771,SEC_0020,ETF
6772,SEC_0222,Equity
6773,SEC_0166,Equity
6774,SEC_0131,Fixed Income
6775,SEC_0156,Fixed Income
6776,SEC_0184,Equity
6777,SEC_0090,Derivative
6778,SEC_0094,ETF
6779,SEC_0013,Equity
6780,SEC_0461,ETF
6781,SEC_0322,ETF
6782,SEC_0293,Fixed Income
6783,SEC_0433,Equity
6784,SEC_0230,Equity
6785,SEC_0322,Fixed Income
6786,SEC_0292,Fixed Income
6787,SEC_0438,Derivative
6788,SEC_0026,Derivative
6789,SEC_0075,ETF
6790,SEC_0456,Derivative
6791,SEC_0364,ETF
6792,SEC_0424,Fixed Income
6793,SEC_0299,Equity
6794,SEC_0150,Equity
6795,SEC_0148,Equity
6796,SEC_0008,FX
6797,SEC_0029,Equity
6798,SEC_0296,Equity
6799,SEC_0474,ETF
6800,SEC_0414,ETF
6801,SEC_0209,Equity
6802,SEC_0128,Equity
6803,SEC_0340,Fixed Income
6804,SEC_0116,Equity
6805,SEC_0439,Derivative
6806,SEC_0144,Derivative
6807,SEC_0430,Equity
6808,SEC_0318,Fixed Income
6809,SEC_0235,Equity
6810,SEC_0007,ETF
6811,SEC_0464,Fixed Income
6812,SEC_0045,ETF
6813,SEC_0443,Equity
6814,SEC_0239,Equity
6815,SEC_0440,Equity
6816,SEC_0432,ETF
6817,SEC_0155,Fixed Income
6818,SEC_0181,Derivative
6819,SEC_0215,Equity
6820,SEC_0088,Equity
6821,SEC_0256,Equity
6822,SEC_0073,FX
6823,SEC_0419,ETF
6824,SEC_0179,Fixed Income
6825,SEC_0212,Equity
6826,SEC_0293,FX
6827,SEC_0234,Equity
6828,SEC_0465,Fixed Income
6829,SEC_0239,Equity
6830,SEC_0223,Derivative
6831,SEC_0119,Derivative
6832,SEC_0313,Fixed Income
6833,SEC_0264,Equity
6834,SEC_0207,Equity
6835,SEC_0095,Equity
6836,SEC_0373,Fixed Income
6837,SEC_0222,Equity
6838,SEC_0366,ETF
6839,SEC_0276,ETF
6840,SEC_0380,Equity
6841,SEC_0231,Derivative
6842,SEC_0309,Derivative
6843,SEC_0119,Equity
6844,SEC_0268,Equity
6845,SEC_0433,Equity
6846,SEC_0273,Derivative
6847,SEC_0064,Equity
6848,SEC_0298,FX
6849,SEC_0350,ETF
6850,SEC_0413,Fixed Income
6851,SEC_0403,ETF
6852,SEC_0494,FX
6853,SEC_0011,Equity
6854,SEC_0098,ETF
6855,SEC_0434,Equity
6856,SEC_0071,ETF
6857,SEC_0364,Fixed Income
6858,SEC_0058,ETF
6859,SEC_0290,Equity
6860,SEC_0251,Equity
6861,SEC_0276,Equity
6862,SEC_0050,Equity
6863,SEC_0358,Derivative
6864,SEC_0216,Equity
6865,SEC_0394,FX
6866,SEC_0416,Derivative
6867,SEC_0052,Derivative
6868,SEC_0271,Derivative
6869,SEC_0485,Equity
6870,SEC_0084,Equity
6871,SEC_0387,Equity
6872,SEC_0293,Equity
6873,SEC_0126,Equity
6874,SEC_0296,ETF
6875,SEC_0072,Equity
6876,SEC_0296,Fixed Income
6877,SEC_0236,Derivative
6878,SEC_0056,ETF
6879,SEC_0407,ETF
6880,SEC_0360,Derivative
6881,SEC_0395,Fixed Income
6882,SEC_0110,Equity
6883,SEC_0192,Fixed Income
6884,SEC_0392,Equity
6885,SEC_0093,Equity
6886,SEC_0350,ETF
6887,SEC_0056,Fixed Income
6888,SEC_0060,Fixed Income
6889,SEC_0138,FX
6890,SEC_0039,Fixed Income
6891,SEC_0028,Equity
6892,SEC_0049,ETF
6893,SEC_0420,Derivative
6894,SEC_0125,Equity
6895,SEC_0013,Equity
6896,SEC_0480,Derivative
6897,SEC_0036,Fixed Income
6898,SEC_0101,Derivative
6899,SEC_0282,Derivative
6900,SEC_0086,Derivative
6901,SEC_0004,ETF
6902,SEC_0223,Derivative
6903,SEC_0338,Equity
6904,SEC_0448,ETF
6905,SEC_0166,Equity
6906,SEC_0383,ETF
6907,SEC_0344,Derivative
6908,SEC_0383,Equity
6909,SEC_0376,Derivative
6910,SEC_0471,Fixed Income
6911,SEC_0278,ETF
6912,SEC_0130,Fixed Income
6913,SEC_0031,Equity
6914,SEC_0375,Equity
6915,SEC_0011,Equity
6916,SEC_0476,Fixed Income
6917,SEC_0302,Equity
6918,SEC_0096,Fixed Income
6919,SEC_0190,Fixed Income
6920,SEC_0453,Derivative
6921,SEC_0192,Equity
6922,SEC_0486,Equity
6923,SEC_0266,Equity
6924,SEC_0424,FX
6925,SEC_0128,Derivative
6926,SEC_0238,Derivative
6927,SEC_0408,Fixed Income
6928,SEC_0355,FX
6929,SEC_0428,Equity
6930,SEC_0112,Equity
6931,SEC_0316,Equity
6932,SEC_0446,Equity
6933,SEC_0343,Equity
6934,SEC_0145,Derivative
6935,SEC_0065,ETF
6936,SEC_0247,Equity
6937,SEC_0223,Equity
6938,SEC_0479,Equity
6939,SEC_0490,Equity
6940,SEC_0313,ETF
6941,SEC_0439,ETF
6942,SEC_0106,Equity
6943,SEC_0181,Equity
6944,SEC_0184,Derivative
6945,SEC_0226,Equity
6946,SEC_0265,Fixed Income
6947,SEC_0278,Derivative
6948,SEC_0397,ETF
6949,SEC_0089,Derivative
6950,SEC_0176,Equity
6951,SEC_0018,Equity
6952,SEC_0371,ETF
6953,SEC_0460,Equity
6954,SEC_0424,Fixed Income
6955,SEC_0401,Equity
6956,SEC_0399,Equity
6957,SEC_0106,Equity
6958,SEC_0271,Equity
6959,SEC_0463,ETF
6960,SEC_0319,Equity
6961,SEC_0167,FX
6962,SEC_0013,ETF
6963,SEC_0337,ETF
6964,SEC_0032,FX
6965,SEC_0393,Equity
6966,SEC_0040,Equity
6967,SEC_0148,Derivative
6968,SEC_0218,ETF
6969,SEC_0219,Equity
6970,SEC_0469,Derivative
6971,SEC_0082,Equity
6972,SEC_0333,Equity
6973,SEC_0208,Fixed Income
6974,SEC_0201,Equity
6975,SEC_0447,Derivative
6976,SEC_0332,Equity
6977,SEC_0428,Equity
6978,SEC_0038,Fixed Income
6979,SEC_0211,Equity
6980,SEC_0444,Derivative
6981,SEC_0327,Fixed Income
6982,SEC_0249,ETF
6983,SEC_0227,Equity
6984,SEC_0048,Derivative
6985,SEC_0018,Equity
6986,SEC_0400,Equity
6987,SEC_0439,Equity
6988,SEC_0295,Equity
6989,SEC_0196,Equity
6990,SEC_0187,Equity
6991,SEC_0345,Derivative
6992,SEC_0224,ETF
6993,SEC_0318,Equity
6994,SEC_0488,Derivative
6995,SEC_0397,Equity
6996,SEC_0365,Derivative
6997,SEC_0337,FX
6998,SEC_0497,Equity
6999,SEC_0229,FX
7000,SEC_0390,Fixed Income
7001,SEC_0467,FX
7002,SEC_0077,Fixed Income
7003,SEC_0188,Derivative
7004,SEC_0346,Equity
7005,SEC_0270,Equity
7006,SEC_0095,Fixed Income
7007,SEC_0310,Fixed Income
7008,SEC_0132,Equity
7009,SEC_0039,Equity
7010,SEC_0072,Equity
7011,SEC_0281,Equity
7012,SEC_0333,Equity
7013,SEC_0160,Fixed Income
7014,SEC_0187,Equity
7015,SEC_0486,Equity
7016,SEC_0191,Derivative
7017,SEC_0422,FX
7018,SEC_0120,FX
7019,SEC_0220,Equity
7020,SEC_0053,Derivative
7021,SEC_0222,Equity
7022,SEC_0451,Equity
7023,SEC_0412,Equity
7024,SEC_0131,Equity
7025,SEC_0237,Equity
7026,SEC_0246,Equity
7027,SEC_0226,Derivative
7028,SEC_0208,Equity
7029,SEC_0406,Equity
7030,SEC_0096,Derivative
7031,SEC_0422,Equity
7032,SEC_0200,Derivative
7033,SEC_0247,Equity
7034,SEC_0072,Equity
7035,SEC_0318,FX
7036,SEC_0185,ETF
7037,SEC_0006,Derivative
7038,SEC_0206,Equity
7039,SEC_0032,Derivative
7040,SEC_0099,Fixed Income
7041,SEC_0394,Derivative
7042,SEC_0387,Derivative
7043,SEC_0256,ETF
7044,SEC_0187,Equity
7045,SEC_0076,Equity
7046,SEC_0177,Equity
7047,SEC_0315,FX
7048,SEC_0287,Derivative
7049,SEC_0349,Equity
7050,SEC_0255,Equity
7051,SEC_0325,FX
7052,SEC_0190,Derivative
7053,SEC_0308,Equity
7054,SEC_0345,ETF
7055,SEC_0127,Equity
7056,SEC_0425,ETF
7057,SEC_0287,Equity
7058,SEC_0254,Equity
7059,SEC_0213,Equity
7060,SEC_0250,Derivative
7061,SEC_0084,Equity
7062,SEC_0487,Equity
7063,SEC_0383,ETF
7064,SEC_0406,ETF
7065,SEC_0388,Equity
7066,SEC_0013,Fixed Income
7067,SEC_0045,Equity
7068,SEC_0127,Fixed Income
7069,SEC_0426,Equity
7070,SEC_0114,Equity
7071,SEC_0433,FX
7072,SEC_0276,Equity
7073,SEC_0500,Equity
7074,SEC_0205,ETF
7075,SEC_0337,Derivative
7076,SEC_0438,Equity
7077,SEC_0420,Equity
7078,SEC_0481,Derivative
7079,SEC_0385,Derivative
7080,SEC_0399,ETF
7081,SEC_0461,Fixed Income
7082,SEC_0273,Fixed Income
7083,SEC_0408,Derivative
7084,SEC_0058,Equity
7085,SEC_0328,ETF
7086,SEC_0498,Equity
7087,SEC_0219,FX
7088,SEC_0109,Fixed Income
7089,SEC_0279,Equity
7090,SEC_0174,Equity
7091,SEC_0328,Derivative
7092,SEC_0264,Equity
7093,SEC_0315,Equity
7094,SEC_0474,Fixed Income
7095,SEC_0111,ETF
7096,SEC_0187,Equity
7097,SEC_0269,Fixed Income
7098,SEC_0423,Equity
7099,SEC_0229,Derivative
7100,SEC_0497,ETF
7101,SEC_0156,Equity
7102,SEC_0473,ETF
7103,SEC_0189,ETF
7104,SEC_0272,FX
7105,SEC_0375,Derivative
7106,SEC_0002,ETF
7107,SEC_0246,Derivative
7108,SEC_0210,Equity
7109,SEC_0401,Derivative
7110,SEC_0286,Equity
7111,SEC_0359,ETF
7112,SEC_0013,Equity
7113,SEC_0096,Fixed Income
7114,SEC_0498,Derivative
7115,SEC_0221,Equity
7116,SEC_0238,Derivative
7117,SEC_0094,ETF
7118,SEC_0338,Equity
7119,SEC_0269,Equity
7120,SEC_0171,FX
7121,SEC_0469,FX
7122,SEC_0094,Equity
7123,SEC_0149,Derivative
7124,SEC_0112,Derivative
7125,SEC_0055,Equity
7126,SEC_0337,Derivative
7127,SEC_0424,FX
7128,SEC_0467,Equity
7129,SEC_0116,ETF
7130,SEC_0143,Equity
7131,SEC_0201,FX
7132,SEC_0180,Equity
7133,SEC_0202,Equity
7134,SEC_0364,Equity
7135,SEC_0479,Equity
7136,SEC_0053,Derivative
7137,SEC_0471,Equity
7138,SEC_0384,Fixed Income
7139,SEC_0180,ETF
7140,SEC_0414,Equity
7141,SEC_0417,ETF
7142,SEC_0313,Equity
7143,SEC_0308,Equity
7144,SEC_0137,FX
7145,SEC_0182,ETF
7146,SEC_0367,Equity
7147,SEC_0001,Derivative
7148,SEC_0044,Equity
7149,SEC_0227,FX
7150,SEC_0331,FX
7151,SEC_0098,Fixed Income
7152,SEC_0208,ETF
7153,SEC_0265,ETF
7154,SEC_0288,Equity
7155,SEC_0271,Fixed Income
7156,SEC_0140,Derivative
7157,SEC_0481,Derivative
7158,SEC_0237,Equity
7159,SEC_0462,Equity
7160,SEC_0441,Derivative
7161,SEC_0392,Equity
7162,SEC_0072,Equity
7163,SEC_0155,Equity
7164,SEC_0190,Fixed Income
7165,SEC_0268,Equity
7166,SEC_0321,Fixed Income
7167,SEC_0107,Equity
7168,SEC_0232,Derivative
7169,SEC_0042,Equity
7170,SEC_0190,Equity
7171,SEC_0371,Derivative
7172,SEC_0139,Equity
7173,SEC_0103,Fixed Income
7174,SEC_0171,ETF
7175,SEC_0351,Fixed Income
7176,SEC_0273,Equity
7177,SEC_0481,Equity
7178,SEC_0416,Fixed Income
7179,SEC_0221,Derivative
7180,SEC_0213,Equity
7181,SEC_0341,Equity
7182,SEC_0424,Equity
7183,SEC_0407,Derivative
7184,SEC_0056,Derivative
7185,SEC_0390,Fixed Income
7186,SEC_0342,Fixed Income
7187,SEC_0434,Derivative
7188,SEC_0102,Equity
7189,SEC_0421,FX
7190,SEC_0493,ETF
7191,SEC_0192,Derivative
7192,SEC_0499,Equity
7193,SEC_0310,Equity
7194,SEC_0200,Fixed Income
7195,SEC_0233,Equity
7196,SEC_0433,Derivative
7197,SEC_0227,Derivative
7198,SEC_0371,ETF
7199,SEC_0139,Fixed Income
7200,SEC_0344,Derivative
7201,SEC_0305,Equity
7202,SEC_0149,Equity
7203,SEC_0115,Equity
7204,SEC_0450,Equity
7205,SEC_0063,Equity
7206,SEC_0104,Fixed Income
7207,SEC_0339,FX
7208,SEC_0359,Equity
7209,SEC_0156,Equity
7210,SEC_0273,Derivative
7211,SEC_0006,Fixed Income
7212,SEC_0147,Equity
7213,SEC_0184,Derivative
7214,SEC_0486,FX
7215,SEC_0028,Equity
7216,SEC_0450,Equity
7217,SEC_0038,Fixed Income
7218,SEC_0119,Fixed Income
7219,SEC_0293,Derivative
7220,SEC_0371,Equity
7221,SEC_0244,Fixed Income
7222,SEC_0068,Fixed Income
7223,SEC_0214,Fixed Income
7224,SEC_0218,Equity
7225,SEC_0177,Equity
7226,SEC_0299,Equity
7227,SEC_0164,ETF
7228,SEC_0058,Fixed Income
7229,SEC_0269,Equity
7230,SEC_0308,Fixed Income
7231,SEC_0058,ETF
7232,SEC_0288,FX
7233,SEC_0465,Equity
7234,SEC_0105,ETF
7235,SEC_0228,ETF
7236,SEC_0247,Equity
7237,SEC_0188,Equity
7238,SEC_0494,ETF
7239,SEC_0083,Fixed Income
7240,SEC_0186,Equity
7241,SEC_0252,Equity
7242,SEC_0355,Equity
7243,SEC_0238,FX
7244,SEC_0360,Equity
7245,SEC_0184,Equity
7246,SEC_0284,Equity
7247,SEC_0385,Equity
7248,SEC_0426,Equity
7249,SEC_0210,ETF
7250,SEC_0304,Equity
7251,SEC_0296,Derivative
7252,SEC_0097,Equity
7253,SEC_0447,Fixed Income
7254,SEC_0460,Equity
7255,SEC_0456,Equity
7256,SEC_0472,ETF
7257,SEC_0208,Equity
7258,SEC_0370,Fixed Income
7259,SEC_0388,Derivative
7260,SEC_0422,Derivative
7261,SEC_0492,ETF
7262,SEC_0411,Equity
7263,SEC_0137,ETF
7264,SEC_0367,FX
7265,SEC_0400,Equity
7266,SEC_0184,Fixed Income
7267,SEC_0076,Derivative
7268,SEC_0287,Equity
7269,SEC_0472,Derivative
7270,SEC_0375,Equity
7271,SEC_0142,Derivative
7272,SEC_0237,Fixed Income
7273,SEC_0025,Equity
7274,SEC_0290,Equity
7275,SEC_0067,ETF
7276,SEC_0250,Equity
7277,SEC_0408,Equity
7278,SEC_0118,Fixed Income
7279,SEC_0490,Equity
7280,SEC_0073,Equity
7281,SEC_0282,Derivative
7282,SEC_0404,Equity
7283,SEC_0448,Equity
7284,SEC_0360,Derivative
7285,SEC_0010,ETF
7286,SEC_0211,Derivative
7287,SEC_0323,Fixed Income
7288,SEC_0152,Equity
7289,SEC_0005,ETF
7290,SEC_0195,Derivative
7291,SEC_0442,Fixed Income
7292,SEC_0283,ETF
7293,SEC_0464,FX
7294,SEC_0113,ETF
7295,SEC_0271,ETF
7296,SEC_0163,Fixed Income
7297,SEC_0460,ETF
7298,SEC_0105,Equity
7299,SEC_0181,Derivative
7300,SEC_0044,Equity
7301,SEC_0282,ETF
7302,SEC_0175,Equity
7303,SEC_0162,ETF
7304,SEC_0471,Equity
7305,SEC_0351,Derivative
7306,SEC_0434,Equity
7307,SEC_0340,Derivative
7308,SEC_0140,Fixed Income
7309,SEC_0471,ETF
7310,SEC_0132,Derivative
7311,SEC_0087,Derivative
7312,SEC_0176,Equity
7313,SEC_0183,Equity
7314,SEC_0368,ETF
7315,SEC_0129,Equity
7316,SEC_0246,ETF
7317,SEC_0089,Equity
7318,SEC_0066,Equity
7319,SEC_0158,ETF
7320,SEC_0387,Derivative
7321,SEC_0378,Equity
7322,SEC_0149,Equity
7323,SEC_0473,ETF
7324,SEC_0340,Equity
7325,SEC_0433,Equity
7326,SEC_0116,FX
7327,SEC_0214,Equity
7328,SEC_0469,Equity
7329,SEC_0446,Fixed Income
7330,SEC_0481,ETF
7331,SEC_0372,ETF
7332,SEC_0294,Fixed Income
7333,SEC_0253,Fixed Income
7334,SEC_0143,Derivative
7335,SEC_0250,Equity
7336,SEC_0366,ETF
7337,SEC_0436,Equity
7338,SEC_0463,Equity
7339,SEC_0302,FX
7340,SEC_0025,Equity
7341,SEC_0277,Equity
7342,SEC_0472,Equity
7343,SEC_0377,Equity
7344,SEC_0378,Derivative
7345,SEC_0389,Derivative
7346,SEC_0070,Equity
7347,SEC_0113,Equity
7348,SEC_0363,Fixed Income
7349,SEC_0112,Derivative
7350,SEC_0364,Derivative
7351,SEC_0303,ETF
7352,SEC_0471,Equity
7353,SEC_0452,FX
7354,SEC_0091,Derivative
7355,SEC_0018,ETF
7356,SEC_0149,Equity
7357,SEC_0476,Equity
7358,SEC_0227,Equity
7359,SEC_0214,Fixed Income
7360,SEC_0360,Equity
7361,SEC_0151,ETF
7362,SEC_0192,ETF
7363,SEC_0451,Equity
7364,SEC_0040,Derivative
7365,SEC_0242,Equity
7366,SEC_0138,ETF
7367,SEC_0345,Equity
7368,SEC_0180,ETF
7369,SEC_0497,Equity
7370,SEC_0200,Equity
7371,SEC_0203,Fixed Income
7372,SEC_0061,Equity
7373,SEC_0192,Equity
7374,SEC_0005,FX
7375,SEC_0378,Derivative
7376,SEC_0237,ETF
7377,SEC_0181,Equity
7378,SEC_0311,Derivative
7379,SEC_0037,Derivative
7380,SEC_0056,Derivative
7381,SEC_0443,Equity
7382,SEC_0237,Equity
7383,SEC_0358,Equity
7384,SEC_0349,Fixed Income
7385,SEC_0197,ETF
7386,SEC_0073,Derivative
7387,SEC_0059,Derivative
7388,SEC_0240,Equity
7389,SEC_0002,Equity
7390,SEC_0449,Equity
7391,SEC_0360,Derivative
7392,SEC_0188,Equity
7393,SEC_0307,Equity
7394,SEC_0030,Equity
7395,SEC_0267,Equity
7396,SEC_0476,Equity
7397,SEC_0108,ETF
7398,SEC_0332,Equity
7399,SEC_0423,Derivative
7400,SEC_0090,ETF
7401,SEC_0205,Equity
7402,SEC_0379,ETF
7403,SEC_0456,Equity
7404,SEC_0447,ETF
7405,SEC_0448,ETF
7406,SEC_0445,ETF
7407,SEC_0381,Equity
7408,SEC_0438,ETF
7409,SEC_0220,ETF
7410,SEC_0378,Derivative
7411,SEC_0094,Equity
7412,SEC_0457,Equity
7413,SEC_0103,Equity
7414,SEC_0223,Derivative
7415,SEC_0186,Equity
7416,SEC_0469,ETF
7417,SEC_0184,Fixed Income
7418,SEC_0495,Equity
7419,SEC_0162,Fixed Income
7420,SEC_0247,Derivative
7421,SEC_0031,Equity
7422,SEC_0052,Equity
7423,SEC_0345,Fixed Income
7424,SEC_0076,Derivative
7425,SEC_0385,Derivative
7426,SEC_0439,Equity
7427,SEC_0278,Equity
7428,SEC_0040,Fixed Income
7429,SEC_0101,Fixed Income
7430,SEC_0111,FX
7431,SEC_0385,FX
7432,SEC_0321,Equity
7433,SEC_0249,Equity
7434,SEC_0191,Equity
7435,SEC_0490,FX
7436,SEC_0182,Equity
7437,SEC_0426,Equity
7438,SEC_0405,Equity
7439,SEC_0335,Equity
7440,SEC_0209,ETF
7441,SEC_0022,Fixed Income
7442,SEC_0166,Derivative
7443,SEC_0099,ETF
7444,SEC_0493,Equity
7445,SEC_0208,Equity
7446,SEC_0008,Fixed Income
7447,SEC_0190,Derivative
7448,SEC_0175,ETF
7449,SEC_0273,Derivative
7450,SEC_0017,FX
7451,SEC_0090,ETF
7452,SEC_0141,Derivative
7453,SEC_0145,ETF
7454,SEC_0166,Equity
7455,SEC_0337,Fixed Income
7456,SEC_0496,Derivative
7457,SEC_0078,Equity
7458,SEC_0429,Derivative
7459,SEC_0262,Equity
7460,SEC_0163,Fixed Income
7461,SEC_0366,ETF
7462,SEC_0014,Equity
7463,SEC_0239,Derivative
7464,SEC_0072,Fixed Income
7465,SEC_0445,FX
7466,SEC_0143,Fixed Income
7467,SEC_0310,Fixed Income
7468,SEC_0283,Derivative
7469,SEC_0269,Equity
7470,SEC_0241,Fixed Income
7471,SEC_0415,Equity
7472,SEC_0245,Fixed Income
7473,SEC_0163,ETF
7474,SEC_0060,Equity
7475,SEC_0006,Equity
7476,SEC_0197,Derivative
7477,SEC_0470,Equity
7478,SEC_0058,Fixed Income
7479,SEC_0305,Equity
7480,SEC_0407,Equity
7481,SEC_0217,Derivative
7482,SEC_0418,Derivative
7483,SEC_0026,FX
7484,SEC_0303,Derivative
7485,SEC_0005,FX
7486,SEC_0474,Derivative
7487,SEC_0020,ETF
7488,SEC_0390,Equity
7489,SEC_0198,Fixed Income
7490,SEC_0059,Equity
7491,SEC_0448,Fixed Income
7492,SEC_0242,Fixed Income
7493,SEC_0146,FX
7494,SEC_0388,Equity
7495,SEC_0273,Equity
7496,SEC_0249,Equity
7497,SEC_0014,Equity
7498,SEC_0462,Equity
7499,SEC_0013,Equity
7500,SEC_0391,Equity
7501,SEC_0384,Equity
7502,SEC_0044,Derivative
7503,SEC_0375,Derivative
7504,SEC_0399,Equity
7505,SEC_0019,Derivative
7506,SEC_0063,ETF
7507,SEC_0491,Equity
7508,SEC_0239,Equity
7509,SEC_0492,ETF
7510,SEC_0419,Equity
7511,SEC_0337,Equity
7512,SEC_0419,Fixed Income
7513,SEC_0403,Fixed Income
7514,SEC_0404,Equity
7515,SEC_0100,Equity
7516,SEC_0163,Equity
7517,SEC_0416,Derivative
7518,SEC_0122,Derivative
7519,SEC_0432,ETF
7520,SEC_0044,Equity
7521,SEC_0360,Equity
7522,SEC_0408,Fixed Income
7523,SEC_0317,Equity
7524,SEC_0381,Equity
7525,SEC_0145,Equity
7526,SEC_0327,Equity
7527,SEC_0363,Fixed Income
7528,SEC_0050,ETF
7529,SEC_0065,Equity
7530,SEC_0355,FX
7531,SEC_0288,ETF
7532,SEC_0164,Equity
7533,SEC_0141,ETF
7534,SEC_0454,Derivative
7535,SEC_0314,Equity
7536,SEC_0128,ETF
7537,SEC_0398,Derivative
7538,SEC_0421,Equity
7539,SEC_0368,Derivative
7540,SEC_0463,Fixed Income
7541,SEC_0239,Derivative
7542,SEC_0324,FX
7543,SEC_0296,Equity
7544,SEC_0187,FX
7545,SEC_0208,FX
7546,SEC_0220,Derivative
7547,SEC_0400,Derivative
7548,SEC_0190,Derivative
7549,SEC_0388,ETF
7550,SEC_0429,Derivative
7551,SEC_0346,ETF
7552,SEC_0284,Equity
7553,SEC_0352,Equity
7554,SEC_0237,Equity
7555,SEC_0194,Equity
7556,SEC_0287,ETF
7557,SEC_0259,Equity
7558,SEC_0246,Fixed Income
7559,SEC_0136,Equity
7560,SEC_0280,Derivative
7561,SEC_0271,Equity
7562,SEC_0171,Fixed Income
7563,SEC_0159,Equity
7564,SEC_0201,Equity
7565,SEC_0487,Equity
7566,SEC_0045,Derivative
7567,SEC_0450,Equity
7568,SEC_0264,ETF
7569,SEC_0071,Equity
7570,SEC_0364,Equity
7571,SEC_0371,Derivative
7572,SEC_0103,Equity
7573,SEC_0490,Fixed Income
7574,SEC_0125,Equity
7575,SEC_0313,Derivative
7576,SEC_0464,Equity
7577,SEC_0483,Derivative
7578,SEC_0286,Fixed Income
7579,SEC_0458,Fixed Income
7580,SEC_0230,ETF
7581,SEC_0146,Derivative
7582,SEC_0370,Derivative
7583,SEC_0197,ETF
7584,SEC_0373,Equity
7585,SEC_0221,Derivative
7586,SEC_0423,Equity
7587,SEC_0060,Equity
7588,SEC_0098,Equity
7589,SEC_0171,ETF
7590,SEC_0382,Derivative
7591,SEC_0173,Equity
7592,SEC_0151,Equity
7593,SEC_0453,Fixed Income
7594,SEC_0350,Fixed Income
7595,SEC_0390,Fixed Income
7596,SEC_0440,Fixed Income
7597,SEC_0122,FX
7598,SEC_0494,ETF
7599,SEC_0108,Equity
7600,SEC_0004,ETF
7601,SEC_0093,Equity
7602,SEC_0407,Equity
7603,SEC_0006,Equity
7604,SEC_0288,Equity
7605,SEC_0106,ETF
7606,SEC_0146,Equity
7607,SEC_0271,Derivative
7608,SEC_0424,Derivative
7609,SEC_0378,Equity
7610,SEC_0096,Equity
7611,SEC_0457,Equity
7612,SEC_0229,Fixed Income
7613,SEC_0202,ETF
7614,SEC_0212,Fixed Income
7615,SEC_0006,ETF
7616,SEC_0112,Fixed Income
7617,SEC_0376,Equity
7618,SEC_0379,Equity
7619,SEC_0447,Derivative
7620,SEC_0323,Equity
7621,SEC_0106,Equity
7622,SEC_0139,Equity
7623,SEC_0299,Equity
7624,SEC_0401,Fixed Income
7625,SEC_0096,Derivative
7626,SEC_0388,Fixed Income
7627,SEC_0447,Derivative
7628,SEC_0452,FX
7629,SEC_0337,Fixed Income
7630,SEC_0297,Equity
7631,SEC_0467,ETF
7632,SEC_0389,Equity
7633,SEC_0416,Equity
7634,SEC_0214,Equity
7635,SEC_0454,Equity
7636,SEC_0291,Fixed Income
7637,SEC_0022,Equity
7638,SEC_0193,Fixed Income
7639,SEC_0468,Fixed Income
7640,SEC_0150,Fixed Income
7641,SEC_0368,Equity
7642,SEC_0247,Derivative
7643,SEC_0267,Fixed Income
7644,SEC_0461,Equity
7645,SEC_0251,ETF
7646,SEC_0490,Equity
7647,SEC_0003,Derivative
7648,SEC_0393,Derivative
7649,SEC_0316,Equity
7650,SEC_0076,ETF
7651,SEC_0087,Equity
7652,SEC_0270,Derivative
7653,SEC_0225,Equity
7654,SEC_0018,Fixed Income
7655,SEC_0113,ETF
7656,SEC_0251,FX
7657,SEC_0233,Equity
7658,SEC_0329,Fixed Income
7659,SEC_0279,Derivative
7660,SEC_0202,Equity
7661,SEC_0083,ETF
7662,SEC_0125,ETF
7663,SEC_0175,Equity
7664,SEC_0069,Derivative
7665,SEC_0047,ETF
7666,SEC_0372,Equity
7667,SEC_0256,Equity
7668,SEC_0215,Equity
7669,SEC_0030,Equity
7670,SEC_0281,ETF
7671,SEC_0412,Equity
7672,SEC_0482,Equity
7673,SEC_0237,Equity
7674,SEC_0248,Equity
7675,SEC_0368,Fixed Income
7676,SEC_0495,Derivative
7677,SEC_0025,Fixed Income
7678,SEC_0074,Equity
7679,SEC_0206,Derivative
7680,SEC_0490,ETF
7681,SEC_0494,Equity
7682,SEC_0314,Equity
7683,SEC_0094,Equity
7684,SEC_0375,Equity
7685,SEC_0127,FX
7686,SEC_0425,Derivative
7687,SEC_0025,Equity
7688,SEC_0334,Equity
7689,SEC_0355,Fixed Income
7690,SEC_0116,Equity
7691,SEC_0048,ETF
7692,SEC_0226,Derivative
7693,SEC_0266,Equity
7694,SEC_0099,Equity
7695,SEC_0459,Derivative
7696,SEC_0011,Fixed Income
7697,SEC_0085,Derivative
7698,SEC_0405,Equity
7699,SEC_0214,Equity
7700,SEC_0173,FX
7701,SEC_0391,Fixed Income
7702,SEC_0209,Equity
7703,SEC_0448,Equity
7704,SEC_0382,Equity
7705,SEC_0064,Derivative
7706,SEC_0258,Equity
7707,SEC_0332,Fixed Income
7708,SEC_0121,Equity
7709,SEC_0298,Derivative
7710,SEC_0466,Equity
7711,SEC_0054,Equity
7712,SEC_0331,Equity
7713,SEC_0272,Equity
7714,SEC_0241,Fixed Income
7715,SEC_0243,Equity
7716,SEC_0018,ETF
7717,SEC_0483,Fixed Income
7718,SEC_0187,Equity
7719,SEC_0346,Fixed Income
7720,SEC_0144,ETF
7721,SEC_0262,ETF
7722,SEC_0441,ETF
7723,SEC_0364,ETF
7724,SEC_0491,Equity
7725,SEC_0431,Equity
7726,SEC_0239,FX
7727,SEC_0304,Derivative
7728,SEC_0298,Equity
7729,SEC_0076,Equity
7730,SEC_0188,ETF
7731,SEC_0333,ETF
7732,SEC_0388,Equity
7733,SEC_0487,Equity
7734,SEC_0246,ETF
7735,SEC_0130,Equity
7736,SEC_0474,Derivative
7737,SEC_0315,Equity
7738,SEC_0411,Derivative
7739,SEC_0283,Equity
7740,SEC_0079,ETF
7741,SEC_0072,Equity
7742,SEC_0263,Fixed Income
7743,SEC_0191,Fixed Income
7744,SEC_0367,FX
7745,SEC_0375,Equity
7746,SEC_0430,FX
7747,SEC_0063,Equity
7748,SEC_0488,ETF
7749,SEC_0380,Equity
7750,SEC_0012,Derivative
7751,SEC_0141,Derivative
7752,SEC_0254,Equity
7753,SEC_0043,Equity
7754,SEC_0017,ETF
7755,SEC_0063,Equity
7756,SEC_0253,Derivative
7757,SEC_0465,Equity
7758,SEC_0376,ETF
7759,SEC_0292,Derivative
7760,SEC_0469,ETF
7761,SEC_0008,ETF
7762,SEC_0325,Fixed Income
7763,SEC_0090,Equity
7764,SEC_0208,Equity
7765,SEC_0292,Equity
7766,SEC_0284,Equity
7767,SEC_0118,Fixed Income
7768,SEC_0349,ETF
7769,SEC_0175,Equity
7770,SEC_0076,Equity
7771,SEC_0101,Fixed Income
7772,SEC_0414,ETF
7773,SEC_0151,Equity
7774,SEC_0400,Equity
7775,SEC_0270,Equity
7776,SEC_0458,Equity
7777,SEC_0071,Derivative
7778,SEC_0493,Derivative
7779,SEC_0180,Derivative
7780,SEC_0124,ETF
7781,SEC_0381,ETF
7782,SEC_0293,Fixed Income
7783,SEC_0285,Equity
7784,SEC_0195,Equity
7785,SEC_0399,Fixed Income
7786,SEC_0228,ETF
7787,SEC_0431,Fixed Income
7788,SEC_0430,ETF
7789,SEC_0436,Equity
7790,SEC_0275,Equity
7791,SEC_0461,Derivative
7792,SEC_0106,ETF
7793,SEC_0021,Equity
7794,SEC_0064,Equity
7795,SEC_0165,Equity
7796,SEC_0027,Equity
7797,SEC_0311,Equity
7798,SEC_0500,Equity
7799,SEC_0285,Fixed Income
7800,SEC_0148,Fixed Income
7801,SEC_0281,Fixed Income
7802,SEC_0326,FX
7803,SEC_0319,Derivative
7804,SEC_0164,Equity
7805,SEC_0386,Equity
7806,SEC_0406,Equity
7807,SEC_0224,Equity
7808,SEC_0272,Equity
7809,SEC_0146,Equity
7810,SEC_0453,Equity
7811,SEC_0438,Derivative
7812,SEC_0356,ETF
7813,SEC_0030,ETF
7814,SEC_0045,Derivative
7815,SEC_0275,Derivative
7816,SEC_0471,ETF
7817,SEC_0034,Derivative
7818,SEC_0141,Fixed Income
7819,SEC_0427,FX
7820,SEC_0318,Equity
7821,SEC_0374,Equity
7822,SEC_0221,Equity
7823,SEC_0356,Equity
7824,SEC_0022,Derivative
7825,SEC_0180,ETF
7826,SEC_0436,ETF
7827,SEC_0367,Equity
7828,SEC_0420,ETF
7829,SEC_0329,Derivative
7830,SEC_0231,Equity
7831,SEC_0499,Fixed Income
7832,SEC_0403,Equity
7833,SEC_0038,Equity
7834,SEC_0070,Fixed Income
7835,SEC_0116,Fixed Income
7836,SEC_0239,Equity
7837,SEC_0335,ETF
7838,SEC_0441,FX
7839,SEC_0148,Equity
7840,SEC_0009,Derivative
7841,SEC_0288,Fixed Income
7842,SEC_0388,Fixed Income
7843,SEC_0050,Derivative
7844,SEC_0338,Equity
7845,SEC_0005,Fixed Income
7846,SEC_0404,Derivative
7847,SEC_0343,Derivative
7848,SEC_0126,Equity
7849,SEC_0075,Derivative
7850,SEC_0165,ETF
7851,SEC_0278,Derivative
7852,SEC_0442,ETF
7853,SEC_0324,Equity
7854,SEC_0477,Equity
7855,SEC_0300,Equity
7856,SEC_0290,Derivative
7857,SEC_0077,ETF
7858,SEC_0298,ETF
7859,SEC_0137,Equity
7860,SEC_0106,FX
7861,SEC_0095,ETF
7862,SEC_0135,Equity
7863,SEC_0068,FX
7864,SEC_0147,ETF
7865,SEC_0490,ETF
7866,SEC_0478,Equity
7867,SEC_0159,Equity
7868,SEC_0384,FX
7869,SEC_0163,ETF
7870,SEC_0441,Fixed Income
7871,SEC_0341,Fixed Income
7872,SEC_0189,ETF
7873,SEC_0415,Equity
7874,SEC_0339,Derivative
7875,SEC_0095,Equity
7876,SEC_0181,Equity
7877,SEC_0288,Equity
7878,SEC_0322,Equity
7879,SEC_0187,ETF
7880,SEC_0372,Equity
7881,SEC_0138,Equity
7882,SEC_0130,Fixed Income
7883,SEC_0194,Fixed Income
7884,SEC_0316,Fixed Income
7885,SEC_0472,Fixed Income
7886,SEC_0273,Equity
7887,SEC_0352,Equity
7888,SEC_0144,Equity
7889,SEC_0016,ETF
7890,SEC_0302,Fixed Income
7891,SEC_0423,Equity
7892,SEC_0245,Equity
7893,SEC_0415,Derivative
7894,SEC_0107,Equity
7895,SEC_0088,Derivative
7896,SEC_0129,Equity
7897,SEC_0395,Equity
7898,SEC_0375,ETF
7899,SEC_0341,Equity
7900,SEC_0004,Derivative
7901,SEC_0327,Equity
7902,SEC_0410,Fixed Income
7903,SEC_0367,Equity
7904,SEC_0306,Equity
7905,SEC_0396,Equity
7906,SEC_0095,Derivative
7907,SEC_0209,ETF
7908,SEC_0225,Equity
7909,SEC_0459,Equity
7910,SEC_0348,Fixed Income
7911,SEC_0480,Fixed Income
7912,SEC_0321,Derivative
7913,SEC_0047,Derivative
7914,SEC_0476,Derivative
7915,SEC_0181,Equity
7916,SEC_0106,Equity
7917,SEC_0199,ETF
7918,SEC_0386,Fixed Income
7919,SEC_0106,ETF
7920,SEC_0280,Fixed Income
7921,SEC_0260,Fixed Income
7922,SEC_0108,FX
7923,SEC_0019,Equity
7924,SEC_0410,Equity
7925,SEC_0459,ETF
7926,SEC_0296,Equity
7927,SEC_0306,Equity
7928,SEC_0171,Fixed Income
7929,SEC_0331,FX
7930,SEC_0493,Equity
7931,SEC_0195,Fixed Income
7932,SEC_0012,Equity
7933,SEC_0195,ETF
7934,SEC_0490,Derivative
7935,SEC_0283,ETF
7936,SEC_0369,Derivative
7937,SEC_0182,Derivative
7938,SEC_0450,ETF
7939,SEC_0305,Equity
7940,SEC_0144,Equity
7941,SEC_0386,Derivative
7942,SEC_0316,ETF
7943,SEC_0182,Derivative
7944,SEC_0030,Equity
7945,SEC_0084,ETF
7946,SEC_0166,Derivative
7947,SEC_0284,Derivative
7948,SEC_0281,Derivative
7949,SEC_0096,Derivative
7950,SEC_0381,Equity
7951,SEC_0266,Equity
7952,SEC_0444,ETF
7953,SEC_0298,Equity
7954,SEC_0296,Derivative
7955,SEC_0225,Equity
7956,SEC_0333,ETF
7957,SEC_0361,Fixed Income
7958,SEC_0374,FX
7959,SEC_0042,Equity
7960,SEC_0303,Equity
7961,SEC_0421,Derivative
7962,SEC_0246,Equity
7963,SEC_0208,Derivative
7964,SEC_0237,Fixed Income
7965,SEC_0022,Derivative
7966,SEC_0185,Equity
7967,SEC_0468,Fixed Income
7968,SEC_0242,FX
7969,SEC_0363,Equity
7970,SEC_0283,Derivative
7971,SEC_0041,Equity
7972,SEC_0336,Equity
7973,SEC_0162,Equity
7974,SEC_0160,Equity
7975,SEC_0474,ETF
7976,SEC_0089,Fixed Income
7977,SEC_0322,Equity
7978,SEC_0012,Equity
7979,SEC_0424,Derivative
7980,SEC_0073,Derivative
7981,SEC_0076,Equity
7982,SEC_0346,Equity
7983,SEC_0201,ETF
7984,SEC_0010,Equity
7985,SEC_0352,Equity
7986,SEC_0226,Equity
7987,SEC_0176,Fixed Income
7988,SEC_0276,Derivative
7989,SEC_0039,Fixed Income
7990,SEC_0060,Equity
7991,SEC_0066,Fixed Income
7992,SEC_0321,Equity
7993,SEC_0435,Derivative
7994,SEC_0124,Fixed Income
7995,SEC_0164,ETF
7996,SEC_0408,Fixed Income
7997,SEC_0411,FX
7998,SEC_0386,Fixed Income
7999,SEC_0159,Equity
8000,SEC_0057,FX
8001,SEC_0078,Equity
8002,SEC_0194,Derivative
8003,SEC_0285,Equity
8004,SEC_0015,Equity
8005,SEC_0012,Fixed Income
8006,SEC_0101,FX
8007,SEC_0156,Derivative
8008,SEC_0340,Derivative
8009,SEC_0125,Equity
8010,SEC_0359,ETF
8011,SEC_0280,Equity
8012,SEC_0405,Equity
8013,SEC_0394,Equity
8014,SEC_0110,Derivative
8015,SEC_0334,Equity
8016,SEC_0357,Equity
8017,SEC_0146,Fixed Income
8018,SEC_0216,FX
8019,SEC_0398,FX
8020,SEC_0162,Fixed Income
8021,SEC_0128,ETF
8022,SEC_0314,ETF
8023,SEC_0332,Equity
8024,SEC_0150,Derivative
8025,SEC_0454,Fixed Income
8026,SEC_0036,Equity
8027,SEC_0173,Equity
8028,SEC_0420,Derivative
8029,SEC_0022,Fixed Income
8030,SEC_0206,Fixed Income
8031,SEC_0127,Equity
8032,SEC_0336,ETF
8033,SEC_0445,Derivative
8034,SEC_0356,ETF
8035,SEC_0440,Equity
8036,SEC_0217,Fixed Income
8037,SEC_0096,FX
8038,SEC_0417,Equity
8039,SEC_0429,Equity
8040,SEC_0164,Equity
8041,SEC_0148,ETF
8042,SEC_0018,Fixed Income
8043,SEC_0294,Equity
8044,SEC_0195,Derivative
8045,SEC_0151,Derivative
8046,SEC_0480,Equity
8047,SEC_0365,ETF
8048,SEC_0123,Derivative
8049,SEC_0400,Equity
8050,SEC_0187,Derivative
8051,SEC_0453,Derivative
8052,SEC_0452,Equity
8053,SEC_0149,ETF
8054,SEC_0104,Derivative
8055,SEC_0243,Derivative
8056,SEC_0462,Equity
8057,SEC_0231,Equity
8058,SEC_0479,Equity
8059,SEC_0206,Equity
8060,SEC_0198,ETF
8061,SEC_0396,ETF
8062,SEC_0400,Equity
8063,SEC_0337,Derivative
8064,SEC_0493,Equity
8065,SEC_0087,Equity
8066,SEC_0142,Equity
8067,SEC_0317,Equity
8068,SEC_0199,Equity
8069,SEC_0046,Equity
8070,SEC_0288,Derivative
8071,SEC_0015,Equity
8072,SEC_0044,Fixed Income
8073,SEC_0401,ETF
8074,SEC_0169,Equity
8075,SEC_0310,Derivative
8076,SEC_0495,Equity
8077,SEC_0044,Fixed Income
8078,SEC_0098,Equity
8079,SEC_0261,Fixed Income
8080,SEC_0109,Derivative
8081,SEC_0283,Equity
8082,SEC_0372,Equity
8083,SEC_0343,Fixed Income
8084,SEC_0104,Equity
8085,SEC_0256,Equity
8086,SEC_0379,Fixed Income
8087,SEC_0206,Equity
8088,SEC_0335,Equity
8089,SEC_0043,FX
8090,SEC_0353,Fixed Income
8091,SEC_0245,Derivative
8092,SEC_0287,Derivative
8093,SEC_0355,ETF
8094,SEC_0273,Equity
8095,SEC_0476,FX
8096,SEC_0083,Fixed Income
8097,SEC_0110,ETF
8098,SEC_0438,ETF
8099,SEC_0190,Derivative
8100,SEC_0471,Fixed Income
8101,SEC_0288,Equity
8102,SEC_0424,Equity
8103,SEC_0397,FX
8104,SEC_0251,Equity
8105,SEC_0212,Equity
8106,SEC_0291,ETF
8107,SEC_0133,ETF
8108,SEC_0201,Equity
8109,SEC_0285,ETF
8110,SEC_0326,ETF
8111,SEC_0409,Fixed Income
8112,SEC_0095,Equity
8113,SEC_0278,ETF
8114,SEC_0450,Equity
8115,SEC_0429,Derivative
8116,SEC_0325,Equity
8117,SEC_0219,FX
8118,SEC_0089,Equity
8119,SEC_0072,Fixed Income
8120,SEC_0247,Derivative
8121,SEC_0129,Equity
8122,SEC_0212,Derivative
8123,SEC_0428,ETF
8124,SEC_0343,ETF
8125,SEC_0096,ETF
8126,SEC_0075,Fixed Income
8127,SEC_0423,Derivative
8128,SEC_0495,Equity
8129,SEC_0054,Fixed Income
8130,SEC_0344,Equity
8131,SEC_0459,Equity
8132,SEC_0413,Equity
8133,SEC_0054,Fixed Income
8134,SEC_0218,Equity
8135,SEC_0016,Equity
8136,SEC_0099,Equity
8137,SEC_0020,Equity
8138,SEC_0046,ETF
8139,SEC_0451,Fixed Income
8140,SEC_0193,Fixed Income
8141,SEC_0383,Equity
8142,SEC_0058,Fixed Income
8143,SEC_0437,Derivative
8144,SEC_0111,Equity
8145,SEC_0129,ETF
8146,SEC_0337,ETF
8147,SEC_0194,ETF
8148,SEC_0413,Equity
8149,SEC_0340,Derivative
8150,SEC_0326,Equity
8151,SEC_0008,Derivative
8152,SEC_0029,ETF
8153,SEC_0112,Equity
8154,SEC_0435,Equity
8155,SEC_0161,Equity
8156,SEC_0131,Derivative
8157,SEC_0188,Derivative
8158,SEC_0163,Fixed Income
8159,SEC_0197,Derivative
8160,SEC_0475,Derivative
8161,SEC_0364,ETF
8162,SEC_0204,Equity
8163,SEC_0212,Equity
8164,SEC_0109,ETF
8165,SEC_0276,Fixed Income
8166,SEC_0073,Fixed Income
8167,SEC_0167,ETF
8168,SEC_0260,Derivative
8169,SEC_0243,Fixed Income
8170,SEC_0275,Equity
8171,SEC_0102,ETF
8172,SEC_0475,Equity
8173,SEC_0173,Equity
8174,SEC_0171,ETF
8175,SEC_0141,Fixed Income
8176,SEC_0397,FX
8177,SEC_0188,Fixed Income
8178,SEC_0441,Equity
8179,SEC_0086,Derivative
8180,SEC_0476,Derivative
8181,SEC_0052,Equity
8182,SEC_0111,Fixed Income
8183,SEC_0437,Equity
8184,SEC_0365,Fixed Income
8185,SEC_0342,Derivative
8186,SEC_0043,Fixed Income
8187,SEC_0211,ETF
8188,SEC_0456,Equity
8189,SEC_0500,Fixed Income
8190,SEC_0200,Equity
8191,SEC_0298,Derivative
8192,SEC_0346,Equity
8193,SEC_0240,Fixed Income
8194,SEC_0115,Equity
8195,SEC_0026,ETF
8196,SEC_0407,Derivative
8197,SEC_0299,Equity
8198,SEC_0077,Fixed Income
8199,SEC_0412,FX
8200,SEC_0137,ETF
8201,SEC_0020,Derivative
8202,SEC_0440,Equity
8203,SEC_0211,ETF
8204,SEC_0240,Equity
8205,SEC_0039,Fixed Income
8206,SEC_0435,Derivative
8207,SEC_0268,Equity
8208,SEC_0207,ETF
8209,SEC_0479,Equity
8210,SEC_0439,Equity
8211,SEC_0462,Equity
8212,SEC_0267,ETF
8213,SEC_0154,Equity
8214,SEC_0042,Equity
8215,SEC_0411,Equity
8216,SEC_0011,Equity
8217,SEC_0294,Fixed Income
8218,SEC_0098,Equity
8219,SEC_0427,Equity
8220,SEC_0275,Equity
8221,SEC_0448,Derivative
8222,SEC_0390,Equity
8223,SEC_0430,Fixed Income
8224,SEC_0372,Equity
8225,SEC_0230,ETF
8226,SEC_0369,Equity
8227,SEC_0426,Derivative
8228,SEC_0220,Derivative
8229,SEC_0065,ETF
8230,SEC_0355,Derivative
8231,SEC_0232,Equity
8232,SEC_0328,Equity
8233,SEC_0443,Equity
8234,SEC_0052,ETF
8235,SEC_0374,Equity
8236,SEC_0431,Derivative
8237,SEC_0376,Fixed Income
8238,SEC_0263,ETF
8239,SEC_0267,Derivative
8240,SEC_0359,Equity
8241,SEC_0317,Derivative
8242,SEC_0324,Equity
8243,SEC_0409,Derivative
8244,SEC_0396,ETF
8245,SEC_0154,ETF
8246,SEC_0358,Equity
8247,SEC_0366,Equity
8248,SEC_0140,Derivative
8249,SEC_0427,Derivative
8250,SEC_0051,Equity
8251,SEC_0117,Derivative
8252,SEC_0421,Equity
8253,SEC_0046,FX
8254,SEC_0309,Derivative
8255,SEC_0088,FX
8256,SEC_0208,Equity
8257,SEC_0377,ETF
8258,SEC_0269,Equity
8259,SEC_0089,Equity
8260,SEC_0381,Equity
8261,SEC_0118,Equity
8262,SEC_0054,Equity
8263,SEC_0441,Derivative
8264,SEC_0116,Derivative
8265,SEC_0118,Fixed Income
8266,SEC_0260,ETF
8267,SEC_0075,ETF
8268,SEC_0480,Equity
8269,SEC_0305,Equity
8270,SEC_0007,Derivative
8271,SEC_0366,FX
8272,SEC_0122,Equity
8273,SEC_0011,Derivative
8274,SEC_0348,Derivative
8275,SEC_0438,ETF
8276,SEC_0489,Fixed Income
8277,SEC_0215,Derivative
8278,SEC_0429,Derivative
8279,SEC_0279,Equity
8280,SEC_0498,Derivative
8281,SEC_0028,Fixed Income
8282,SEC_0235,Equity
8283,SEC_0367,Derivative
8284,SEC_0313,Equity
8285,SEC_0026,Fixed Income
8286,SEC_0409,Equity
8287,SEC_0054,Equity
8288,SEC_0029,Equity
8289,SEC_0467,Equity
8290,SEC_0353,Fixed Income
8291,SEC_0164,Equity
8292,SEC_0270,Equity
8293,SEC_0334,ETF
8294,SEC_0035,ETF
8295,SEC_0286,Fixed Income
8296,SEC_0348,Fixed Income
8297,SEC_0273,Fixed Income
8298,SEC_0451,Equity
8299,SEC_0208,ETF
8300,SEC_0238,Derivative
8301,SEC_0414,Equity
8302,SEC_0500,Equity
8303,SEC_0093,FX
8304,SEC_0173,Equity
8305,SEC_0079,Equity
8306,SEC_0110,Derivative
8307,SEC_0217,Equity
8308,SEC_0435,Derivative
8309,SEC_0358,ETF
8310,SEC_0106,Equity
8311,SEC_0047,Equity
8312,SEC_0181,ETF
8313,SEC_0064,Equity
8314,SEC_0246,Equity
8315,SEC_0244,ETF
8316,SEC_0422,Equity
8317,SEC_0320,Equity
8318,SEC_0087,Equity
8319,SEC_0217,ETF
8320,SEC_0490,Derivative
8321,SEC_0007,Fixed Income
8322,SEC_0278,Fixed Income
8323,SEC_0337,Equity
8324,SEC_0210,ETF
8325,SEC_0497,Derivative
8326,SEC_0169,Equity
8327,SEC_0330,ETF
8328,SEC_0138,ETF
8329,SEC_0441,Derivative
8330,SEC_0391,ETF
8331,SEC_0496,Equity
8332,SEC_0381,Derivative
8333,SEC_0306,Equity
8334,SEC_0230,Derivative
8335,SEC_0475,ETF
8336,SEC_0308,Fixed Income
8337,SEC_0161,Derivative
8338,SEC_0001,Equity
8339,SEC_0236,FX
8340,SEC_0437,Equity
8341,SEC_0188,Equity
8342,SEC_0418,FX
8343,SEC_0004,Fixed Income
8344,SEC_0401,Equity
8345,SEC_0132,Fixed Income
8346,SEC_0427,Derivative
8347,SEC_0218,FX
8348,SEC_0260,Equity
8349,SEC_0001,Derivative
8350,SEC_0071,Derivative
8351,SEC_0478,Derivative
8352,SEC_0178,Derivative
8353,SEC_0457,Fixed Income
8354,SEC_0189,ETF
8355,SEC_0291,ETF
8356,SEC_0008,Derivative
8357,SEC_0253,Equity
8358,SEC_0408,Equity
8359,SEC_0467,Derivative
8360,SEC_0292,Equity
8361,SEC_0434,Equity
8362,SEC_0244,ETF
8363,SEC_0123,Fixed Income
8364,SEC_0299,Equity
8365,SEC_0283,ETF
8366,SEC_0032,Derivative
8367,SEC_0334,Fixed Income
8368,SEC_0377,Equity
8369,SEC_0146,Derivative
8370,SEC_0156,Derivative
8371,SEC_0413,Derivative
8372,SEC_0016,Equity
8373,SEC_0355,Derivative
8374,SEC_0047,Fixed Income
8375,SEC_0251,ETF
8376,SEC_0187,FX
8377,SEC_0031,Equity
8378,SEC_0260,Equity
8379,SEC_0421,Derivative
8380,SEC_0017,Derivative
8381,SEC_0039,Equity
8382,SEC_0304,Equity
8383,SEC_0430,Equity
8384,SEC_0474,Equity
8385,SEC_0432,Equity
8386,SEC_0039,ETF
8387,SEC_0489,Derivative
8388,SEC_0132,ETF
8389,SEC_0030,ETF
8390,SEC_0158,FX
8391,SEC_0278,Fixed Income
8392,SEC_0203,ETF
8393,SEC_0066,Equity
8394,SEC_0108,Equity
8395,SEC_0268,Equity
8396,SEC_0222,Equity
8397,SEC_0292,Equity
8398,SEC_0018,Equity
8399,SEC_0090,Equity
8400,SEC_0181,Fixed Income
8401,SEC_0255,Derivative
8402,SEC_0455,Fixed Income
8403,SEC_0253,Equity
8404,SEC_0257,Equity
8405,SEC_0383,Equity
8406,SEC_0442,Derivative
8407,SEC_0346,Derivative
8408,SEC_0087,Equity
8409,SEC_0090,Equity
8410,SEC_0237,Equity
8411,SEC_0390,Equity
8412,SEC_0070,Equity
8413,SEC_0044,Equity
8414,SEC_0200,Equity
8415,SEC_0152,ETF
8416,SEC_0086,ETF
8417,SEC_0019,FX
8418,SEC_0101,Derivative
8419,SEC_0402,Equity
8420,SEC_0095,Equity
8421,SEC_0254,Equity
8422,SEC_0357,FX
8423,SEC_0030,ETF
8424,SEC_0249,Equity
8425,SEC_0426,Equity
8426,SEC_0033,Derivative
8427,SEC_0458,Equity
8428,SEC_0229,Derivative
8429,SEC_0012,Fixed Income
8430,SEC_0118,Equity
8431,SEC_0350,Derivative
8432,SEC_0155,Equity
8433,SEC_0423,Equity
8434,SEC_0393,ETF
8435,SEC_0246,Equity
8436,SEC_0405,Equity
8437,SEC_0332,Equity
8438,SEC_0247,Equity
8439,SEC_0029,Equity
8440,SEC_0161,Equity
8441,SEC_0235,Fixed Income
8442,SEC_0190,Equity
8443,SEC_0117,Derivative
8444,SEC_0271,Equity
8445,SEC_0258,Derivative
8446,SEC_0180,Equity
8447,SEC_0487,Equity
8448,SEC_0373,Equity
8449,SEC_0172,Derivative
8450,SEC_0438,Equity
8451,SEC_0274,Equity
8452,SEC_0259,Equity
8453,SEC_0135,FX
8454,SEC_0171,ETF
8455,SEC_0210,Equity
8456,SEC_0236,Fixed Income
8457,SEC_0422,Fixed Income
8458,SEC_0421,ETF
8459,SEC_0186,Derivative
8460,SEC_0417,Equity
8461,SEC_0364,Equity
8462,SEC_0443,Fixed Income
8463,SEC_0095,FX
8464,SEC_0378,Equity
8465,SEC_0011,Derivative
8466,SEC_0068,Fixed Income
8467,SEC_0379,Equity
8468,SEC_0210,Fixed Income
8469,SEC_0196,ETF
8470,SEC_0369,Equity
8471,SEC_0098,Derivative
8472,SEC_0093,Equity
8473,SEC_0472,Equity
8474,SEC_0022,ETF
8475,SEC_0450,Derivative
8476,SEC_0172,FX
8477,SEC_0383,Equity
8478,SEC_0134,Equity
8479,SEC_0426,Equity
8480,SEC_0025,Fixed Income
8481,SEC_0185,FX
8482,SEC_0085,Equity
8483,SEC_0055,Equity
8484,SEC_0251,Fixed Income
8485,SEC_0144,ETF
8486,SEC_0351,Fixed Income
8487,SEC_0398,Fixed Income
8488,SEC_0167,Derivative
8489,SEC_0412,Equity
8490,SEC_0224,Equity
8491,SEC_0220,Fixed Income
8492,SEC_0179,Derivative
8493,SEC_0119,FX
8494,SEC_0433,Equity
8495,SEC_0265,Equity
8496,SEC_0442,Fixed Income
8497,SEC_0429,Fixed Income
8498,SEC_0150,Equity
8499,SEC_0416,Fixed Income
8500,SEC_0453,Derivative
8501,SEC_0215,Fixed Income
8502,SEC_0197,Fixed Income
8503,SEC_0042,Derivative
8504,SEC_0053,Derivative
8505,SEC_0480,Equity
8506,SEC_0443,ETF
8507,SEC_0330,Equity
8508,SEC_0251,Equity
8509,SEC_0295,Equity
8510,SEC_0378,Derivative
8511,SEC_0271,Derivative
8512,SEC_0455,Derivative
8513,SEC_0413,Equity
8514,SEC_0123,Derivative
8515,SEC_0367,Equity
8516,SEC_0387,ETF
8517,SEC_0339,Equity
8518,SEC_0266,Equity
8519,SEC_0348,ETF
8520,SEC_0029,Fixed Income
8521,SEC_0463,Equity
8522,SEC_0035,Equity
8523,SEC_0006,Derivative
8524,SEC_0396,Equity
8525,SEC_0111,Equity
8526,SEC_0294,Equity
8527,SEC_0077,Fixed Income
8528,SEC_0349,ETF
8529,SEC_0147,ETF
8530,SEC_0067,ETF
8531,SEC_0392,Fixed Income
8532,SEC_0008,Derivative
8533,SEC_0122,Fixed Income
8534,SEC_0340,Fixed Income
8535,SEC_0175,Derivative
8536,SEC_0388,Derivative
8537,SEC_0179,Equity
8538,SEC_0085,ETF
8539,SEC_0451,Derivative
8540,SEC_0045,Derivative
8541,SEC_0136,ETF
8542,SEC_0343,Fixed Income
8543,SEC_0016,Derivative
8544,SEC_0333,Fixed Income
8545,SEC_0195,Fixed Income
8546,SEC_0496,Equity
8547,SEC_0009,Derivative
8548,SEC_0316,ETF
8549,SEC_0334,ETF
8550,SEC_0333,Equity
8551,SEC_0327,Equity
8552,SEC_0015,Derivative
8553,SEC_0327,ETF
8554,SEC_0102,Derivative
8555,SEC_0226,Fixed Income
8556,SEC_0425,Derivative
8557,SEC_0278,Equity
8558,SEC_0408,Derivative
8559,SEC_0113,Equity
8560,SEC_0485,Equity
8561,SEC_0428,Derivative
8562,SEC_0001,Fixed Income
8563,SEC_0266,Equity
8564,SEC_0491,Fixed Income
8565,SEC_0208,Equity
8566,SEC_0110,Equity
8567,SEC_0200,Equity
8568,SEC_0440,Equity
8569,SEC_0369,Equity
8570,SEC_0473,Equity
8571,SEC_0306,Equity
8572,SEC_0012,Fixed Income
8573,SEC_0345,Equity
8574,SEC_0465,Derivative
8575,SEC_0188,Derivative
8576,SEC_0154,Derivative
8577,SEC_0494,Fixed Income
8578,SEC_0368,Equity
8579,SEC_0334,Equity
8580,SEC_0425,Derivative
8581,SEC_0420,Fixed Income
8582,SEC_0377,FX
8583,SEC_0279,Derivative
8584,SEC_0171,ETF
8585,SEC_0134,ETF
8586,SEC_0495,Derivative
8587,SEC_0453,Equity
8588,SEC_0427,ETF
8589,SEC_0025,Derivative
8590,SEC_0018,Derivative
8591,SEC_0190,Equity
8592,SEC_0141,Fixed Income
8593,SEC_0043,FX
8594,SEC_0334,Equity
8595,SEC_0284,Equity
8596,SEC_0146,Fixed Income
8597,SEC_0315,Equity
8598,SEC_0444,Equity
8599,SEC_0319,Fixed Income
8600,SEC_0441,Equity
8601,SEC_0092,Equity
8602,SEC_0179,Equity
8603,SEC_0056,ETF
8604,SEC_0155,Equity
8605,SEC_0160,Fixed Income
8606,SEC_0111,Equity
8607,SEC_0137,Equity
8608,SEC_0232,Equity
8609,SEC_0480,ETF
8610,SEC_0468,Equity
8611,SEC_0220,Fixed Income
8612,SEC_0481,FX
8613,SEC_0068,Derivative
8614,SEC_0302,FX
8615,SEC_0249,Equity
8616,SEC_0482,Fixed Income
8617,SEC_0496,ETF
8618,SEC_0323,Derivative
8619,SEC_0410,Fixed Income
8620,SEC_0392,Fixed Income
8621,SEC_0006,Equity
8622,SEC_0464,Fixed Income
8623,SEC_0280,Equity
8624,SEC_0432,Equity
8625,SEC_0487,Fixed Income
8626,SEC_0094,Equity
8627,SEC_0429,Equity
8628,SEC_0269,Equity
8629,SEC_0197,ETF
8630,SEC_0025,Derivative
8631,SEC_0148,Fixed Income
8632,SEC_0118,Equity
8633,SEC_0338,Fixed Income
8634,SEC_0367,FX
8635,SEC_0338,Equity
8636,SEC_0066,ETF
8637,SEC_0458,FX
8638,SEC_0301,ETF
8639,SEC_0370,Fixed Income
8640,SEC_0175,FX
8641,SEC_0319,Fixed Income
8642,SEC_0076,Equity
8643,SEC_0495,Derivative
8644,SEC_0461,Equity
8645,SEC_0114,Fixed Income
8646,SEC_0111,Equity
8647,SEC_0249,Equity
8648,SEC_0439,Derivative
8649,SEC_0203,Derivative
8650,SEC_0147,Derivative
8651,SEC_0035,ETF
8652,SEC_0487,Equity
8653,SEC_0309,Equity
8654,SEC_0026,Fixed Income
8655,SEC_0238,Equity
8656,SEC_0014,Derivative
8657,SEC_0374,Fixed Income
8658,SEC_0045,Equity
8659,SEC_0428,ETF
8660,SEC_0216,FX
8661,SEC_0233,Equity
8662,SEC_0193,Equity
8663,SEC_0051,ETF
8664,SEC_0427,Equity
8665,SEC_0375,ETF
8666,SEC_0214,Fixed Income
8667,SEC_0151,Equity
8668,SEC_0440,Fixed Income
8669,SEC_0275,Equity
8670,SEC_0338,Derivative
8671,SEC_0076,FX
8672,SEC_0439,ETF
8673,SEC_0220,Derivative
8674,SEC_0348,Equity
8675,SEC_0444,Fixed Income
8676,SEC_0187,Fixed Income
8677,SEC_0289,ETF
8678,SEC_0403,Equity
8679,SEC_0028,Fixed Income
8680,SEC_0379,Equity
8681,SEC_0180,Equity
8682,SEC_0253,Fixed Income
8683,SEC_0126,Derivative
8684,SEC_0177,Equity
8685,SEC_0037,Equity
8686,SEC_0410,Equity
8687,SEC_0099,Derivative
8688,SEC_0098,Equity
8689,SEC_0127,Fixed Income
8690,SEC_0483,Equity
8691,SEC_0168,Fixed Income
8692,SEC_0080,Equity
8693,SEC_0294,ETF
8694,SEC_0333,Fixed Income
8695,SEC_0126,Derivative
8696,SEC_0343,ETF
8697,SEC_0310,Equity
8698,SEC_0150,Fixed Income
8699,SEC_0016,ETF
8700,SEC_0028,Fixed Income
8701,SEC_0496,Equity
8702,SEC_0419,Equity
8703,SEC_0444,Equity
8704,SEC_0173,FX
8705,SEC_0046,Equity
8706,SEC_0328,Equity
8707,SEC_0236,Fixed Income
8708,SEC_0439,Derivative
8709,SEC_0214,Fixed Income
8710,SEC_0085,ETF
8711,SEC_0282,Equity
8712,SEC_0232,Derivative
8713,SEC_0085,Equity
8714,SEC_0409,Equity
8715,SEC_0489,Derivative
8716,SEC_0065,Fixed Income
8717,SEC_0134,ETF
8718,SEC_0151,Derivative
8719,SEC_0115,Equity
8720,SEC_0064,Derivative
8721,SEC_0343,Fixed Income
8722,SEC_0427,Equity
8723,SEC_0363,Equity
8724,SEC_0407,ETF
8725,SEC_0352,Equity
8726,SEC_0158,Derivative
8727,SEC_0077,Equity
8728,SEC_0491,Derivative
8729,SEC_0146,Derivative
8730,SEC_0343,Fixed Income
8731,SEC_0463,Derivative
8732,SEC_0225,Fixed Income
8733,SEC_0405,Fixed Income
8734,SEC_0313,ETF
8735,SEC_0103,ETF
8736,SEC_0407,Equity
8737,SEC_0347,Equity
8738,SEC_0301,Equity
8739,SEC_0428,Derivative
8740,SEC_0466,Derivative
8741,SEC_0088,Equity
8742,SEC_0371,Equity
8743,SEC_0303,FX
8744,SEC_0168,Equity
8745,SEC_0435,Equity
8746,SEC_0170,Equity
8747,SEC_0135,ETF
8748,SEC_0050,Equity
8749,SEC_0432,Derivative
8750,SEC_0340,ETF
8751,SEC_0347,Equity
8752,SEC_0134,FX
8753,SEC_0347,ETF
8754,SEC_0137,Equity
8755,SEC_0245,ETF
8756,SEC_0109,Equity
8757,SEC_0313,Equity
8758,SEC_0287,Derivative
8759,SEC_0021,Fixed Income
8760,SEC_0090,Derivative
8761,SEC_0296,Fixed Income
8762,SEC_0112,FX
8763,SEC_0301,Equity
8764,SEC_0077,Equity
8765,SEC_0177,Derivative
8766,SEC_0343,Equity
8767,SEC_0148,Derivative
8768,SEC_0101,ETF
8769,SEC_0246,Equity
8770,SEC_0117,ETF
8771,SEC_0092,Equity
8772,SEC_0401,ETF
8773,SEC_0028,ETF
8774,SEC_0425,Fixed Income
8775,SEC_0450,Fixed Income
8776,SEC_0025,Derivative
8777,SEC_0058,ETF
8778,SEC_0498,Equity
8779,SEC_0297,Equity
8780,SEC_0134,Equity
8781,SEC_0331,Derivative
8782,SEC_0249,Equity
8783,SEC_0038,FX
8784,SEC_0390,Equity
8785,SEC_0429,ETF
8786,SEC_0075,Equity
8787,SEC_0142,ETF
8788,SEC_0322,Equity
8789,SEC_0168,Equity
8790,SEC_0259,Fixed Income
8791,SEC_0373,Equity
8792,SEC_0355,Derivative
8793,SEC_0225,Derivative
8794,SEC_0152,Derivative
8795,SEC_0019,ETF
8796,SEC_0146,Fixed Income
8797,SEC_0448,ETF
8798,SEC_0241,Equity
8799,SEC_0372,Derivative
8800,SEC_0381,Equity
8801,SEC_0344,Fixed Income
8802,SEC_0237,Fixed Income
8803,SEC_0035,ETF
8804,SEC_0190,Derivative
8805,SEC_0001,Equity
8806,SEC_0484,ETF
8807,SEC_0153,ETF
8808,SEC_0429,Equity
8809,SEC_0433,ETF
8810,SEC_0126,Fixed Income
8811,SEC_0491,Derivative
8812,SEC_0482,Equity
8813,SEC_0345,Equity
8814,SEC_0400,Derivative
8815,SEC_0226,Equity
8816,SEC_0221,Fixed Income
8817,SEC_0403,Derivative
8818,SEC_0407,FX
8819,SEC_0211,Derivative
8820,SEC_0025,FX
8821,SEC_0016,Equity
8822,SEC_0182,Equity
8823,SEC_0499,ETF
8824,SEC_0329,Derivative
8825,SEC_0129,Equity
8826,SEC_0042,Derivative
8827,SEC_0403,Equity
8828,SEC_0481,Equity
8829,SEC_0418,Equity
8830,SEC_0336,Derivative
8831,SEC_0236,Equity
8832,SEC_0360,Derivative
8833,SEC_0439,ETF
8834,SEC_0402,ETF
8835,SEC_0034,Equity
8836,SEC_0345,ETF
8837,SEC_0381,Fixed Income
8838,SEC_0045,Derivative
8839,SEC_0134,ETF
8840,SEC_0021,Derivative
8841,SEC_0122,Fixed Income
8842,SEC_0070,Fixed Income
8843,SEC_0352,Derivative
8844,SEC_0361,ETF
8845,SEC_0048,ETF
8846,SEC_0491,Fixed Income
8847,SEC_0039,Equity
8848,SEC_0287,Equity
8849,SEC_0490,Equity
8850,SEC_0010,Equity
8851,SEC_0030,Derivative
8852,SEC_0244,Derivative
8853,SEC_0274,Equity
8854,SEC_0444,Derivative
8855,SEC_0088,Derivative
8856,SEC_0244,Equity
8857,SEC_0381,Derivative
8858,SEC_0329,Derivative
8859,SEC_0479,Fixed Income
8860,SEC_0015,Equity
8861,SEC_0004,Equity
8862,SEC_0191,Equity
8863,SEC_0168,ETF
8864,SEC_0009,Equity
8865,SEC_0109,Derivative
8866,SEC_0137,ETF
8867,SEC_0154,Derivative
8868,SEC_0388,Equity
8869,SEC_0209,Derivative
8870,SEC_0272,Derivative
8871,SEC_0143,Equity
8872,SEC_0099,Derivative
8873,SEC_0377,Derivative
8874,SEC_0308,Equity
8875,SEC_0069,ETF
8876,SEC_0247,Equity
8877,SEC_0261,Fixed Income
8878,SEC_0276,Equity
8879,SEC_0079,Derivative
8880,SEC_0146,Equity
8881,SEC_0111,Equity
8882,SEC_0258,Equity
8883,SEC_0093,Derivative
8884,SEC_0013,Equity
8885,SEC_0260,Derivative
8886,SEC_0426,Derivative
8887,SEC_0109,Equity
8888,SEC_0330,Fixed Income
8889,SEC_0189,Fixed Income
8890,SEC_0095,Fixed Income
8891,SEC_0105,ETF
8892,SEC_0008,Equity
8893,SEC_0067,Derivative
8894,SEC_0496,ETF
8895,SEC_0191,Equity
8896,SEC_0366,Derivative
8897,SEC_0256,Derivative
8898,SEC_0009,Fixed Income
8899,SEC_0478,Fixed Income
8900,SEC_0117,Equity
8901,SEC_0267,Derivative
8902,SEC_0099,Equity
8903,SEC_0485,Fixed Income
8904,SEC_0298,ETF
8905,SEC_0397,Equity
8906,SEC_0164,Fixed Income
8907,SEC_0376,Fixed Income
8908,SEC_0141,Equity
8909,SEC_0268,Fixed Income
8910,SEC_0037,Equity
8911,SEC_0074,Fixed Income
8912,SEC_0073,Fixed Income
8913,SEC_0308,Fixed Income
8914,SEC_0199,Equity
8915,SEC_0130,Equity
8916,SEC_0246,FX
8917,SEC_0312,Equity
8918,SEC_0060,Equity
8919,SEC_0279,Derivative
8920,SEC_0103,Equity
8921,SEC_0296,Fixed Income
8922,SEC_0320,Derivative
8923,SEC_0487,Equity
8924,SEC_0341,Equity
8925,SEC_0151,Fixed Income
8926,SEC_0157,Equity
8927,SEC_0206,Equity
8928,SEC_0474,Equity
8929,SEC_0179,Equity
8930,SEC_0197,ETF
8931,SEC_0223,Equity
8932,SEC_0089,Fixed Income
8933,SEC_0287,Equity
8934,SEC_0434,Fixed Income
8935,SEC_0276,Fixed Income
8936,SEC_0236,Derivative
8937,SEC_0183,ETF
8938,SEC_0209,Equity
8939,SEC_0493,Equity
8940,SEC_0130,ETF
8941,SEC_0153,ETF
8942,SEC_0013,Equity
8943,SEC_0122,ETF
8944,SEC_0359,Derivative
8945,SEC_0220,Equity
8946,SEC_0106,ETF
8947,SEC_0375,Derivative
8948,SEC_0070,Derivative
8949,SEC_0195,Equity
8950,SEC_0186,Derivative
8951,SEC_0099,Equity
8952,SEC_0082,Derivative
8953,SEC_0075,Equity
8954,SEC_0374,Equity
8955,SEC_0340,Derivative
8956,SEC_0192,Equity
8957,SEC_0325,ETF
8958,SEC_0467,Fixed Income
8959,SEC_0214,FX
8960,SEC_0315,Equity
8961,SEC_0444,FX
8962,SEC_0467,Derivative
8963,SEC_0382,ETF
8964,SEC_0367,ETF
8965,SEC_0318,Equity
8966,SEC_0144,FX
8967,SEC_0384,Derivative
8968,SEC_0216,Derivative
8969,SEC_0361,ETF
8970,SEC_0324,Derivative
8971,SEC_0015,Derivative
8972,SEC_0217,Derivative
8973,SEC_0492,Derivative
8974,SEC_0439,Derivative
8975,SEC_0035,Equity
8976,SEC_0183,Derivative
8977,SEC_0270,ETF
8978,SEC_0433,Equity
8979,SEC_0467,Equity
8980,SEC_0358,Equity
8981,SEC_0100,Equity
8982,SEC_0007,ETF
8983,SEC_0030,Equity
8984,SEC_0467,Derivative
8985,SEC_0305,ETF
8986,SEC_0473,ETF
8987,SEC_0144,Equity
8988,SEC_0111,Fixed Income
8989,SEC_0232,Equity
8990,SEC_0179,Equity
8991,SEC_0072,Equity
8992,SEC_0210,Equity
8993,SEC_0220,Equity
8994,SEC_0080,Equity
8995,SEC_0500,Equity
8996,SEC_0083,ETF
8997,SEC_0042,Derivative
8998,SEC_0273,Derivative
8999,SEC_0191,Derivative
9000,SEC_0173,Equity
9001,SEC_0461,Derivative
9002,SEC_0007,Equity
9003,SEC_0155,Equity
9004,SEC_0010,Equity
9005,SEC_0034,Equity
9006,SEC_0036,Equity
9007,SEC_0409,ETF
9008,SEC_0006,FX
9009,SEC_0408,Fixed Income
9010,SEC_0402,Derivative
9011,SEC_0215,Derivative
9012,SEC_0134,Equity
9013,SEC_0285,Derivative
9014,SEC_0126,ETF
9015,SEC_0409,Fixed Income
9016,SEC_0439,FX
9017,SEC_0337,ETF
9018,SEC_0174,Derivative
9019,SEC_0152,ETF
9020,SEC_0331,Equity
9021,SEC_0026,Derivative
9022,SEC_0383,FX
9023,SEC_0115,Equity
9024,SEC_0382,ETF
9025,SEC_0482,ETF
9026,SEC_0284,Equity
9027,SEC_0387,ETF
9028,SEC_0075,Equity
9029,SEC_0166,Equity
9030,SEC_0189,Equity
9031,SEC_0078,ETF
9032,SEC_0435,Derivative
9033,SEC_0090,Equity
9034,SEC_0176,FX
9035,SEC_0021,Equity
9036,SEC_0054,Derivative
9037,SEC_0184,Equity
9038,SEC_0359,Equity
9039,SEC_0222,Derivative
9040,SEC_0315,Fixed Income
9041,SEC_0328,Derivative
9042,SEC_0179,Derivative
9043,SEC_0276,Equity
9044,SEC_0112,Derivative
9045,SEC_0224,Equity
9046,SEC_0214,Equity
9047,SEC_0059,Derivative
9048,SEC_0327,Derivative
9049,SEC_0393,ETF
9050,SEC_0109,FX
9051,SEC_0385,ETF
9052,SEC_0157,Fixed Income
9053,SEC_0191,Fixed Income
9054,SEC_0200,Equity
9055,SEC_0312,Derivative
9056,SEC_0196,Derivative
9057,SEC_0035,Fixed Income
9058,SEC_0379,Equity
9059,SEC_0387,Equity
9060,SEC_0246,Equity
9061,SEC_0237,Equity
9062,SEC_0104,Equity
9063,SEC_0007,ETF
9064,SEC_0283,ETF
9065,SEC_0001,ETF
9066,SEC_0219,FX
9067,SEC_0464,Fixed Income
9068,SEC_0230,ETF
9069,SEC_0455,Equity
9070,SEC_0172,Equity
9071,SEC_0087,Fixed Income
9072,SEC_0041,Fixed Income
9073,SEC_0123,Fixed Income
9074,SEC_0331,Equity
9075,SEC_0298,Derivative
9076,SEC_0373,Derivative
9077,SEC_0417,Equity
9078,SEC_0178,Fixed Income
9079,SEC_0063,Derivative
9080,SEC_0484,Equity
9081,SEC_0165,Equity
9082,SEC_0489,Fixed Income
9083,SEC_0187,Derivative
9084,SEC_0383,Derivative
9085,SEC_0209,Equity
9086,SEC_0227,Fixed Income
9087,SEC_0432,Equity
9088,SEC_0389,Equity
9089,SEC_0048,Fixed Income
9090,SEC_0224,Fixed Income
9091,SEC_0003,Equity
9092,SEC_0372,Equity
9093,SEC_0175,Equity
9094,SEC_0446,Derivative
9095,SEC_0099,Equity
9096,SEC_0116,Equity
9097,SEC_0270,ETF
9098,SEC_0447,Equity
9099,SEC_0368,Equity
9100,SEC_0253,Equity
9101,SEC_0317,Equity
9102,SEC_0415,Fixed Income
9103,SEC_0095,Equity
9104,SEC_0273,Equity
9105,SEC_0380,ETF
9106,SEC_0024,Equity
9107,SEC_0116,FX
9108,SEC_0151,ETF
9109,SEC_0338,ETF
9110,SEC_0050,Equity
9111,SEC_0206,ETF
9112,SEC_0498,Derivative
9113,SEC_0335,Fixed Income
9114,SEC_0079,Derivative
9115,SEC_0070,Equity
9116,SEC_0027,Equity
9117,SEC_0271,Fixed Income
9118,SEC_0050,Equity
9119,SEC_0292,Derivative
9120,SEC_0247,Equity
9121,SEC_0264,Derivative
9122,SEC_0079,Equity
9123,SEC_0387,Equity
9124,SEC_0190,Derivative
9125,SEC_0047,Equity
9126,SEC_0461,Derivative
9127,SEC_0361,Derivative
9128,SEC_0354,Equity
9129,SEC_0472,Equity
9130,SEC_0488,Equity
9131,SEC_0352,Derivative
9132,SEC_0189,Derivative
9133,SEC_0416,Equity
9134,SEC_0256,Equity
9135,SEC_0222,Equity
9136,SEC_0372,Equity
9137,SEC_0241,ETF
9138,SEC_0269,Equity
9139,SEC_0001,Equity
9140,SEC_0034,Derivative
9141,SEC_0446,FX
9142,SEC_0079,Fixed Income
9143,SEC_0236,Equity
9144,SEC_0334,Derivative
9145,SEC_0377,Derivative
9146,SEC_0349,Equity
9147,SEC_0098,Equity
9148,SEC_0082,Derivative
9149,SEC_0455,Equity
9150,SEC_0477,Fixed Income
9151,SEC_0415,Derivative
9152,SEC_0192,FX
9153,SEC_0253,FX
9154,SEC_0409,Derivative
9155,SEC_0038,ETF
9156,SEC_0014,Equity
9157,SEC_0392,FX
9158,SEC_0347,Derivative
9159,SEC_0310,Fixed Income
9160,SEC_0386,ETF
9161,SEC_0209,Derivative
9162,SEC_0357,Equity
9163,SEC_0462,Derivative
9164,SEC_0089,Fixed Income
9165,SEC_0056,Fixed Income
9166,SEC_0094,Fixed Income
9167,SEC_0093,Equity
9168,SEC_0340,Derivative
9169,SEC_0085,Equity
9170,SEC_0445,ETF
9171,SEC_0245,Derivative
9172,SEC_0022,Equity
9173,SEC_0291,Equity
9174,SEC_0485,Equity
9175,SEC_0272,Derivative
9176,SEC_0306,Equity
9177,SEC_0122,Fixed Income
9178,SEC_0128,Equity
9179,SEC_0113,ETF
9180,SEC_0427,Equity
9181,SEC_0273,Derivative
9182,SEC_0336,Equity
9183,SEC_0442,Equity
9184,SEC_0130,Equity
9185,SEC_0132,Derivative
9186,SEC_0085,ETF
9187,SEC_0423,Equity
9188,SEC_0482,FX
9189,SEC_0350,Equity
9190,SEC_0390,Fixed Income
9191,SEC_0081,Fixed Income
9192,SEC_0487,Fixed Income
9193,SEC_0473,Fixed Income
9194,SEC_0325,ETF
9195,SEC_0069,Equity
9196,SEC_0148,Derivative
9197,SEC_0448,Fixed Income
9198,SEC_0016,Equity
9199,SEC_0307,Equity
9200,SEC_0105,Derivative
9201,SEC_0165,Fixed Income
9202,SEC_0488,Derivative
9203,SEC_0201,Equity
9204,SEC_0197,Equity
9205,SEC_0426,ETF
9206,SEC_0185,ETF
9207,SEC_0322,Derivative
9208,SEC_0265,Derivative
9209,SEC_0363,Derivative
9210,SEC_0100,Fixed Income
9211,SEC_0342,Fixed Income
9212,SEC_0320,ETF
9213,SEC_0214,Derivative
9214,SEC_0278,Derivative
9215,SEC_0162,Equity
9216,SEC_0439,ETF
9217,SEC_0157,Fixed Income
9218,SEC_0422,ETF
9219,SEC_0251,Derivative
9220,SEC_0366,Equity
9221,SEC_0097,Fixed Income
9222,SEC_0018,ETF
9223,SEC_0327,Equity
9224,SEC_0449,ETF
9225,SEC_0383,FX
9226,SEC_0097,Equity
9227,SEC_0001,Equity
9228,SEC_0216,Equity
9229,SEC_0132,Equity
9230,SEC_0260,ETF
9231,SEC_0125,Derivative
9232,SEC_0082,Equity
9233,SEC_0283,Equity
9234,SEC_0171,Equity
9235,SEC_0059,ETF
9236,SEC_0032,FX
9237,SEC_0161,Equity
9238,SEC_0284,Derivative
9239,SEC_0106,ETF
9240,SEC_0105,Derivative
9241,SEC_0439,Equity
9242,SEC_0228,Derivative
9243,SEC_0188,Derivative
9244,SEC_0070,Equity
9245,SEC_0318,ETF
9246,SEC_0464,ETF
9247,SEC_0290,Fixed Income
9248,SEC_0087,Fixed Income
9249,SEC_0370,Equity
9250,SEC_0362,Derivative
9251,SEC_0472,Equity
9252,SEC_0056,Fixed Income
9253,SEC_0113,Equity
9254,SEC_0013,Equity
9255,SEC_0440,ETF
9256,SEC_0018,Fixed Income
9257,SEC_0182,Derivative
9258,SEC_0461,Derivative
9259,SEC_0113,ETF
9260,SEC_0229,ETF
9261,SEC_0171,Fixed Income
9262,SEC_0295,ETF
9263,SEC_0189,Equity
9264,SEC_0426,FX
9265,SEC_0465,Derivative
9266,SEC_0079,ETF
9267,SEC_0146,Fixed Income
9268,SEC_0407,Equity
9269,SEC_0182,Derivative
9270,SEC_0499,Fixed Income
9271,SEC_0286,Derivative
9272,SEC_0250,Derivative
9273,SEC_0354,Derivative
9274,SEC_0314,Equity
9275,SEC_0196,Fixed Income
9276,SEC_0323,Equity
9277,SEC_0071,Derivative
9278,SEC_0248,Equity
9279,SEC_0146,ETF
9280,SEC_0106,Equity
9281,SEC_0263,Equity
9282,SEC_0296,Derivative
9283,SEC_0070,Equity
9284,SEC_0470,Equity
9285,SEC_0193,Fixed Income
9286,SEC_0068,Equity
9287,SEC_0494,Equity
9288,SEC_0305,Equity
9289,SEC_0052,Equity
9290,SEC_0370,Derivative
9291,SEC_0363,Equity
9292,SEC_0285,Fixed Income
9293,SEC_0405,Fixed Income
9294,SEC_0474,ETF
9295,SEC_0334,Equity
9296,SEC_0009,ETF
9297,SEC_0251,Equity
9298,SEC_0431,Derivative
9299,SEC_0332,Equity
9300,SEC_0298,ETF
9301,SEC_0435,Derivative
9302,SEC_0184,Equity
9303,SEC_0179,Equity
9304,SEC_0198,Fixed Income
9305,SEC_0128,Fixed Income
9306,SEC_0020,FX
9307,SEC_0472,Fixed Income
9308,SEC_0411,Derivative
9309,SEC_0422,Equity
9310,SEC_0328,Equity
9311,SEC_0065,Equity
9312,SEC_0182,Equity
9313,SEC_0241,Equity
9314,SEC_0369,Derivative
9315,SEC_0024,Derivative
9316,SEC_0384,Equity
9317,SEC_0431,Fixed Income
9318,SEC_0455,Equity
9319,SEC_0083,ETF
9320,SEC_0470,FX
9321,SEC_0319,Derivative
9322,SEC_0185,Fixed Income
9323,SEC_0439,Equity
9324,SEC_0316,Equity
9325,SEC_0099,Derivative
9326,SEC_0062,ETF
9327,SEC_0286,Equity
9328,SEC_0477,Fixed Income
9329,SEC_0022,Fixed Income
9330,SEC_0459,FX
9331,SEC_0212,Fixed Income
9332,SEC_0126,Equity
9333,SEC_0413,Derivative
9334,SEC_0499,Equity
9335,SEC_0425,Derivative
9336,SEC_0042,Equity
9337,SEC_0098,Equity
9338,SEC_0449,Equity
9339,SEC_0031,Derivative
9340,SEC_0158,Equity
9341,SEC_0112,Equity
9342,SEC_0402,Equity
9343,SEC_0247,Equity
9344,SEC_0122,Fixed Income
9345,SEC_0273,Derivative
9346,SEC_0294,ETF
9347,SEC_0398,ETF
9348,SEC_0471,Equity
9349,SEC_0473,Equity
9350,SEC_0207,Equity
9351,SEC_0110,ETF
9352,SEC_0440,Equity
9353,SEC_0278,Fixed Income
9354,SEC_0451,Derivative
9355,SEC_0056,Equity
9356,SEC_0375,Fixed Income
9357,SEC_0403,Equity
9358,SEC_0057,Fixed Income
9359,SEC_0428,Equity
9360,SEC_0482,Equity
9361,SEC_0291,Equity
9362,SEC_0114,Derivative
9363,SEC_0381,ETF
9364,SEC_0385,ETF
9365,SEC_0308,Equity
9366,SEC_0341,Equity
9367,SEC_0477,Equity
9368,SEC_0198,Derivative
9369,SEC_0421,Equity
9370,SEC_0321,Equity
9371,SEC_0179,Equity
9372,SEC_0385,Fixed Income
9373,SEC_0219,Equity
9374,SEC_0277,ETF
9375,SEC_0437,Derivative
9376,SEC_0016,Equity
9377,SEC_0492,Equity
9378,SEC_0379,Equity
9379,SEC_0061,Equity
9380,SEC_0054,Equity
9381,SEC_0168,Derivative
9382,SEC_0026,Derivative
9383,SEC_0336,Equity
9384,SEC_0476,Fixed Income
9385,SEC_0065,ETF
9386,SEC_0100,FX
9387,SEC_0074,ETF
9388,SEC_0192,Equity
9389,SEC_0171,Fixed Income
9390,SEC_0273,Fixed Income
9391,SEC_0377,ETF
9392,SEC_0187,Equity
9393,SEC_0023,ETF
9394,SEC_0391,Fixed Income
9395,SEC_0428,Equity
9396,SEC_0181,Equity
9397,SEC_0327,Equity
9398,SEC_0108,Equity
9399,SEC_0335,Derivative
9400,SEC_0162,Fixed Income
9401,SEC_0302,Derivative
9402,SEC_0493,Derivative
9403,SEC_0452,ETF
9404,SEC_0206,Equity
9405,SEC_0078,Equity
9406,SEC_0016,Fixed Income
9407,SEC_0327,Equity
9408,SEC_0096,Equity
9409,SEC_0147,Derivative
9410,SEC_0002,Derivative
9411,SEC_0010,Derivative
9412,SEC_0434,ETF
9413,SEC_0125,Equity
9414,SEC_0081,ETF
9415,SEC_0485,Equity
9416,SEC_0140,ETF
9417,SEC_0326,Equity
9418,SEC_0150,ETF
9419,SEC_0288,Equity
9420,SEC_0361,Derivative
9421,SEC_0340,Equity
9422,SEC_0129,Equity
9423,SEC_0438,Equity
9424,SEC_0239,Derivative
9425,SEC_0058,Equity
9426,SEC_0198,Fixed Income
9427,SEC_0211,Equity
9428,SEC_0402,FX
9429,SEC_0390,Equity
9430,SEC_0045,Fixed Income
9431,SEC_0097,ETF
9432,SEC_0279,ETF
9433,SEC_0023,Equity
9434,SEC_0410,Equity
9435,SEC_0461,Equity
9436,SEC_0391,Derivative
9437,SEC_0335,Equity
9438,SEC_0044,Equity
9439,SEC_0027,Equity
9440,SEC_0282,Derivative
9441,SEC_0097,ETF
9442,SEC_0463,Derivative
9443,SEC_0036,Derivative
9444,SEC_0109,FX
9445,SEC_0055,Fixed Income
9446,SEC_0192,Derivative
9447,SEC_0219,Equity
9448,SEC_0185,Equity
9449,SEC_0069,Derivative
9450,SEC_0317,Equity
9451,SEC_0130,Fixed Income
9452,SEC_0055,Derivative
9453,SEC_0378,Fixed Income
9454,SEC_0097,Derivative
9455,SEC_0336,Equity
9456,SEC_0087,Equity
9457,SEC_0294,Equity
9458,SEC_0119,Equity
9459,SEC_0208,Equity
9460,SEC_0334,Equity
9461,SEC_0413,Equity
9462,SEC_0154,Equity
9463,SEC_0035,Equity
9464,SEC_0079,Fixed Income
9465,SEC_0067,Derivative
9466,SEC_0343,Equity
9467,SEC_0413,Derivative
9468,SEC_0034,Equity
9469,SEC_0097,ETF
9470,SEC_0169,Equity
9471,SEC_0169,Derivative
9472,SEC_0151,Equity
9473,SEC_0071,ETF
9474,SEC_0003,Derivative
9475,SEC_0314,Equity
9476,SEC_0032,Equity
9477,SEC_0287,Equity
9478,SEC_0082,Equity
9479,SEC_0043,Equity
9480,SEC_0391,Fixed Income
9481,SEC_0105,Equity
9482,SEC_0001,Fixed Income
9483,SEC_0061,Derivative
9484,SEC_0270,Equity
9485,SEC_0180,Equity
9486,SEC_0224,Fixed Income
9487,SEC_0006,Equity
9488,SEC_0103,Equity
9489,SEC_0010,Fixed Income
9490,SEC_0071,Equity
9491,SEC_0090,Equity
9492,SEC_0226,Derivative
9493,SEC_0158,ETF
9494,SEC_0228,Derivative
9495,SEC_0405,Equity
9496,SEC_0126,Equity
9497,SEC_0444,Derivative
9498,SEC_0209,ETF
9499,SEC_0097,Equity
9500,SEC_0074,ETF
9501,SEC_0115,Derivative
9502,SEC_0191,ETF
9503,SEC_0495,Equity
9504,SEC_0170,Equity
9505,SEC_0307,Fixed Income
9506,SEC_0448,Derivative
9507,SEC_0204,Derivative
9508,SEC_0056,ETF
9509,SEC_0208,Derivative
9510,SEC_0041,Equity
9511,SEC_0032,Fixed Income
9512,SEC_0015,Equity
9513,SEC_0062,ETF
9514,SEC_0155,Equity
9515,SEC_0284,Derivative
9516,SEC_0209,Equity
9517,SEC_0320,FX
9518,SEC_0494,Equity
9519,SEC_0187,FX
9520,SEC_0498,ETF
9521,SEC_0442,Equity
9522,SEC_0130,Fixed Income
9523,SEC_0127,ETF
9524,SEC_0292,Equity
9525,SEC_0114,Equity
9526,SEC_0199,Fixed Income
9527,SEC_0013,ETF
9528,SEC_0271,Fixed Income
9529,SEC_0089,Fixed Income
9530,SEC_0215,Equity
9531,SEC_0444,ETF
9532,SEC_0278,Equity
9533,SEC_0447,Equity
9534,SEC_0474,Equity
9535,SEC_0481,Equity
9536,SEC_0203,Fixed Income
9537,SEC_0074,Derivative
9538,SEC_0025,ETF
9539,SEC_0101,Equity
9540,SEC_0176,Fixed Income
9541,SEC_0427,Equity
9542,SEC_0117,Equity
9543,SEC_0166,Derivative
9544,SEC_0041,Equity
9545,SEC_0429,Equity
9546,SEC_0344,Equity
9547,SEC_0424,Equity
9548,SEC_0366,Equity
9549,SEC_0120,Equity
9550,SEC_0097,Derivative
9551,SEC_0145,Equity
9552,SEC_0216,ETF
9553,SEC_0229,Equity
9554,SEC_0313,FX
9555,SEC_0130,Equity
9556,SEC_0352,Equity
9557,SEC_0377,Equity
9558,SEC_0318,Equity
9559,SEC_0472,Equity
9560,SEC_0137,Fixed Income
9561,SEC_0324,Equity
9562,SEC_0337,Derivative
9563,SEC_0273,Equity
9564,SEC_0117,Equity
9565,SEC_0306,Equity
9566,SEC_0368,Fixed Income
9567,SEC_0094,ETF
9568,SEC_0168,Equity
9569,SEC_0442,Equity
9570,SEC_0203,Equity
9571,SEC_0341,Derivative
9572,SEC_0149,Equity
9573,SEC_0402,Derivative
9574,SEC_0183,ETF
9575,SEC_0413,Derivative
9576,SEC_0152,FX
9577,SEC_0074,FX
9578,SEC_0365,Fixed Income
9579,SEC_0401,Equity
9580,SEC_0274,Derivative
9581,SEC_0042,Fixed Income
9582,SEC_0496,FX
9583,SEC_0212,Equity
9584,SEC_0101,Equity
9585,SEC_0045,Derivative
9586,SEC_0082,Equity
9587,SEC_0017,ETF
9588,SEC_0073,ETF
9589,SEC_0014,Derivative
9590,SEC_0433,Equity
9591,SEC_0157,ETF
9592,SEC_0223,Fixed Income
9593,SEC_0132,Equity
9594,SEC_0338,Equity
9595,SEC_0404,Equity
9596,SEC_0376,Equity
9597,SEC_0376,Equity
9598,SEC_0047,ETF
9599,SEC_0107,Derivative
9600,SEC_0108,Derivative
9601,SEC_0265,Equity
9602,SEC_0205,Equity
9603,SEC_0079,Fixed Income
9604,SEC_0155,Derivative
9605,SEC_0271,ETF
9606,SEC_0476,Derivative
9607,SEC_0485,ETF
9608,SEC_0247,Equity
9609,SEC_0019,Equity
9610,SEC_0346,Equity
9611,SEC_0436,Equity
9612,SEC_0026,Derivative
9613,SEC_0217,ETF
9614,SEC_0154,Equity
9615,SEC_0154,ETF
9616,SEC_0174,Equity
9617,SEC_0092,Derivative
9618,SEC_0433,Fixed Income
9619,SEC_0338,Equity
9620,SEC_0480,Derivative
9621,SEC_0181,Equity
9622,SEC_0131,Equity
9623,SEC_0450,Derivative
9624,SEC_0481,Equity
9625,SEC_0298,ETF
9626,SEC_0275,ETF
9627,SEC_0273,Equity
9628,SEC_0492,Equity
9629,SEC_0417,Equity
9630,SEC_0076,Equity
9631,SEC_0177,Fixed Income
9632,SEC_0184,Equity
9633,SEC_0319,ETF
9634,SEC_0131,Equity
9635,SEC_0363,Equity
9636,SEC_0049,Derivative
9637,SEC_0055,Derivative
9638,SEC_0154,ETF
9639,SEC_0355,Derivative
9640,SEC_0200,Equity
9641,SEC_0308,ETF
9642,SEC_0356,Equity
9643,SEC_0373,Derivative
9644,SEC_0118,Equity
9645,SEC_0263,Equity
9646,SEC_0046,Derivative
9647,SEC_0302,Equity
9648,SEC_0356,Equity
9649,SEC_0400,Derivative
9650,SEC_0408,Equity
9651,SEC_0189,Equity
9652,SEC_0310,Equity
9653,SEC_0318,Derivative
9654,SEC_0129,Equity
9655,SEC_0049,Fixed Income
9656,SEC_0025,Equity
9657,SEC_0266,Equity
9658,SEC_0118,Equity
9659,SEC_0464,Derivative
9660,SEC_0144,Equity
9661,SEC_0442,Equity
9662,SEC_0200,Fixed Income
9663,SEC_0157,Derivative
9664,SEC_0487,Derivative
9665,SEC_0348,Equity
9666,SEC_0134,Equity
9667,SEC_0400,Derivative
9668,SEC_0148,ETF
9669,SEC_0336,Equity
9670,SEC_0071,FX
9671,SEC_0233,Derivative
9672,SEC_0334,Equity
9673,SEC_0299,Equity
9674,SEC_0154,Fixed Income
9675,SEC_0090,ETF
9676,SEC_0334,Derivative
9677,SEC_0199,Equity
9678,SEC_0161,Equity
9679,SEC_0026,Fixed Income
9680,SEC_0121,Equity
9681,SEC_0301,Equity
9682,SEC_0212,Fixed Income
9683,SEC_0063,Equity
9684,SEC_0451,Equity
9685,SEC_0436,Derivative
9686,SEC_0068,Derivative
9687,SEC_0253,FX
9688,SEC_0410,Derivative
9689,SEC_0459,Equity
9690,SEC_0002,Equity
9691,SEC_0398,Fixed Income
9692,SEC_0108,Equity
9693,SEC_0286,ETF
9694,SEC_0049,Fixed Income
9695,SEC_0140,Equity
9696,SEC_0218,Fixed Income
9697,SEC_0044,Equity
9698,SEC_0417,Equity
9699,SEC_0269,Equity
9700,SEC_0078,Fixed Income
9701,SEC_0216,Equity
9702,SEC_0382,Fixed Income
9703,SEC_0098,Derivative
9704,SEC_0236,Equity
9705,SEC_0282,Derivative
9706,SEC_0149,Equity
9707,SEC_0412,Equity
9708,SEC_0304,Fixed Income
9709,SEC_0484,ETF
9710,SEC_0424,Equity
9711,SEC_0066,Derivative
9712,SEC_0234,Derivative
9713,SEC_0457,Fixed Income
9714,SEC_0087,Equity
9715,SEC_0079,FX
9716,SEC_0205,Equity
9717,SEC_0279,Equity
9718,SEC_0337,Derivative
9719,SEC_0254,Derivative
9720,SEC_0304,ETF
9721,SEC_0380,Equity
9722,SEC_0130,Equity
9723,SEC_0084,Equity
9724,SEC_0276,Equity
9725,SEC_0187,Fixed Income
9726,SEC_0046,Fixed Income
9727,SEC_0387,Equity
9728,SEC_0183,Derivative
9729,SEC_0268,Equity
9730,SEC_0296,Fixed Income
9731,SEC_0322,Derivative
9732,SEC_0100,Equity
9733,SEC_0078,Equity
9734,SEC_0272,Fixed Income
9735,SEC_0339,Derivative
9736,SEC_0162,Equity
9737,SEC_0044,Equity
9738,SEC_0238,ETF
9739,SEC_0134,Derivative
9740,SEC_0461,Derivative
9741,SEC_0192,Fixed Income
9742,SEC_0356,Fixed Income
9743,SEC_0278,ETF
9744,SEC_0018,Fixed Income
9745,SEC_0012,Equity
9746,SEC_0180,ETF
9747,SEC_0123,Fixed Income
9748,SEC_0246,Equity
9749,SEC_0222,Fixed Income
9750,SEC_0373,Equity
9751,SEC_0051,Fixed Income
9752,SEC_0488,Derivative
9753,SEC_0071,Fixed Income
9754,SEC_0480,Equity
9755,SEC_0048,ETF
9756,SEC_0019,ETF
9757,SEC_0262,Equity
9758,SEC_0084,Fixed Income
9759,SEC_0155,ETF
9760,SEC_0053,Equity
9761,SEC_0107,Equity
9762,SEC_0357,Equity
9763,SEC_0304,Equity
9764,SEC_0135,Equity
9765,SEC_0443,Fixed Income
9766,SEC_0069,Equity
9767,SEC_0011,Derivative
9768,SEC_0143,Equity
9769,SEC_0192,Equity
9770,SEC_0387,Derivative
9771,SEC_0378,Fixed Income
9772,SEC_0069,Derivative
9773,SEC_0023,Equity
9774,SEC_0181,Equity
9775,SEC_0293,Equity
9776,SEC_0009,Derivative
9777,SEC_0271,Equity
9778,SEC_0387,ETF
9779,SEC_0093,Derivative
9780,SEC_0454,Equity
9781,SEC_0017,ETF
9782,SEC_0154,Equity
9783,SEC_0405,Fixed Income
9784,SEC_0328,Fixed Income
9785,SEC_0149,Equity
9786,SEC_0377,Equity
9787,SEC_0267,Equity
9788,SEC_0422,FX
9789,SEC_0328,Equity
9790,SEC_0106,Fixed Income
9791,SEC_0472,Equity
9792,SEC_0381,FX
9793,SEC_0035,Equity
9794,SEC_0119,ETF
9795,SEC_0014,ETF
9796,SEC_0014,ETF
9797,SEC_0266,Equity
9798,SEC_0140,Fixed Income
9799,SEC_0294,Fixed Income
9800,SEC_0364,Derivative
9801,SEC_0119,Equity
9802,SEC_0238,Fixed Income
9803,SEC_0034,FX
9804,SEC_0169,Equity
9805,SEC_0010,Fixed Income
9806,SEC_0122,Equity
9807,SEC_0401,Equity
9808,SEC_0145,Equity
9809,SEC_0451,Equity
9810,SEC_0446,Equity
9811,SEC_0223,FX
9812,SEC_0371,ETF
9813,SEC_0257,Derivative
9814,SEC_0268,Equity
9815,SEC_0359,Equity
9816,SEC_0004,Fixed Income
9817,SEC_0426,ETF
9818,SEC_0397,Equity
9819,SEC_0354,Fixed Income
9820,SEC_0106,Fixed Income
9821,SEC_0085,ETF
9822,SEC_0214,Fixed Income
9823,SEC_0121,Derivative
9824,SEC_0132,Equity
9825,SEC_0338,Equity
9826,SEC_0197,FX
9827,SEC_0019,Derivative
9828,SEC_0130,ETF
9829,SEC_0012,Fixed Income
9830,SEC_0081,Equity
9831,SEC_0330,Fixed Income
9832,SEC_0354,Derivative
9833,SEC_0262,Derivative
9834,SEC_0392,ETF
9835,SEC_0125,Equity
9836,SEC_0307,Derivative
9837,SEC_0267,Equity
9838,SEC_0447,Equity
9839,SEC_0441,Equity
9840,SEC_0383,Derivative
9841,SEC_0140,ETF
9842,SEC_0329,Equity
9843,SEC_0002,Derivative
9844,SEC_0008,Equity
9845,SEC_0250,Fixed Income
9846,SEC_0139,Derivative
9847,SEC_0124,Fixed Income
9848,SEC_0309,Equity
9849,SEC_0228,ETF
9850,SEC_0010,Fixed Income
9851,SEC_0469,ETF
9852,SEC_0212,Derivative
9853,SEC_0112,ETF
9854,SEC_0008,Equity
9855,SEC_0292,ETF
9856,SEC_0477,ETF
9857,SEC_0362,Equity
9858,SEC_0460,ETF
9859,SEC_0253,Derivative
9860,SEC_0014,Derivative
9861,SEC_0240,Equity
9862,SEC_0438,Equity
9863,SEC_0242,Derivative
9864,SEC_0469,Equity
9865,SEC_0342,Equity
9866,SEC_0149,Equity
9867,SEC_0236,Derivative
9868,SEC_0306,Fixed Income
9869,SEC_0478,FX
9870,SEC_0167,Derivative
9871,SEC_0020,Equity
9872,SEC_0216,Equity
9873,SEC_0343,Equity
9874,SEC_0135,ETF
9875,SEC_0393,Fixed Income
9876,SEC_0129,Fixed Income
9877,SEC_0410,Derivative
9878,SEC_0422,Equity
9879,SEC_0294,Derivative
9880,SEC_0246,Equity
9881,SEC_0189,Equity
9882,SEC_0044,Equity
9883,SEC_0086,Equity
9884,SEC_0044,Equity
9885,SEC_0330,Equity
9886,SEC_0375,Derivative
9887,SEC_0446,Equity
9888,SEC_0378,Derivative
9889,SEC_0390,Equity
9890,SEC_0145,Equity
9891,SEC_0051,Derivative
9892,SEC_0242,FX
9893,SEC_0294,Equity
9894,SEC_0408,FX
9895,SEC_0051,Equity
9896,SEC_0266,Equity
9897,SEC_0120,Derivative
9898,SEC_0200,Equity
9899,SEC_0405,Equity
9900,SEC_0248,Fixed Income
9901,SEC_0070,Fixed Income
9902,SEC_0341,FX
9903,SEC_0057,Equity
9904,SEC_0382,Derivative
9905,SEC_0039,Equity
9906,SEC_0472,Fixed Income
9907,SEC_0289,Derivative
9908,SEC_0443,Equity
9909,SEC_0018,ETF
9910,SEC_0440,Derivative
9911,SEC_0220,Equity
9912,SEC_0313,Equity
9913,SEC_0244,Equity
9914,SEC_0352,Derivative
9915,SEC_0460,Equity
9916,SEC_0304,Equity
9917,SEC_0298,Equity
9918,SEC_0283,Equity
9919,SEC_0074,Equity
9920,SEC_0110,ETF
9921,SEC_0180,Derivative
9922,SEC_0426,Derivative
9923,SEC_0032,Derivative
9924,SEC_0234,Equity
9925,SEC_0282,ETF
9926,SEC_0025,Equity
9927,SEC_0331,Equity
9928,SEC_0279,Equity
9929,SEC_0226,Fixed Income
9930,SEC_0057,Equity
9931,SEC_0180,Derivative
9932,SEC_0232,Equity
9933,SEC_0382,Fixed Income
9934,SEC_0343,Derivative
9935,SEC_0477,ETF
9936,SEC_0287,Derivative
9937,SEC_0064,Fixed Income
9938,SEC_0455,ETF
9939,SEC_0232,Fixed Income
9940,SEC_0289,Fixed Income
9941,SEC_0213,Equity
9942,SEC_0258,Equity
9943,SEC_0018,Equity
9944,SEC_0175,Fixed Income
9945,SEC_0417,Equity
9946,SEC_0229,Equity
9947,SEC_0226,Equity
9948,SEC_0084,Equity
9949,SEC_0291,Equity
9950,SEC_0435,FX
9951,SEC_0370,Equity
9952,SEC_0246,Equity
9953,SEC_0402,Equity
9954,SEC_0110,Equity
9955,SEC_0254,Equity
9956,SEC_0088,Equity
9957,SEC_0072,Equity
9958,SEC_0381,Equity
9959,SEC_0030,Equity
9960,SEC_0172,Derivative
9961,SEC_0309,Equity
9962,SEC_0394,FX
9963,SEC_0343,FX
9964,SEC_0436,Equity
9965,SEC_0177,Equity
9966,SEC_0139,Fixed Income
9967,SEC_0194,Equity
9968,SEC_0186,Equity
9969,SEC_0218,FX
9970,SEC_0164,FX
9971,SEC_0161,Fixed Income
9972,SEC_0431,ETF
9973,SEC_0013,Fixed Income
9974,SEC_0296,Equity
9975,SEC_0089,Derivative
9976,SEC_0324,ETF
9977,SEC_0042,Derivative
9978,SEC_0403,ETF
9979,SEC_0210,Equity
9980,SEC_0229,Equity
9981,SEC_0350,Equity
9982,SEC_0275,Derivative
9983,SEC_0442,Equity
9984,SEC_0279,Fixed Income
9985,SEC_0251,Equity
9986,SEC_0310,Derivative
9987,SEC_0208,Derivative
9988,SEC_0321,Equity
9989,SEC_0140,Equity
9990,SEC_0280,Equity
9991,SEC_0034,Equity
9992,SEC_0309,Fixed Income
9993,SEC_0392,Derivative
9994,SEC_0018,Derivative
9995,SEC_0057,Equity
9996,SEC_0112,Equity
9997,SEC_0005,Equity
9998,SEC_0410,Equity
9999,SEC_0414,Equity
