,TradeID,SecurityID,Price,Quantity,Timestamp
0,1,SEC_0103,51.69,5255.0,2025-01-05 17:36:18
1,2,SEC_0436,47.9,8949.0,2025-01-08 19:18:10
2,3,SEC_0349,55.98,9247.0,2025-06-09 21:59:33
3,4,SEC_0271,34.6,4355.0,2025-04-05 20:50:55
4,5,SEC_0107,59.08,3454.0,2025-06-15 22:33:42
5,6,SEC_0072,48.2,2517.0,2025-06-22 02:00:38
6,7,SEC_0189,58.67,6070.0,2025-03-21 16:51:39
7,8,SEC_0021,61.55,7375.0,2025-01-20 09:12:22
8,9,SEC_0103,76.66,8839.0,2025-04-17 19:51:55
9,10,SEC_0122,56.31,5209.0,2025-03-07 16:30:10
10,11,SEC_0467,75.19,195.0,2025-03-23 00:09:51
11,12,SEC_0215,49.57,9338.0,2025-04-10 14:14:40
12,13,SEC_0331,50.29,4292.0,2025-02-05 11:00:34
13,14,SEC_0459,53.13,6211.0,2025-04-13 07:37:19
14,15,SEC_0088,68.87,5131.0,2025-05-30 14:58:36
15,16,SEC_0373,65.98,322.0,2025-02-25 03:34:07
16,17,SEC_0100,56.86,6706.0,2025-01-04 14:36:46
17,18,SEC_0360,37.78,-1703.0,2025-02-22 14:22:10
18,19,SEC_0152,65.62,831.0,2025-02-25 13:02:38
19,20,SEC_0131,42.16,8381.0,2025-03-23 10:17:18
20,21,SEC_0150,41.48,5607.0,2025-05-27 05:00:08
21,22,SEC_0309,38.8,92.0,2025-06-24 03:21:31
22,23,SEC_0258,53.25,3878.0,2025-02-09 23:54:23
23,24,SEC_0344,78.53,2337.0,2025-03-20 11:31:10
24,25,SEC_0492,40.87,7677.0,2025-03-04 20:39:47
25,26,SEC_0414,90.34,1581.0,2025-05-11 22:02:12
26,27,SEC_0294,71.73,9601.0,2025-06-13 14:30:42
27,28,SEC_0386,35.18,8367.0,2025-01-29 13:52:41
28,29,SEC_0192,48.68,5793.0,2025-02-02 05:29:48
29,30,SEC_0444,39.96,7747.0,2025-04-07 02:11:58
30,31,SEC_0277,66.65,474.0,2025-03-10 00:14:03
31,32,SEC_0161,40.59,270.0,2025-06-25 16:42:54
32,33,SEC_0460,33.57,6551.0,2025-02-27 21:42:19
33,34,SEC_0314,49.52,694.0,2025-06-13 15:16:19
34,35,SEC_0022,77.54,1416.0,2025-04-07 20:17:18
35,36,SEC_0253,51.53,2084.0,2025-06-05 19:38:56
36,37,SEC_0236,61.53,1236.0,2025-03-25 05:11:54
37,38,SEC_0345,62.25,3968.0,2025-06-14 08:50:18
38,39,SEC_0049,34.69,8326.0,2025-03-31 10:53:42
39,40,SEC_0475,41.69,4786.0,2025-03-11 21:26:38
40,41,SEC_0059,54.7,6126.0,2025-06-09 23:45:55
41,42,SEC_0170,46.19,6635.0,2025-02-09 07:59:48
42,43,SEC_0476,91.04,5969.0,2025-02-03 13:04:25
43,44,SEC_0188,37.77,841.0,2025-04-14 19:01:26
44,45,SEC_0464,41.56,,2025-02-16 03:33:32
45,46,SEC_0271,59.57,1462.0,2025-04-24 03:42:45
46,47,SEC_0190,45.22,4935.0,2025-04-29 12:09:48
47,48,SEC_0446,22.93,3473.0,2025-05-26 22:38:43
48,49,SEC_0175,97.55,7164.0,2025-04-17 06:09:23
49,50,SEC_0446,39.56,6576.0,2025-02-09 23:21:05
50,51,SEC_0051,64.6,4844.0,2025-02-26 08:44:57
51,52,SEC_0364,37.49,7740.0,2025-06-15 04:30:41
52,53,SEC_0055,42.14,2510.0,2025-05-22 21:16:35
53,54,SEC_0244,33.55,9158.0,2025-03-12 08:00:36
54,55,SEC_0320,43.71,6023.0,2025-06-04 12:21:07
55,56,SEC_0131,45.0,2039.0,2025-02-09 22:28:13
56,57,SEC_0485,52.47,1851.0,2025-06-22 09:48:34
57,58,SEC_0307,48.82,7433.0,2025-03-15 21:01:14
58,59,SEC_0135,35.43,8927.0,2025-03-23 04:33:37
59,60,SEC_0021,46.66,2454.0,2025-01-11 01:07:09
60,61,SEC_0329,84.28,3017.0,2025-05-11 11:10:07
61,62,SEC_0167,81.33,6626.0,2025-03-11 20:02:02
62,63,SEC_0274,62.6,7405.0,2025-04-26 12:20:36
63,64,SEC_0388,66.61,4004.0,2025-04-21 01:04:15
64,65,SEC_0089,101.32,2314.0,2025-03-04 00:03:28
65,66,SEC_0316,64.8,4624.0,2025-03-29 22:59:26
66,67,SEC_0014,66.24,3164.0,2025-04-05 21:45:48
67,68,SEC_0242,34.15,7187.0,2025-04-04 21:31:12
68,69,SEC_0265,39.1,7016.0,2025-04-07 19:21:40
69,70,SEC_0346,54.07,7783.0,2025-02-20 03:52:58
70,71,SEC_0053,42.85,5215.0,2025-05-15 22:58:59
71,72,SEC_0386,40.47,8622.0,2025-02-03 11:00:16
72,73,SEC_0340,41.9,6939.0,2025-02-24 08:41:15
73,74,SEC_0092,35.62,2989.0,2025-04-10 06:28:45
74,75,SEC_0367,43.06,5157.0,2025-05-24 22:32:54
75,76,SEC_0444,60.45,5513.0,2025-04-19 06:21:02
76,77,SEC_0455,93.59,9789.0,2025-04-28 15:01:55
77,78,SEC_0428,69.35,2351.0,2025-03-15 21:04:18
78,79,SEC_0264,66.08,-9972.0,2025-01-23 09:57:35
79,80,SEC_0431,-33.55,3989.0,2025-01-26 15:05:26
80,81,SEC_0035,56.59,2871.0,2025-01-23 02:55:13
81,82,SEC_0206,53.51,6488.0,2025-05-30 07:38:01
82,83,SEC_0081,59.57,2911.0,2025-05-12 09:59:44
83,84,SEC_0420,-49.0,4614.0,2025-04-28 10:24:10
84,85,SEC_0050,-89.89,2865.0,2025-04-08 02:23:47
85,86,SEC_0360,55.47,1018.0,2025-02-18 10:00:12
86,87,SEC_0388,57.12,4691.0,2025-01-15 01:30:31
87,88,SEC_0002,30.3,9525.0,2025-06-13 05:36:28
88,89,SEC_0390,52.88,-8374.0,2025-06-08 14:24:53
89,90,SEC_0054,-77.07,6760.0,2025-05-29 17:38:16
90,91,SEC_0106,64.5,2452.0,2025-03-09 10:37:36
91,92,SEC_0260,28.6,1953.0,2025-01-17 08:30:08
92,93,SEC_0310,47.71,4701.0,2025-03-08 05:41:46
93,94,SEC_0477,91.8,8455.0,2025-01-07 18:55:32
94,95,SEC_0191,52.19,6214.0,2025-03-17 04:22:45
95,96,SEC_0402,60.14,661.0,2025-04-20 05:25:22
96,97,SEC_0218,88.74,1316.0,2025-03-17 18:41:38
97,98,SEC_0044,52.12,7382.0,2025-02-14 18:54:23
98,99,SEC_0162,69.22,2920.0,2025-01-21 08:20:23
99,100,SEC_0202,61.77,2073.0,2025-01-07 13:45:30
100,101,SEC_0446,65.86,5443.0,2025-02-07 17:50:18
101,102,SEC_0484,61.18,2020.0,2025-02-27 10:37:19
102,103,SEC_0270,46.33,6626.0,2025-05-10 14:28:51
103,104,SEC_0351,47.73,816.0,2025-06-12 02:01:05
104,105,SEC_0304,42.25,4778.0,2025-05-20 11:07:39
105,106,SEC_0271,33.38,4735.0,2025-04-14 01:55:36
106,107,SEC_0456,79.31,3630.0,2025-06-06 19:08:25
107,108,SEC_0462,54.76,2754.0,2025-02-21 08:18:54
108,109,SEC_0215,78.12,6506.0,2025-04-05 12:47:59
109,110,SEC_0252,87.32,4686.0,2025-06-28 21:50:04
110,111,SEC_0190,55.48,202.0,2025-02-09 11:19:19
111,112,SEC_0296,36.82,1005.0,2025-04-09 05:51:10
112,113,SEC_0213,51.48,1313.0,2025-03-27 15:51:17
113,114,SEC_0208,44.64,2026.0,2025-01-05 02:32:18
114,115,SEC_0237,30.14,3134.0,2025-06-09 02:34:25
115,116,SEC_0338,46.97,4222.0,2025-05-29 05:40:28
116,117,SEC_0367,53.44,6193.0,2025-05-29 00:13:39
117,118,SEC_0053,45.02,3672.0,2025-02-17 20:34:59
118,119,SEC_0280,43.32,4942.0,2025-02-07 13:59:58
119,120,SEC_0410,37.22,9989.0,2025-02-16 13:24:40
120,121,SEC_0217,57.9,1605.0,2025-01-10 19:28:47
121,122,SEC_0252,95.66,1903.0,2025-05-28 03:59:35
122,123,SEC_0188,80.12,4589.0,2025-03-13 19:11:18
123,124,SEC_0380,66.43,8161.0,2025-01-17 16:28:21
124,125,SEC_0493,66.86,2350.0,2025-04-22 11:29:06
125,126,SEC_0041,52.47,5060.0,2025-01-06 11:30:59
126,127,SEC_0157,31.77,7929.0,2025-06-19 00:36:31
127,128,SEC_0015,48.87,7121.0,2025-01-28 18:20:49
128,129,SEC_0301,40.82,-4365.0,2025-05-11 09:44:54
129,130,SEC_0065,57.19,4720.0,2025-04-12 05:10:57
130,131,SEC_0345,79.04,6244.0,2025-06-26 01:19:25
131,132,SEC_0327,98.69,8082.0,2025-02-24 22:02:22
132,133,SEC_0009,55.67,9011.0,2025-03-29 11:37:45
133,134,SEC_0344,33.11,2678.0,2025-01-24 02:11:12
134,135,SEC_0129,55.63,548.0,2025-02-21 00:23:49
135,136,SEC_0492,56.09,8551.0,2025-05-16 09:49:43
136,137,SEC_0136,66.93,3362.0,2025-01-17 23:26:24
137,138,SEC_0472,54.28,1925.0,2025-05-28 15:48:40
138,139,SEC_0063,55.7,5244.0,2025-01-02 12:45:09
139,140,SEC_0139,45.17,4648.0,2025-01-31 09:33:03
140,141,SEC_0499,49.72,6682.0,2025-01-15 06:39:25
141,142,SEC_0081,-63.69,2702.0,2025-03-04 04:32:17
142,143,SEC_0392,29.89,422.0,2025-03-03 17:55:35
143,144,SEC_0163,49.64,336.0,2025-01-26 08:10:44
144,145,SEC_0419,67.11,9719.0,2025-02-06 03:34:12
145,146,SEC_0289,89.32,57.0,2025-02-23 08:12:20
146,147,SEC_0379,48.45,3951.0,2025-02-23 15:35:18
147,148,SEC_0261,77.91,7056.0,2025-05-20 21:35:18
148,149,SEC_0490,90.65,3148.0,2025-06-19 16:59:21
149,150,SEC_0231,48.64,3538.0,2025-04-28 03:19:54
150,151,SEC_0041,46.18,6429.0,2025-04-22 15:55:34
151,152,SEC_0028,51.7,722.0,2025-06-24 20:15:07
152,153,SEC_0135,53.27,386.0,2025-03-26 16:15:05
153,154,SEC_0201,75.74,2818.0,2025-02-07 07:33:53
154,155,SEC_0328,43.29,7427.0,2025-01-18 15:17:11
155,156,SEC_0268,86.61,7116.0,2025-01-27 09:55:44
156,157,SEC_0418,42.94,260.0,2025-05-02 11:36:47
157,158,SEC_0033,37.36,4489.0,2025-06-22 19:43:24
158,159,SEC_0048,63.89,8792.0,2025-03-27 19:27:57
159,160,SEC_0407,78.98,7537.0,2025-03-24 04:25:53
160,161,SEC_0062,57.6,3256.0,2025-06-29 15:39:06
161,162,SEC_0216,62.21,9232.0,2025-02-18 17:33:58
162,163,SEC_0293,98.13,4049.0,2025-06-22 20:34:43
163,164,SEC_0099,79.31,8948.0,2025-01-31 22:43:38
164,165,SEC_0172,55.11,-3158.0,2025-01-02 05:41:29
165,166,SEC_0360,47.97,477.0,2025-01-30 01:01:44
166,167,SEC_0214,75.83,5284.0,2025-05-16 22:16:42
167,168,SEC_0475,70.02,9792.0,2025-06-03 22:27:04
168,169,SEC_0035,61.9,2360.0,2025-02-26 21:16:13
169,170,SEC_0449,49.5,7406.0,2025-02-26 09:10:26
170,171,SEC_0227,53.36,8025.0,2025-06-29 01:08:44
171,172,SEC_0101,52.23,1262.0,2025-06-08 11:01:33
172,173,SEC_0431,49.74,6324.0,2025-01-02 07:52:44
173,174,SEC_0462,45.59,5938.0,2025-06-23 17:45:54
174,175,SEC_0131,59.12,1583.0,2025-04-27 19:35:52
175,176,SEC_0257,44.97,1499.0,2025-01-20 13:54:04
176,177,SEC_0005,57.58,8941.0,2025-03-27 12:05:29
177,178,SEC_0218,29.08,8723.0,2025-04-05 01:18:06
178,179,SEC_0255,45.61,2210.0,2025-05-15 02:15:55
179,180,SEC_0398,75.91,4064.0,2025-01-21 09:27:03
180,181,SEC_0359,41.67,7229.0,2025-03-10 03:06:24
181,182,SEC_0283,65.21,9301.0,2025-03-13 05:44:05
182,183,SEC_0393,42.73,5667.0,2025-03-07 02:34:46
183,184,SEC_0207,68.91,8682.0,2025-05-03 22:43:25
184,185,SEC_0015,49.94,8197.0,2025-04-19 07:44:58
185,186,SEC_0346,49.35,8268.0,2025-05-12 15:34:53
186,187,SEC_0042,55.5,5373.0,2025-03-20 01:17:27
187,188,SEC_0380,36.49,6151.0,2025-04-07 19:05:47
188,189,SEC_0461,,473.0,2025-05-01 17:03:23
189,190,SEC_0179,80.72,9574.0,2025-05-25 04:24:17
190,191,SEC_0063,49.01,838.0,2025-02-11 17:59:41
191,192,SEC_0352,63.9,8795.0,2025-03-01 00:25:36
192,193,SEC_0231,68.97,1187.0,2025-05-09 23:50:27
193,194,SEC_0241,53.12,6462.0,2025-02-12 09:58:08
194,195,SEC_0052,39.15,1482.0,2025-06-04 21:33:05
195,196,SEC_0096,88.08,7700.0,2025-04-24 07:29:54
196,197,SEC_0388,48.53,-7333.0,2025-06-28 02:51:43
197,198,SEC_0222,45.48,232.0,2025-02-27 01:03:27
198,199,SEC_0485,89.27,328.0,2025-05-31 21:33:15
199,200,SEC_0407,65.56,6382.0,2025-04-19 06:23:23
200,201,SEC_0231,58.98,5240.0,2025-05-15 03:07:17
201,202,SEC_0237,40.8,950.0,2025-05-03 01:53:35
202,203,SEC_0143,69.47,7039.0,2025-04-21 08:35:19
203,204,SEC_0171,130.18,8049.0,2025-04-11 00:08:56
204,205,SEC_0029,71.1,2298.0,2025-04-21 06:56:46
205,206,SEC_0036,63.36,1308.0,2025-01-08 19:33:39
206,207,SEC_0013,67.78,8390.0,2025-02-10 06:43:44
207,208,SEC_0160,49.48,2780.0,2025-04-13 05:11:57
208,209,SEC_0327,49.34,7319.0,2025-03-01 08:32:36
209,210,SEC_0187,49.15,3337.0,2025-04-25 20:19:27
210,211,SEC_0243,45.95,5336.0,2025-03-10 03:49:08
211,212,SEC_0086,49.12,9531.0,2025-04-25 17:41:44
212,213,SEC_0284,49.05,9884.0,2025-06-14 19:39:17
213,214,SEC_0066,50.73,8408.0,2025-05-12 20:15:48
214,215,SEC_0170,50.31,7503.0,2025-06-05 02:58:49
215,216,SEC_0045,58.73,7527.0,2025-02-08 19:47:21
216,217,SEC_0062,55.9,1650.0,2025-04-12 22:14:28
217,218,SEC_0441,57.41,2863.0,2025-01-13 04:50:15
218,219,SEC_0134,86.2,8802.0,2025-05-17 03:01:14
219,220,SEC_0284,55.87,918.0,2025-01-10 23:53:04
220,221,SEC_0028,105.98,8354.0,2025-05-29 21:47:16
221,222,SEC_0108,,4138.0,2025-04-30 11:12:00
222,223,SEC_0044,47.74,7348.0,2025-04-11 10:28:46
223,224,SEC_0340,81.85,5450.0,2025-04-26 05:22:14
224,225,SEC_0286,53.31,5683.0,2025-05-07 10:32:29
225,226,SEC_0446,26.63,2812.0,2025-06-24 06:04:30
226,227,SEC_0331,54.53,3422.0,2025-02-09 00:54:46
227,228,SEC_0128,50.67,4216.0,2025-02-06 23:02:20
228,229,SEC_0348,88.41,9291.0,2025-03-07 12:27:37
229,230,SEC_0473,41.71,2722.0,2025-01-03 23:52:55
230,231,SEC_0231,49.41,-8315.0,2025-03-21 00:14:05
231,232,SEC_0190,79.86,3254.0,2025-02-03 14:46:46
232,233,SEC_0225,61.46,789.0,2025-04-11 07:08:42
233,234,SEC_0385,51.86,257.0,2025-04-15 03:53:44
234,235,SEC_0377,43.51,4026.0,2025-06-23 08:34:15
235,236,SEC_0283,60.67,5957.0,2025-02-18 19:30:07
236,237,SEC_0446,54.12,6742.0,2025-01-06 05:11:35
237,238,SEC_0121,43.36,3655.0,2025-04-30 17:25:22
238,239,SEC_0116,44.05,7661.0,2025-04-29 03:26:54
239,240,SEC_0461,42.76,3252.0,2025-01-15 17:54:01
240,241,SEC_0233,40.54,5269.0,2025-04-26 00:59:42
241,242,SEC_0259,72.26,7177.0,2025-01-16 20:58:27
242,243,SEC_0359,69.4,7563.0,2025-01-24 18:17:39
243,244,SEC_0198,72.29,8800.0,2025-04-09 19:17:04
244,245,SEC_0456,54.67,4427.0,2025-06-01 08:07:01
245,246,SEC_0411,50.77,3928.0,2025-06-28 19:56:49
246,247,SEC_0137,51.04,5327.0,2025-02-12 15:36:30
247,248,SEC_0318,74.17,2153.0,2025-01-04 13:52:08
248,249,SEC_0165,31.63,8739.0,2025-05-15 01:00:29
249,250,SEC_0225,46.79,7889.0,2025-03-08 09:32:48
250,251,SEC_0307,41.84,5475.0,2025-04-01 23:52:16
251,252,SEC_0234,82.1,,2025-01-11 22:10:18
252,253,SEC_0172,47.31,489.0,2025-02-09 18:55:24
253,254,SEC_0152,33.42,1823.0,2025-03-05 18:32:57
254,255,SEC_0463,,-7761.0,2025-02-02 21:32:10
255,256,SEC_0315,48.86,,2025-04-12 00:18:45
256,257,SEC_0374,46.2,3122.0,2025-03-05 09:17:16
257,258,SEC_0160,44.79,3775.0,2025-06-05 01:36:32
258,259,SEC_0096,44.26,6447.0,2025-06-02 01:42:51
259,260,SEC_0472,67.53,3453.0,2025-05-15 02:18:06
260,261,SEC_0233,58.39,8842.0,2025-06-20 13:10:42
261,262,SEC_0180,51.45,8840.0,2025-01-15 06:55:43
262,263,SEC_0113,39.27,5482.0,2025-02-21 08:23:53
263,264,SEC_0318,51.9,8573.0,2025-03-17 00:21:05
264,265,SEC_0497,59.04,7834.0,2025-06-28 04:43:54
265,266,SEC_0442,59.72,7118.0,2025-03-29 22:00:08
266,267,SEC_0052,57.3,9392.0,2025-03-29 09:37:35
267,268,SEC_0268,41.4,4888.0,2025-01-29 03:19:48
268,269,SEC_0295,26.55,2991.0,2025-03-11 12:14:25
269,270,SEC_0386,,9300.0,2025-03-18 00:31:35
270,271,SEC_0387,36.86,3448.0,2025-04-06 19:31:59
271,272,SEC_0113,30.28,-222.0,2025-03-02 12:42:02
272,273,SEC_0101,56.78,7619.0,2025-03-30 00:06:19
273,274,SEC_0113,32.7,-9632.0,2025-06-27 19:42:31
274,275,SEC_0440,42.89,6589.0,2025-01-07 20:28:29
275,276,SEC_0081,64.37,618.0,2025-05-28 06:07:26
276,277,SEC_0187,92.93,2571.0,2025-03-04 23:26:56
277,278,SEC_0113,61.33,6310.0,2025-05-23 17:36:38
278,279,SEC_0002,47.86,2756.0,2025-06-15 18:01:05
279,280,SEC_0130,53.76,2791.0,2025-06-21 19:33:02
280,281,SEC_0220,31.74,,2025-02-06 17:50:50
281,282,SEC_0054,47.69,3310.0,2025-02-14 03:03:51
282,283,SEC_0343,47.71,7153.0,2025-05-14 08:07:55
283,284,SEC_0485,57.17,4055.0,2025-04-09 03:45:07
284,285,SEC_0224,97.77,7057.0,2025-03-13 14:18:57
285,286,SEC_0225,-30.54,7425.0,2025-06-21 23:46:36
286,287,SEC_0385,48.31,7682.0,2025-03-02 09:23:34
287,288,SEC_0403,31.5,6509.0,2025-01-30 12:32:36
288,289,SEC_0126,46.95,225.0,2025-05-18 05:29:32
289,290,SEC_0130,42.12,7140.0,2025-02-28 11:50:50
290,291,SEC_0053,34.87,8137.0,2025-06-23 04:31:11
291,292,SEC_0172,71.8,3351.0,2025-04-08 23:20:12
292,293,SEC_0218,58.95,3828.0,2025-02-16 11:10:18
293,294,SEC_0160,69.32,1404.0,2025-03-19 12:15:04
294,295,SEC_0198,46.55,4213.0,2025-06-03 07:49:24
295,296,SEC_0416,,410.0,2025-01-12 00:22:18
296,297,SEC_0247,88.09,1917.0,2025-04-01 18:32:39
297,298,SEC_0324,54.55,4068.0,2025-06-10 18:15:45
298,299,SEC_0439,69.57,2860.0,2025-06-11 06:35:14
299,300,SEC_0203,45.37,7073.0,2025-05-01 01:20:05
300,301,SEC_0184,67.68,2052.0,2025-03-16 17:16:26
301,302,SEC_0123,46.31,3702.0,2025-03-02 06:48:54
302,303,SEC_0401,30.91,8215.0,2025-06-12 03:40:29
303,304,SEC_0255,54.47,2969.0,2025-04-02 16:56:57
304,305,SEC_0294,47.41,8937.0,2025-04-30 08:30:47
305,306,SEC_0280,33.53,-602.0,2025-05-14 17:03:58
306,307,SEC_0325,57.83,,2025-04-27 04:07:14
307,308,SEC_0372,41.76,5275.0,2025-03-06 04:32:38
308,309,SEC_0098,138.07,1843.0,2025-04-15 01:02:15
309,310,SEC_0198,35.19,2663.0,2025-01-21 17:44:41
310,311,SEC_0470,37.94,8675.0,2025-06-20 09:35:10
311,312,SEC_0395,70.87,4037.0,2025-03-14 05:33:25
312,313,SEC_0240,52.46,2640.0,2025-05-30 11:58:11
313,314,SEC_0144,70.44,5527.0,2025-06-11 02:35:08
314,315,SEC_0097,61.2,5369.0,2025-05-31 18:11:17
315,316,SEC_0201,45.85,7144.0,2025-06-21 03:55:27
316,317,SEC_0124,36.1,6104.0,2025-06-25 22:26:16
317,318,SEC_0187,75.29,3826.0,2025-02-06 22:45:06
318,319,SEC_0326,37.09,9875.0,2025-01-20 20:01:02
319,320,SEC_0464,64.56,5671.0,2025-04-29 22:01:21
320,321,SEC_0349,71.93,4797.0,2025-02-13 20:38:07
321,322,SEC_0259,52.56,3609.0,2025-04-08 05:42:42
322,323,SEC_0148,49.84,6879.0,2025-04-22 03:06:59
323,324,SEC_0252,40.65,1019.0,2025-06-25 07:32:26
324,325,SEC_0443,62.73,5350.0,2025-01-23 13:51:50
325,326,SEC_0420,21.89,4761.0,2025-05-31 22:45:05
326,327,SEC_0403,67.68,1312.0,2025-05-22 07:14:03
327,328,SEC_0346,,9611.0,2025-01-24 07:24:10
328,329,SEC_0451,51.07,2501.0,2025-04-07 08:00:06
329,330,SEC_0147,58.71,2668.0,2025-06-11 21:16:43
330,331,SEC_0148,36.16,6035.0,2025-03-26 10:17:21
331,332,SEC_0352,26.47,9579.0,2025-01-18 02:19:46
332,333,SEC_0199,62.84,5231.0,2025-06-11 12:08:36
333,334,SEC_0308,81.04,9337.0,2025-03-29 22:07:50
334,335,SEC_0489,32.4,4835.0,2025-02-16 00:14:04
335,336,SEC_0417,39.82,1547.0,2025-06-16 11:25:03
336,337,SEC_0424,68.42,2146.0,2025-05-16 09:01:41
337,338,SEC_0128,60.8,2164.0,2025-06-01 18:52:59
338,339,SEC_0039,132.81,3013.0,2025-06-03 14:49:10
339,340,SEC_0338,75.39,4445.0,2025-05-14 10:12:42
340,341,SEC_0360,70.15,3424.0,2025-04-22 17:22:52
341,342,SEC_0129,43.42,7180.0,2025-03-29 07:25:47
342,343,SEC_0267,63.91,3560.0,2025-02-19 17:38:40
343,344,SEC_0476,85.51,9749.0,2025-06-24 03:06:54
344,345,SEC_0441,51.97,2687.0,2025-02-07 18:07:39
345,346,SEC_0473,-52.71,2333.0,2025-04-03 06:53:04
346,347,SEC_0434,56.96,6067.0,2025-01-26 01:58:14
347,348,SEC_0151,44.73,1657.0,2025-05-30 18:36:35
348,349,SEC_0415,59.19,6780.0,2025-03-24 03:33:56
349,350,SEC_0478,58.74,6039.0,2025-03-12 19:26:40
350,351,SEC_0298,85.11,8737.0,2025-01-26 03:24:39
351,352,SEC_0099,,8584.0,2025-05-17 15:30:22
352,353,SEC_0263,66.85,5290.0,2025-02-06 10:45:39
353,354,SEC_0252,52.05,6221.0,2025-04-23 16:56:32
354,355,SEC_0144,66.15,297.0,2025-01-20 12:02:11
355,356,SEC_0346,50.65,6474.0,2025-02-21 22:09:06
356,357,SEC_0112,64.85,1087.0,2025-05-18 19:11:36
357,358,SEC_0500,67.93,6360.0,2025-04-06 22:24:04
358,359,SEC_0060,39.65,5195.0,2025-04-09 01:36:08
359,360,SEC_0369,76.0,,2025-02-25 13:58:14
360,361,SEC_0002,51.94,6723.0,2025-03-24 11:10:21
361,362,SEC_0385,47.42,9309.0,2025-01-27 07:54:46
362,363,SEC_0304,44.12,9269.0,2025-04-10 07:55:01
363,364,SEC_0254,59.71,496.0,2025-06-07 09:10:43
364,365,SEC_0140,54.52,2996.0,2025-05-26 22:14:52
365,366,SEC_0453,61.02,94.0,2025-04-25 05:33:14
366,367,SEC_0037,61.38,4325.0,2025-04-13 14:04:08
367,368,SEC_0160,65.53,6394.0,2025-04-15 19:41:33
368,369,SEC_0009,125.57,5511.0,2025-05-01 07:36:02
369,370,SEC_0233,55.25,721.0,2025-01-26 21:25:46
370,371,SEC_0099,43.8,5076.0,2025-01-15 09:07:10
371,372,SEC_0147,29.79,6326.0,2025-01-18 14:40:10
372,373,SEC_0304,,5100.0,2025-03-07 01:24:32
373,374,SEC_0208,79.09,4027.0,2025-04-25 04:20:46
374,375,SEC_0131,67.76,5058.0,2025-03-23 08:41:53
375,376,SEC_0404,36.42,6811.0,2025-01-18 18:55:14
376,377,SEC_0152,114.35,1107.0,2025-01-05 06:17:21
377,378,SEC_0054,60.22,5306.0,2025-05-12 05:49:25
378,379,SEC_0120,62.68,7735.0,2025-03-14 23:29:32
379,380,SEC_0161,107.05,6675.0,2025-05-22 10:37:02
380,381,SEC_0408,92.0,9564.0,2025-06-20 09:43:25
381,382,SEC_0116,69.02,8615.0,2025-02-01 00:55:34
382,383,SEC_0075,70.02,2006.0,2025-05-02 14:10:44
383,384,SEC_0113,72.01,5262.0,2025-01-23 10:08:36
384,385,SEC_0456,50.79,764.0,2025-04-15 20:55:34
385,386,SEC_0420,59.5,9090.0,2025-05-17 08:03:33
386,387,SEC_0422,64.86,9145.0,2025-06-01 05:38:19
387,388,SEC_0104,52.56,5692.0,2025-02-02 12:33:11
388,389,SEC_0340,40.87,7060.0,2025-02-20 22:31:20
389,390,SEC_0254,50.41,4480.0,2025-01-06 05:25:37
390,391,SEC_0227,40.59,4199.0,2025-02-16 08:49:31
391,392,SEC_0112,55.66,9092.0,2025-04-03 02:22:09
392,393,SEC_0473,32.0,4024.0,2025-03-06 02:56:30
393,394,SEC_0099,60.48,4206.0,2025-01-31 22:58:24
394,395,SEC_0153,33.47,3642.0,2025-05-17 04:02:30
395,396,SEC_0349,48.37,3544.0,2025-04-02 01:29:46
396,397,SEC_0402,63.51,5592.0,2025-02-27 21:37:18
397,398,SEC_0384,69.22,7244.0,2025-06-02 09:30:05
398,399,SEC_0366,66.8,6117.0,2025-03-01 05:26:11
399,400,SEC_0338,60.09,6334.0,2025-01-29 11:32:46
400,401,SEC_0194,39.03,762.0,2025-01-28 06:06:48
401,402,SEC_0310,73.27,2408.0,2025-05-01 23:49:31
402,403,SEC_0163,39.29,,2025-01-04 01:24:38
403,404,SEC_0208,75.82,6223.0,2025-03-07 01:39:08
404,405,SEC_0445,65.91,2644.0,2025-01-19 22:59:50
405,406,SEC_0169,82.08,9428.0,2025-06-06 20:13:27
406,407,SEC_0484,55.01,5111.0,2025-03-06 18:42:42
407,408,SEC_0161,42.71,1469.0,2025-02-15 01:45:38
408,409,SEC_0068,37.05,6293.0,2025-04-15 03:35:05
409,410,SEC_0289,38.3,8202.0,2025-05-17 23:16:43
410,411,SEC_0398,,5662.0,2025-04-10 02:00:46
411,412,SEC_0277,72.43,8984.0,2025-05-15 12:47:08
412,413,SEC_0304,75.21,6064.0,2025-04-27 06:46:22
413,414,SEC_0404,64.46,7016.0,2025-02-16 13:02:10
414,415,SEC_0384,54.06,9855.0,2025-03-23 12:31:35
415,416,SEC_0392,101.32,6324.0,2025-06-19 23:48:33
416,417,SEC_0135,53.01,8936.0,2025-05-20 07:51:58
417,418,SEC_0195,58.34,2429.0,2025-02-18 14:08:20
418,419,SEC_0401,53.82,-9309.0,2025-04-06 19:00:54
419,420,SEC_0128,49.33,7109.0,2025-01-07 06:47:32
420,421,SEC_0033,65.98,1355.0,2025-05-20 03:56:40
421,422,SEC_0176,45.15,5828.0,2025-04-21 07:38:26
422,423,SEC_0460,44.25,2481.0,2025-05-14 11:31:04
423,424,SEC_0443,66.98,1187.0,2025-02-08 20:40:48
424,425,SEC_0371,47.03,6910.0,2025-01-12 23:54:58
425,426,SEC_0470,56.83,4088.0,2025-02-25 23:45:07
426,427,SEC_0375,49.28,6229.0,2025-04-27 08:29:41
427,428,SEC_0022,54.41,2832.0,2025-01-05 12:07:53
428,429,SEC_0238,44.61,3662.0,2025-04-10 12:27:03
429,430,SEC_0158,45.05,1749.0,2025-03-26 05:05:42
430,431,SEC_0038,42.69,7935.0,2025-04-22 12:19:03
431,432,SEC_0230,70.32,9307.0,2025-04-11 17:45:25
432,433,SEC_0365,57.49,7553.0,2025-01-17 16:09:09
433,434,SEC_0051,71.92,3265.0,2025-05-11 08:08:13
434,435,SEC_0438,74.26,5373.0,2025-02-05 16:05:09
435,436,SEC_0264,47.56,5775.0,2025-03-13 22:02:58
436,437,SEC_0283,71.13,5364.0,2025-04-06 10:15:57
437,438,SEC_0027,54.37,7892.0,2025-06-19 14:20:09
438,439,SEC_0226,52.06,,2025-02-01 23:45:02
439,440,SEC_0277,79.5,1064.0,2025-01-01 15:43:47
440,441,SEC_0286,64.47,6660.0,2025-01-21 17:24:26
441,442,SEC_0097,49.12,3749.0,2025-02-17 23:10:45
442,443,SEC_0284,63.22,4546.0,2025-02-05 20:36:12
443,444,SEC_0367,37.35,2733.0,2025-04-09 23:10:30
444,445,SEC_0448,58.8,1873.0,2025-01-12 10:53:54
445,446,SEC_0481,34.82,4721.0,2025-03-07 23:04:19
446,447,SEC_0453,40.64,1970.0,2025-04-28 07:53:57
447,448,SEC_0317,65.07,9077.0,2025-03-16 13:28:48
448,449,SEC_0304,24.51,319.0,2025-03-08 02:18:50
449,450,SEC_0147,93.76,3718.0,2025-02-11 16:33:50
450,451,SEC_0004,70.13,5492.0,2025-04-15 01:19:34
451,452,SEC_0035,31.45,1375.0,2025-02-06 13:42:20
452,453,SEC_0192,112.12,5443.0,2025-02-17 09:12:14
453,454,SEC_0049,121.78,8680.0,2025-06-05 07:05:20
454,455,SEC_0017,51.72,451.0,2025-04-29 10:46:02
455,456,SEC_0172,41.35,8545.0,2025-03-19 12:51:40
456,457,SEC_0220,90.55,7181.0,2025-06-16 22:34:35
457,458,SEC_0158,49.25,1941.0,2025-01-06 20:10:36
458,459,SEC_0477,57.3,2368.0,2025-01-07 03:22:51
459,460,SEC_0046,78.66,7888.0,2025-05-24 04:03:24
460,461,SEC_0373,52.14,248.0,2025-04-09 14:56:57
461,462,SEC_0006,50.79,3504.0,2025-01-05 12:05:30
462,463,SEC_0099,37.27,8760.0,2025-01-14 09:32:47
463,464,SEC_0380,45.19,8876.0,2025-04-26 03:21:02
464,465,SEC_0233,50.49,8836.0,2025-02-05 14:00:42
465,466,SEC_0037,37.65,479.0,2025-02-25 08:12:40
466,467,SEC_0280,38.69,2761.0,2025-04-25 00:27:37
467,468,SEC_0349,55.15,7969.0,2025-02-08 23:21:12
468,469,SEC_0497,31.35,5941.0,2025-01-26 11:44:42
469,470,SEC_0302,41.94,4453.0,2025-03-21 04:56:24
470,471,SEC_0181,97.84,1369.0,2025-03-25 21:09:55
471,472,SEC_0095,49.22,2227.0,2025-01-17 10:59:13
472,473,SEC_0099,47.41,3613.0,2025-02-24 19:13:26
473,474,SEC_0188,49.16,5563.0,2025-05-28 15:11:56
474,475,SEC_0481,49.39,1060.0,2025-03-11 02:49:49
475,476,SEC_0116,,1645.0,2025-03-12 04:45:24
476,477,SEC_0191,63.53,5266.0,2025-01-04 17:11:12
477,478,SEC_0253,48.56,1812.0,2025-03-17 03:38:02
478,479,SEC_0469,51.21,2194.0,2025-06-17 14:43:23
479,480,SEC_0416,80.95,168.0,2025-05-21 12:59:37
480,481,SEC_0471,34.71,7443.0,2025-05-17 02:20:12
481,482,SEC_0161,53.66,4183.0,2025-03-16 05:03:01
482,483,SEC_0256,56.86,8346.0,2025-03-06 22:33:15
483,484,SEC_0323,43.25,2545.0,2025-05-10 13:18:38
484,485,SEC_0128,52.74,3869.0,2025-03-15 07:30:30
485,486,SEC_0018,41.53,8507.0,2025-03-31 20:45:38
486,487,SEC_0281,66.1,5951.0,2025-02-12 21:40:25
487,488,SEC_0490,36.54,8915.0,2025-03-06 11:54:09
488,489,SEC_0223,75.09,2310.0,2025-04-06 20:26:36
489,490,SEC_0054,53.41,6631.0,2025-02-18 15:53:15
490,491,SEC_0058,47.73,6687.0,2025-02-23 15:10:03
491,492,SEC_0323,40.39,,2025-03-25 15:46:39
492,493,SEC_0360,74.38,350.0,2025-06-14 08:11:05
493,494,SEC_0174,44.9,9016.0,2025-03-08 19:01:26
494,495,SEC_0280,38.47,-8630.0,2025-02-20 07:34:55
495,496,SEC_0114,74.85,8361.0,2025-05-19 12:52:48
496,497,SEC_0288,41.63,7954.0,2025-04-07 22:12:33
497,498,SEC_0431,53.07,3302.0,2025-05-12 08:03:46
498,499,SEC_0342,69.8,4119.0,2025-02-09 05:33:07
499,500,SEC_0151,57.25,6820.0,2025-02-09 20:11:10
500,501,SEC_0450,91.77,2770.0,2025-01-04 06:46:28
501,502,SEC_0127,42.5,4500.0,2025-02-02 19:37:03
502,503,SEC_0155,51.26,2181.0,2025-04-23 19:36:19
503,504,SEC_0490,52.46,3346.0,2025-06-22 14:47:10
504,505,SEC_0386,65.78,2666.0,2025-03-31 10:10:49
505,506,SEC_0474,80.37,8424.0,2025-03-23 23:59:14
506,507,SEC_0273,55.82,9251.0,2025-05-26 04:58:40
507,508,SEC_0104,52.39,-2543.0,2025-06-06 04:02:06
508,509,SEC_0417,34.99,9326.0,2025-04-01 17:59:34
509,510,SEC_0393,56.47,5441.0,2025-03-22 08:55:23
510,511,SEC_0299,44.92,8149.0,2025-01-12 10:26:01
511,512,SEC_0246,65.73,7111.0,2025-02-12 09:07:33
512,513,SEC_0176,48.28,3881.0,2025-02-14 12:40:01
513,514,SEC_0039,50.8,2738.0,2025-04-02 12:04:02
514,515,SEC_0477,35.23,2432.0,2025-02-22 07:59:51
515,516,SEC_0170,31.71,1388.0,2025-01-04 09:55:03
516,517,SEC_0247,95.42,9630.0,2025-01-22 12:01:13
517,518,SEC_0026,56.76,3366.0,2025-05-12 12:17:50
518,519,SEC_0355,61.64,9922.0,2025-04-16 12:09:13
519,520,SEC_0306,41.53,2440.0,2025-06-13 02:10:33
520,521,SEC_0409,71.0,1317.0,2025-03-27 06:35:11
521,522,SEC_0408,67.26,5205.0,2025-04-26 22:02:35
522,523,SEC_0013,42.92,5005.0,2025-01-17 02:10:49
523,524,SEC_0316,39.73,685.0,2025-04-07 17:20:26
524,525,SEC_0391,,6441.0,2025-05-27 10:27:23
525,526,SEC_0313,54.14,3088.0,2025-03-27 12:18:47
526,527,SEC_0036,57.41,9868.0,2025-04-07 03:39:02
527,528,SEC_0173,55.23,2114.0,2025-02-20 14:35:57
528,529,SEC_0020,80.61,958.0,2025-01-03 02:29:53
529,530,SEC_0321,44.06,5779.0,2025-03-11 19:26:08
530,531,SEC_0264,39.41,8080.0,2025-05-23 17:47:49
531,532,SEC_0494,54.6,6029.0,2025-01-06 02:08:26
532,533,SEC_0400,32.85,5701.0,2025-01-07 16:25:43
533,534,SEC_0142,67.27,3095.0,2025-02-01 10:33:04
534,535,SEC_0460,56.23,2808.0,2025-03-08 08:22:58
535,536,SEC_0371,49.33,-7583.0,2025-02-10 16:49:50
536,537,SEC_0471,48.52,,2025-06-27 22:06:08
537,538,SEC_0143,71.74,888.0,2025-04-21 01:51:21
538,539,SEC_0092,71.05,6016.0,2025-01-16 08:22:16
539,540,SEC_0354,50.71,5425.0,2025-06-24 21:35:02
540,541,SEC_0322,65.2,3994.0,2025-03-14 21:58:05
541,542,SEC_0288,70.74,3085.0,2025-01-14 19:30:31
542,543,SEC_0215,60.38,876.0,2025-06-26 16:16:24
543,544,SEC_0447,51.33,5270.0,2025-02-15 19:00:50
544,545,SEC_0342,61.21,7509.0,2025-01-12 08:13:13
545,546,SEC_0051,39.98,3997.0,2025-03-07 04:29:46
546,547,SEC_0153,55.78,557.0,2025-04-05 16:40:17
547,548,SEC_0186,50.91,5294.0,2025-06-06 00:36:05
548,549,SEC_0063,48.57,8901.0,2025-01-04 10:24:04
549,550,SEC_0190,32.53,718.0,2025-03-14 14:49:23
550,551,SEC_0125,40.11,3666.0,2025-01-31 20:24:21
551,552,SEC_0150,47.19,6548.0,2025-04-27 10:36:30
552,553,SEC_0314,71.42,5197.0,2025-06-05 20:02:45
553,554,SEC_0058,59.49,2020.0,2025-05-09 15:36:27
554,555,SEC_0342,72.38,8483.0,2025-05-25 21:22:42
555,556,SEC_0305,79.27,2184.0,2025-03-27 14:39:25
556,557,SEC_0180,60.27,3880.0,2025-02-11 22:24:49
557,558,SEC_0170,56.95,2937.0,2025-03-22 12:13:12
558,559,SEC_0326,40.78,6692.0,2025-06-25 20:39:51
559,560,SEC_0271,99.09,7046.0,2025-05-15 13:14:05
560,561,SEC_0054,35.68,2814.0,2025-05-21 16:41:55
561,562,SEC_0491,56.58,1238.0,2025-02-04 11:10:58
562,563,SEC_0444,70.09,4842.0,2025-04-28 20:39:59
563,564,SEC_0101,70.39,3044.0,2025-05-25 18:07:54
564,565,SEC_0481,38.61,6473.0,2025-03-27 21:47:51
565,566,SEC_0264,48.14,3088.0,2025-03-24 01:03:46
566,567,SEC_0053,42.96,3559.0,2025-06-07 19:55:29
567,568,SEC_0060,30.14,5294.0,2025-04-26 21:07:58
568,569,SEC_0492,56.78,8891.0,2025-01-06 13:53:26
569,570,SEC_0108,44.02,2854.0,2025-01-27 10:36:29
570,571,SEC_0005,85.77,1846.0,2025-04-29 19:09:03
571,572,SEC_0103,65.66,6363.0,2025-02-21 16:28:18
572,573,SEC_0196,55.28,6657.0,2025-06-17 22:37:48
573,574,SEC_0262,47.38,7567.0,2025-01-02 19:32:40
574,575,SEC_0365,56.52,3183.0,2025-04-03 18:26:22
575,576,SEC_0480,50.56,464.0,2025-04-17 04:53:06
576,577,SEC_0372,-55.75,3861.0,2025-01-16 14:18:38
577,578,SEC_0350,96.59,5761.0,2025-02-04 05:30:47
578,579,SEC_0047,39.67,7261.0,2025-05-22 00:28:17
579,580,SEC_0355,51.9,451.0,2025-05-23 10:06:16
580,581,SEC_0311,67.49,1916.0,2025-03-04 05:04:48
581,582,SEC_0424,48.42,9116.0,2025-03-22 18:32:11
582,583,SEC_0308,-87.72,3623.0,2025-04-28 20:53:38
583,584,SEC_0144,66.92,7077.0,2025-01-10 20:48:42
584,585,SEC_0269,44.01,316.0,2025-05-19 07:42:53
585,586,SEC_0370,58.05,4767.0,2025-05-26 00:43:29
586,587,SEC_0124,44.2,4794.0,2025-03-07 22:13:32
587,588,SEC_0106,42.99,1377.0,2025-03-27 07:28:45
588,589,SEC_0158,-52.35,2816.0,2025-02-07 03:37:32
589,590,SEC_0147,79.77,1263.0,2025-04-03 18:07:10
590,591,SEC_0145,68.28,9320.0,2025-01-05 09:03:18
591,592,SEC_0120,54.23,2926.0,2025-03-17 02:30:12
592,593,SEC_0319,69.02,9245.0,2025-03-11 09:41:18
593,594,SEC_0275,59.18,3469.0,2025-01-30 07:10:31
594,595,SEC_0092,,4022.0,2025-05-26 21:58:25
595,596,SEC_0058,52.27,4410.0,2025-02-04 05:12:07
596,597,SEC_0439,53.41,548.0,2025-04-11 05:33:10
597,598,SEC_0346,68.61,4892.0,2025-05-31 06:32:27
598,599,SEC_0229,46.07,3524.0,2025-05-14 17:39:06
599,600,SEC_0474,41.52,7043.0,2025-01-11 00:43:13
600,601,SEC_0117,53.86,9722.0,2025-03-27 05:29:45
601,602,SEC_0318,44.99,5606.0,2025-02-19 09:19:22
602,603,SEC_0279,49.55,107.0,2025-05-24 09:21:58
603,604,SEC_0127,53.29,9049.0,2025-01-12 22:27:53
604,605,SEC_0393,48.67,2985.0,2025-06-22 16:42:43
605,606,SEC_0396,72.89,5469.0,2025-04-19 00:07:31
606,607,SEC_0129,83.45,5853.0,2025-02-20 20:36:23
607,608,SEC_0058,70.73,1251.0,2025-02-24 17:13:41
608,609,SEC_0122,32.09,6740.0,2025-03-03 08:03:36
609,610,SEC_0001,45.03,6133.0,2025-04-30 18:42:34
610,611,SEC_0239,51.75,1612.0,2025-02-16 08:02:54
611,612,SEC_0290,31.38,7929.0,2025-06-22 18:18:25
612,613,SEC_0096,41.98,1791.0,2025-03-24 11:24:37
613,614,SEC_0126,51.55,7218.0,2025-04-06 03:38:15
614,615,SEC_0118,47.72,868.0,2025-04-21 03:58:11
615,616,SEC_0048,54.74,2770.0,2025-03-04 16:45:14
616,617,SEC_0089,36.08,328.0,2025-05-10 04:13:58
617,618,SEC_0488,47.56,3817.0,2025-01-11 01:03:54
618,619,SEC_0237,57.14,3149.0,2025-02-10 23:39:02
619,620,SEC_0373,54.77,6777.0,2025-03-20 19:02:43
620,621,SEC_0385,62.43,2556.0,2025-04-29 10:30:23
621,622,SEC_0272,61.35,9323.0,2025-03-17 04:45:36
622,623,SEC_0189,48.32,4337.0,2025-02-14 22:49:22
623,624,SEC_0487,56.6,2483.0,2025-01-14 17:07:45
624,625,SEC_0192,42.95,3100.0,2025-06-01 07:22:04
625,626,SEC_0447,50.35,9749.0,2025-03-03 13:27:07
626,627,SEC_0069,39.78,5787.0,2025-04-23 15:27:46
627,628,SEC_0278,75.16,6733.0,2025-06-02 02:28:20
628,629,SEC_0349,50.3,-7986.0,2025-01-19 00:06:50
629,630,SEC_0247,75.13,6055.0,2025-05-01 22:43:28
630,631,SEC_0451,59.95,569.0,2025-06-26 21:33:24
631,632,SEC_0076,41.86,1655.0,2025-04-26 20:57:05
632,633,SEC_0154,58.87,7133.0,2025-01-13 14:55:25
633,634,SEC_0144,69.61,3734.0,2025-04-06 19:38:11
634,635,SEC_0435,53.34,3230.0,2025-02-18 22:04:53
635,636,SEC_0485,55.82,6812.0,2025-03-16 23:38:07
636,637,SEC_0086,46.27,8343.0,2025-06-18 18:36:15
637,638,SEC_0185,54.99,1796.0,2025-03-18 05:04:08
638,639,SEC_0285,58.64,6540.0,2025-03-07 14:30:17
639,640,SEC_0462,45.89,8541.0,2025-06-29 07:53:57
640,641,SEC_0220,39.5,6215.0,2025-02-12 21:28:41
641,642,SEC_0069,80.35,8589.0,2025-06-09 05:39:40
642,643,SEC_0047,65.45,6146.0,2025-01-17 22:30:34
643,644,SEC_0497,46.33,2610.0,2025-01-26 12:04:43
644,645,SEC_0094,58.32,9351.0,2025-04-07 00:16:01
645,646,SEC_0238,35.04,8338.0,2025-01-11 07:41:43
646,647,SEC_0446,30.17,2227.0,2025-06-22 13:57:40
647,648,SEC_0500,75.58,8456.0,2025-01-24 10:29:19
648,649,SEC_0453,58.49,5931.0,2025-06-12 15:47:04
649,650,SEC_0204,,6843.0,2025-03-29 02:37:18
650,651,SEC_0400,58.55,3081.0,2025-05-04 08:26:33
651,652,SEC_0218,143.72,988.0,2025-01-25 20:58:16
652,653,SEC_0474,70.86,9540.0,2025-02-06 18:25:55
653,654,SEC_0432,39.9,1361.0,2025-02-07 20:06:20
654,655,SEC_0341,32.98,7051.0,2025-02-24 04:58:56
655,656,SEC_0039,74.92,7547.0,2025-06-16 04:49:30
656,657,SEC_0100,70.59,1727.0,2025-02-28 20:12:13
657,658,SEC_0289,64.88,908.0,2025-04-03 18:54:32
658,659,SEC_0254,42.78,9376.0,2025-06-15 19:01:12
659,660,SEC_0222,60.88,2825.0,2025-02-07 05:01:59
660,661,SEC_0357,43.95,9451.0,2025-02-28 16:39:00
661,662,SEC_0023,66.61,8026.0,2025-01-01 13:37:08
662,663,SEC_0250,73.32,8391.0,2025-03-14 10:04:09
663,664,SEC_0010,46.38,-9249.0,2025-05-27 06:05:57
664,665,SEC_0246,76.67,2456.0,2025-01-20 03:41:03
665,666,SEC_0325,56.51,5209.0,2025-01-12 17:25:20
666,667,SEC_0100,63.28,7775.0,2025-06-27 16:54:30
667,668,SEC_0290,36.86,3366.0,2025-04-25 03:56:26
668,669,SEC_0180,58.54,9453.0,2025-04-08 16:05:19
669,670,SEC_0223,44.58,5280.0,2025-02-20 22:53:02
670,671,SEC_0394,62.95,5952.0,2025-06-21 06:41:27
671,672,SEC_0250,84.79,9506.0,2025-02-17 14:04:52
672,673,SEC_0147,59.55,6698.0,2025-02-01 00:43:17
673,674,SEC_0442,41.67,8770.0,2025-01-06 06:08:54
674,675,SEC_0096,65.89,6677.0,2025-05-11 14:07:41
675,676,SEC_0257,61.59,1021.0,2025-03-07 08:45:39
676,677,SEC_0325,101.25,3845.0,2025-01-08 10:05:44
677,678,SEC_0493,58.92,3574.0,2025-01-16 09:32:29
678,679,SEC_0004,45.8,5443.0,2025-04-19 00:31:06
679,680,SEC_0016,-68.8,7915.0,2025-01-10 04:27:47
680,681,SEC_0280,-52.55,6059.0,2025-03-27 19:51:22
681,682,SEC_0336,55.93,7952.0,2025-04-22 07:49:29
682,683,SEC_0247,41.32,8803.0,2025-02-12 23:21:05
683,684,SEC_0258,52.63,8521.0,2025-01-10 16:40:24
684,685,SEC_0497,55.11,547.0,2025-02-09 00:21:23
685,686,SEC_0476,52.54,8531.0,2025-02-04 16:39:15
686,687,SEC_0384,45.73,3182.0,2025-06-07 21:44:41
687,688,SEC_0160,59.53,8999.0,2025-06-26 10:48:00
688,689,SEC_0475,41.39,9226.0,2025-04-08 09:54:53
689,690,SEC_0340,38.56,3988.0,2025-02-25 05:56:33
690,691,SEC_0152,67.55,3334.0,2025-01-05 15:48:27
691,692,SEC_0396,65.71,2741.0,2025-01-15 04:10:26
692,693,SEC_0178,36.88,4902.0,2025-06-09 22:37:10
693,694,SEC_0163,31.54,9889.0,2025-01-06 07:02:03
694,695,SEC_0380,40.34,5709.0,2025-05-31 02:40:24
695,696,SEC_0033,,2083.0,2025-05-18 22:44:11
696,697,SEC_0417,77.19,4653.0,2025-01-13 22:37:24
697,698,SEC_0445,52.15,9878.0,2025-01-21 20:19:15
698,699,SEC_0179,43.35,4587.0,2025-03-15 10:53:05
699,700,SEC_0427,57.09,9796.0,2025-06-05 02:33:33
700,701,SEC_0101,52.76,261.0,2025-05-11 01:42:52
701,702,SEC_0268,36.08,3797.0,2025-06-17 06:32:11
702,703,SEC_0323,,5983.0,2025-02-10 03:12:29
703,704,SEC_0065,36.44,-501.0,2025-04-03 22:23:43
704,705,SEC_0417,114.89,1016.0,2025-03-24 07:59:50
705,706,SEC_0168,70.67,8106.0,2025-06-06 04:51:49
706,707,SEC_0330,45.69,7665.0,2025-02-24 14:12:43
707,708,SEC_0043,76.13,3964.0,2025-01-13 09:31:39
708,709,SEC_0044,46.04,5319.0,2025-06-18 02:16:38
709,710,SEC_0285,75.38,2707.0,2025-04-01 15:29:27
710,711,SEC_0397,55.93,6136.0,2025-06-13 21:29:12
711,712,SEC_0012,44.81,5782.0,2025-05-19 06:24:36
712,713,SEC_0095,66.95,2100.0,2025-01-27 10:44:42
713,714,SEC_0302,56.9,6387.0,2025-04-15 20:07:48
714,715,SEC_0386,61.53,5339.0,2025-06-14 07:57:23
715,716,SEC_0253,58.24,2566.0,2025-03-13 21:27:06
716,717,SEC_0499,58.06,8301.0,2025-05-06 02:23:46
717,718,SEC_0242,69.42,5017.0,2025-02-12 04:29:58
718,719,SEC_0035,118.53,8258.0,2025-06-06 00:47:08
719,720,SEC_0215,79.41,3082.0,2025-02-01 06:15:08
720,721,SEC_0337,58.32,4298.0,2025-04-07 20:06:12
721,722,SEC_0090,,5914.0,2025-05-22 08:03:34
722,723,SEC_0264,-51.41,2949.0,2025-02-02 09:22:06
723,724,SEC_0093,37.46,8406.0,2025-06-18 05:26:09
724,725,SEC_0410,66.64,6212.0,2025-06-15 14:01:28
725,726,SEC_0458,40.27,1041.0,2025-03-24 14:50:00
726,727,SEC_0090,48.83,7989.0,2025-02-07 15:42:52
727,728,SEC_0418,66.76,7474.0,2025-04-20 10:52:24
728,729,SEC_0115,50.85,7560.0,2025-05-31 06:15:08
729,730,SEC_0105,-47.1,988.0,2025-03-27 12:09:48
730,731,SEC_0391,38.12,3196.0,2025-04-11 02:21:24
731,732,SEC_0196,78.38,5100.0,2025-05-24 16:38:53
732,733,SEC_0314,42.52,504.0,2025-06-07 13:49:13
733,734,SEC_0114,45.8,5345.0,2025-04-26 15:17:31
734,735,SEC_0493,31.9,8948.0,2025-03-03 18:56:56
735,736,SEC_0075,54.27,9534.0,2025-03-22 09:22:08
736,737,SEC_0413,49.4,8149.0,2025-01-11 02:08:17
737,738,SEC_0376,57.66,6011.0,2025-03-10 14:19:37
738,739,SEC_0420,38.38,1382.0,2025-01-21 23:12:52
739,740,SEC_0217,68.05,5603.0,2025-02-22 22:34:29
740,741,SEC_0277,31.44,7013.0,2025-05-27 16:09:33
741,742,SEC_0249,53.11,3727.0,2025-04-09 16:08:55
742,743,SEC_0164,56.52,1888.0,2025-03-01 20:27:39
743,744,SEC_0394,55.55,9516.0,2025-01-21 12:12:00
744,745,SEC_0357,57.24,3810.0,2025-02-10 08:46:33
745,746,SEC_0457,69.17,2132.0,2025-05-04 01:54:03
746,747,SEC_0408,81.24,2425.0,2025-06-03 11:29:12
747,748,SEC_0192,52.11,5440.0,2025-05-02 18:08:51
748,749,SEC_0227,40.84,5475.0,2025-06-18 08:01:43
749,750,SEC_0177,64.6,9201.0,2025-02-01 13:19:23
750,751,SEC_0099,50.2,1318.0,2025-06-07 20:24:46
751,752,SEC_0496,79.79,6648.0,2025-02-24 19:30:20
752,753,SEC_0036,45.58,3217.0,2025-06-09 16:51:39
753,754,SEC_0466,42.21,-17.0,2025-02-27 06:47:16
754,755,SEC_0497,57.0,4671.0,2025-02-07 12:09:33
755,756,SEC_0487,32.39,9995.0,2025-01-15 11:12:08
756,757,SEC_0096,,2624.0,2025-02-06 21:03:51
757,758,SEC_0152,49.45,130.0,2025-06-23 02:39:16
758,759,SEC_0151,58.33,1474.0,2025-03-22 03:17:49
759,760,SEC_0190,40.49,9142.0,2025-04-09 14:32:30
760,761,SEC_0224,41.94,9261.0,2025-03-14 02:24:10
761,762,SEC_0037,77.25,4312.0,2025-03-16 18:33:01
762,763,SEC_0268,54.38,9816.0,2025-02-25 11:25:23
763,764,SEC_0369,70.77,2896.0,2025-01-28 14:13:19
764,765,SEC_0183,46.41,2737.0,2025-02-21 05:25:44
765,766,SEC_0013,53.71,5099.0,2025-03-28 01:49:58
766,767,SEC_0279,58.23,1947.0,2025-05-27 09:27:47
767,768,SEC_0217,92.23,5560.0,2025-05-15 02:07:49
768,769,SEC_0355,51.15,8809.0,2025-05-19 18:12:10
769,770,SEC_0361,51.94,301.0,2025-01-19 21:42:19
770,771,SEC_0286,75.9,9177.0,2025-04-13 04:05:54
771,772,SEC_0273,48.72,4502.0,2025-06-08 00:58:49
772,773,SEC_0369,59.47,8353.0,2025-04-24 15:27:30
773,774,SEC_0062,,5915.0,2025-02-10 06:51:44
774,775,SEC_0084,45.94,5672.0,2025-06-10 05:40:29
775,776,SEC_0368,60.47,8218.0,2025-04-10 02:06:36
776,777,SEC_0217,92.17,83.0,2025-04-17 09:47:48
777,778,SEC_0342,71.98,8365.0,2025-05-05 14:54:31
778,779,SEC_0397,59.47,999.0,2025-01-28 10:37:31
779,780,SEC_0187,51.04,5805.0,2025-03-26 01:25:11
780,781,SEC_0019,45.55,6938.0,2025-02-26 06:44:49
781,782,SEC_0177,40.59,3142.0,2025-06-27 13:11:51
782,783,SEC_0100,85.87,2883.0,2025-06-14 13:00:51
783,784,SEC_0396,81.02,7363.0,2025-01-12 12:51:38
784,785,SEC_0445,44.83,3085.0,2025-01-01 13:42:28
785,786,SEC_0233,60.42,2046.0,2025-06-20 17:27:06
786,787,SEC_0403,56.45,8953.0,2025-03-15 23:43:08
787,788,SEC_0076,77.89,205.0,2025-05-18 19:43:35
788,789,SEC_0265,61.24,5285.0,2025-05-04 16:25:56
789,790,SEC_0455,54.23,1553.0,2025-05-13 14:49:08
790,791,SEC_0284,46.41,7817.0,2025-05-13 05:35:27
791,792,SEC_0206,60.48,825.0,2025-02-01 07:37:09
792,793,SEC_0223,49.18,3749.0,2025-04-17 09:37:34
793,794,SEC_0384,58.34,-5579.0,2025-05-08 14:18:07
794,795,SEC_0052,53.37,5913.0,2025-04-25 04:40:46
795,796,SEC_0339,48.83,7391.0,2025-01-19 10:01:26
796,797,SEC_0367,40.78,5198.0,2025-04-18 23:05:28
797,798,SEC_0144,63.7,9031.0,2025-01-28 14:52:31
798,799,SEC_0373,55.3,,2025-02-14 14:54:21
799,800,SEC_0069,93.34,6769.0,2025-05-02 05:21:46
800,801,SEC_0099,40.06,3684.0,2025-03-05 18:58:14
801,802,SEC_0396,65.86,1962.0,2025-03-06 17:53:41
802,803,SEC_0025,53.26,938.0,2025-03-22 22:19:10
803,804,SEC_0436,102.51,7596.0,2025-02-24 13:07:55
804,805,SEC_0379,64.37,425.0,2025-06-01 00:00:25
805,806,SEC_0469,60.18,3052.0,2025-02-06 15:48:51
806,807,SEC_0484,53.3,2906.0,2025-06-22 21:15:25
807,808,SEC_0053,44.21,2695.0,2025-03-14 00:01:46
808,809,SEC_0151,59.94,3596.0,2025-01-12 06:27:37
809,810,SEC_0144,36.06,1268.0,2025-02-15 03:32:59
810,811,SEC_0057,36.57,422.0,2025-05-29 11:41:53
811,812,SEC_0039,73.98,3267.0,2025-06-12 02:51:22
812,813,SEC_0109,32.18,7018.0,2025-01-31 14:17:16
813,814,SEC_0181,49.61,9850.0,2025-06-17 08:04:58
814,815,SEC_0042,39.86,2101.0,2025-01-20 08:22:22
815,816,SEC_0186,48.39,7130.0,2025-03-23 20:40:40
816,817,SEC_0423,57.71,8096.0,2025-05-13 20:31:53
817,818,SEC_0398,73.36,8877.0,2025-03-01 15:36:26
818,819,SEC_0223,78.67,2227.0,2025-04-19 01:21:51
819,820,SEC_0122,41.44,4389.0,2025-04-02 09:21:08
820,821,SEC_0133,47.48,2423.0,2025-03-15 12:40:58
821,822,SEC_0163,184.15,7227.0,2025-05-16 09:22:19
822,823,SEC_0215,50.65,9270.0,2025-05-25 02:29:54
823,824,SEC_0221,41.9,7317.0,2025-03-18 08:46:20
824,825,SEC_0235,44.05,2844.0,2025-01-30 11:48:31
825,826,SEC_0331,50.74,4112.0,2025-06-22 01:09:38
826,827,SEC_0146,48.53,5660.0,2025-06-11 23:03:12
827,828,SEC_0239,50.89,1904.0,2025-05-03 12:27:39
828,829,SEC_0076,54.25,4225.0,2025-05-01 14:15:06
829,830,SEC_0009,54.13,4980.0,2025-06-05 18:46:12
830,831,SEC_0074,40.99,5364.0,2025-04-14 06:01:22
831,832,SEC_0442,61.0,426.0,2025-06-24 08:51:10
832,833,SEC_0492,56.62,2402.0,2025-04-30 05:44:58
833,834,SEC_0401,63.37,8942.0,2025-03-10 02:26:25
834,835,SEC_0253,32.64,7249.0,2025-06-05 05:35:54
835,836,SEC_0230,57.23,44.0,2025-06-13 11:17:19
836,837,SEC_0007,30.09,6299.0,2025-04-19 17:10:00
837,838,SEC_0174,51.8,5043.0,2025-04-16 08:53:32
838,839,SEC_0141,66.51,1560.0,2025-06-19 06:38:21
839,840,SEC_0168,74.72,6036.0,2025-03-01 18:34:01
840,841,SEC_0170,60.36,,2025-03-30 04:51:17
841,842,SEC_0393,66.86,4195.0,2025-04-12 21:11:30
842,843,SEC_0434,49.91,3952.0,2025-05-28 08:46:14
843,844,SEC_0283,-46.86,148.0,2025-03-05 11:03:39
844,845,SEC_0122,122.47,2171.0,2025-05-30 03:31:52
845,846,SEC_0194,-69.98,8304.0,2025-03-18 07:25:28
846,847,SEC_0005,-38.4,5119.0,2025-06-26 07:07:44
847,848,SEC_0029,32.45,7156.0,2025-04-14 05:23:10
848,849,SEC_0165,47.49,7298.0,2025-04-27 18:57:53
849,850,SEC_0422,78.07,4164.0,2025-01-09 05:22:54
850,851,SEC_0339,55.4,8027.0,2025-06-05 17:19:03
851,852,SEC_0136,28.02,9020.0,2025-03-31 18:08:30
852,853,SEC_0496,51.77,9945.0,2025-03-11 18:48:42
853,854,SEC_0365,54.56,8068.0,2025-05-19 11:40:00
854,855,SEC_0321,26.45,2940.0,2025-02-25 22:41:30
855,856,SEC_0342,55.0,5728.0,2025-04-06 21:24:11
856,857,SEC_0500,40.29,8065.0,2025-05-19 14:20:10
857,858,SEC_0145,31.48,3617.0,2025-01-17 11:09:01
858,859,SEC_0327,88.35,5406.0,2025-04-13 08:12:34
859,860,SEC_0217,39.75,7286.0,2025-03-28 19:05:30
860,861,SEC_0301,44.69,8352.0,2025-01-19 09:37:26
861,862,SEC_0132,44.51,5881.0,2025-04-18 21:48:39
862,863,SEC_0292,54.63,1014.0,2025-06-12 23:35:32
863,864,SEC_0070,92.75,8744.0,2025-02-07 16:03:41
864,865,SEC_0252,38.14,7392.0,2025-05-07 08:29:21
865,866,SEC_0415,49.8,1176.0,2025-04-23 17:19:42
866,867,SEC_0275,56.61,9356.0,2025-02-08 19:50:42
867,868,SEC_0445,42.07,5248.0,2025-03-04 23:03:20
868,869,SEC_0364,49.56,7519.0,2025-06-19 15:47:42
869,870,SEC_0182,65.26,6291.0,2025-01-01 20:03:27
870,871,SEC_0167,43.52,1309.0,2025-01-31 14:35:24
871,872,SEC_0091,49.32,9685.0,2025-06-17 06:46:20
872,873,SEC_0202,47.97,9434.0,2025-02-24 19:20:06
873,874,SEC_0346,52.92,4828.0,2025-04-29 22:35:08
874,875,SEC_0019,58.73,5265.0,2025-05-25 05:51:44
875,876,SEC_0039,65.1,1778.0,2025-01-12 04:13:38
876,877,SEC_0126,97.64,60.0,2025-05-08 14:34:32
877,878,SEC_0451,24.59,9826.0,2025-06-20 10:58:46
878,879,SEC_0173,51.92,6987.0,2025-04-09 08:42:38
879,880,SEC_0141,36.26,-7861.0,2025-06-24 05:11:27
880,881,SEC_0242,48.64,8528.0,2025-04-02 00:32:43
881,882,SEC_0220,71.11,9023.0,2025-04-28 06:40:44
882,883,SEC_0126,78.21,1593.0,2025-03-31 18:55:24
883,884,SEC_0058,79.31,4381.0,2025-01-31 15:49:00
884,885,SEC_0148,79.09,-6098.0,2025-04-16 18:16:13
885,886,SEC_0476,51.82,6459.0,2025-06-26 15:06:22
886,887,SEC_0456,83.06,9152.0,2025-05-22 00:22:54
887,888,SEC_0317,88.15,5718.0,2025-06-08 00:02:09
888,889,SEC_0383,56.92,4167.0,2025-04-20 22:11:17
889,890,SEC_0361,77.72,6489.0,2025-01-28 17:57:28
890,891,SEC_0423,-55.28,8158.0,2025-04-06 12:07:42
891,892,SEC_0001,83.35,9314.0,2025-01-08 04:25:55
892,893,SEC_0387,52.01,5420.0,2025-01-18 18:28:09
893,894,SEC_0461,45.47,9291.0,2025-05-01 23:32:17
894,895,SEC_0348,39.02,8335.0,2025-06-11 19:37:38
895,896,SEC_0190,51.83,1047.0,2025-06-29 07:42:46
896,897,SEC_0191,56.0,9261.0,2025-05-08 02:04:35
897,898,SEC_0369,41.11,7637.0,2025-04-25 09:19:50
898,899,SEC_0409,50.65,4188.0,2025-03-03 05:05:56
899,900,SEC_0312,46.62,3341.0,2025-05-23 09:20:07
900,901,SEC_0417,39.52,6178.0,2025-05-05 05:53:24
901,902,SEC_0422,74.5,4774.0,2025-02-03 21:01:26
902,903,SEC_0117,78.54,3436.0,2025-06-01 05:33:30
903,904,SEC_0134,74.4,7301.0,2025-02-15 04:22:13
904,905,SEC_0058,53.24,6903.0,2025-01-18 00:47:08
905,906,SEC_0044,54.23,5800.0,2025-06-01 19:37:11
906,907,SEC_0173,39.69,-966.0,2025-02-15 21:32:24
907,908,SEC_0160,61.83,7445.0,2025-06-05 21:04:47
908,909,SEC_0173,57.45,-9372.0,2025-06-22 15:11:32
909,910,SEC_0317,128.15,6679.0,2025-05-30 02:57:58
910,911,SEC_0303,-75.65,501.0,2025-04-23 05:31:11
911,912,SEC_0149,60.01,4555.0,2025-03-15 21:54:21
912,913,SEC_0080,53.92,50.0,2025-04-22 05:44:32
913,914,SEC_0374,73.73,9162.0,2025-06-14 07:47:38
914,915,SEC_0213,41.48,988.0,2025-01-24 09:08:39
915,916,SEC_0203,76.85,6772.0,2025-05-10 16:21:06
916,917,SEC_0252,39.4,1116.0,2025-05-09 00:31:44
917,918,SEC_0229,46.13,3933.0,2025-04-18 14:11:33
918,919,SEC_0164,31.45,9672.0,2025-02-24 13:19:09
919,920,SEC_0227,65.64,4435.0,2025-01-17 21:16:28
920,921,SEC_0147,58.85,3568.0,2025-04-08 03:33:27
921,922,SEC_0020,46.13,1659.0,2025-01-30 02:26:34
922,923,SEC_0441,41.32,7945.0,2025-04-29 08:22:26
923,924,SEC_0402,82.57,5801.0,2025-02-13 03:36:31
924,925,SEC_0047,52.45,4377.0,2025-05-06 04:41:04
925,926,SEC_0233,43.37,8018.0,2025-06-25 04:28:34
926,927,SEC_0305,97.18,2816.0,2025-04-11 13:46:22
927,928,SEC_0014,44.83,971.0,2025-02-15 02:19:00
928,929,SEC_0143,76.83,7821.0,2025-04-03 03:24:42
929,930,SEC_0415,38.66,5513.0,2025-03-23 07:29:43
930,931,SEC_0001,49.08,208.0,2025-04-20 13:13:12
931,932,SEC_0373,63.48,260.0,2025-03-29 13:42:04
932,933,SEC_0054,53.66,5026.0,2025-05-30 23:13:47
933,934,SEC_0374,58.74,4359.0,2025-04-05 20:29:28
934,935,SEC_0259,-46.45,8975.0,2025-04-01 12:23:59
935,936,SEC_0144,33.81,505.0,2025-05-21 08:26:27
936,937,SEC_0471,84.75,9766.0,2025-03-25 08:03:35
937,938,SEC_0441,47.31,1760.0,2025-04-10 04:03:22
938,939,SEC_0459,59.54,7515.0,2025-04-10 08:40:04
939,940,SEC_0012,67.4,7761.0,2025-03-07 14:00:18
940,941,SEC_0330,59.9,3795.0,2025-04-18 10:49:56
941,942,SEC_0224,44.14,3591.0,2025-01-17 20:03:29
942,943,SEC_0272,77.32,6971.0,2025-03-01 16:51:22
943,944,SEC_0456,63.69,9594.0,2025-03-10 19:29:30
944,945,SEC_0358,57.95,8981.0,2025-06-03 08:58:18
945,946,SEC_0460,57.55,6286.0,2025-04-19 23:25:25
946,947,SEC_0408,90.44,3330.0,2025-01-20 11:28:00
947,948,SEC_0156,43.86,4013.0,2025-04-11 11:38:29
948,949,SEC_0373,61.84,2093.0,2025-03-03 16:19:40
949,950,SEC_0008,46.59,2968.0,2025-02-06 08:17:24
950,951,SEC_0122,30.54,9262.0,2025-02-05 20:39:56
951,952,SEC_0348,30.3,1676.0,2025-01-17 14:24:08
952,953,SEC_0164,40.27,4397.0,2025-04-20 05:29:32
953,954,SEC_0090,44.81,288.0,2025-06-19 12:02:05
954,955,SEC_0136,104.78,,2025-06-04 20:19:18
955,956,SEC_0186,67.32,2317.0,2025-01-15 20:26:13
956,957,SEC_0316,69.17,2839.0,2025-05-28 05:32:10
957,958,SEC_0178,45.1,,2025-01-11 18:50:35
958,959,SEC_0028,55.61,8138.0,2025-05-30 13:24:06
959,960,SEC_0220,109.05,8119.0,2025-06-17 18:01:13
960,961,SEC_0357,37.93,1266.0,2025-01-14 01:48:15
961,962,SEC_0041,62.61,2984.0,2025-04-22 04:13:56
962,963,SEC_0228,88.53,5902.0,2025-03-31 08:05:52
963,964,SEC_0192,72.95,7932.0,2025-05-20 18:00:24
964,965,SEC_0411,93.73,8144.0,2025-05-06 12:07:32
965,966,SEC_0447,58.2,,2025-03-16 05:26:43
966,967,SEC_0145,65.43,8263.0,2025-05-26 22:53:24
967,968,SEC_0201,56.43,612.0,2025-02-21 04:45:04
968,969,SEC_0417,64.07,7229.0,2025-01-28 08:48:49
969,970,SEC_0212,41.49,3524.0,2025-03-19 14:58:11
970,971,SEC_0461,69.25,5513.0,2025-01-19 08:05:11
971,972,SEC_0220,59.64,3703.0,2025-06-10 05:02:12
972,973,SEC_0240,55.63,5425.0,2025-06-01 19:56:38
973,974,SEC_0413,92.2,8383.0,2025-03-21 06:22:25
974,975,SEC_0397,50.42,9940.0,2025-04-06 20:40:07
975,976,SEC_0046,78.44,1629.0,2025-05-11 18:41:08
976,977,SEC_0035,80.82,7908.0,2025-01-20 11:32:19
977,978,SEC_0253,70.57,3373.0,2025-03-09 20:00:56
978,979,SEC_0390,40.87,8209.0,2025-06-22 19:31:10
979,980,SEC_0082,60.81,9790.0,2025-05-08 13:13:49
980,981,SEC_0371,98.25,9259.0,2025-02-09 11:10:59
981,982,SEC_0256,31.64,3140.0,2025-06-01 06:49:43
982,983,SEC_0197,51.61,2260.0,2025-04-21 05:56:15
983,984,SEC_0303,77.38,2251.0,2025-04-17 09:58:26
984,985,SEC_0409,52.74,6122.0,2025-03-06 09:34:37
985,986,SEC_0450,69.61,8182.0,2025-06-07 13:39:40
986,987,SEC_0010,83.33,284.0,2025-03-03 22:42:33
987,988,SEC_0312,58.53,5726.0,2025-01-14 00:46:41
988,989,SEC_0286,63.61,7919.0,2025-02-25 22:32:22
989,990,SEC_0242,56.12,5238.0,2025-03-04 18:13:49
990,991,SEC_0251,59.7,8795.0,2025-03-23 22:30:35
991,992,SEC_0365,102.59,9556.0,2025-03-16 21:49:02
992,993,SEC_0005,-53.56,,2025-03-02 10:26:59
993,994,SEC_0119,49.11,6163.0,2025-06-20 12:55:21
994,995,SEC_0289,74.63,7637.0,2025-02-12 02:29:21
995,996,SEC_0374,42.4,5738.0,2025-03-08 12:18:08
996,997,SEC_0065,45.4,8993.0,2025-01-14 01:14:22
997,998,SEC_0146,-45.49,8952.0,2025-06-04 19:08:38
998,999,SEC_0224,50.56,8003.0,2025-05-23 06:19:26
999,1000,SEC_0239,51.23,7073.0,2025-01-27 00:33:31
1000,1001,SEC_0177,67.34,1494.0,2025-03-12 11:45:43
1001,1002,SEC_0267,49.27,9007.0,2025-01-19 06:00:02
1002,1003,SEC_0341,-68.16,-373.0,2025-04-08 19:04:01
1003,1004,SEC_0282,70.76,5588.0,2025-06-06 06:31:27
1004,1005,SEC_0063,44.88,7072.0,2025-06-08 10:24:03
1005,1006,SEC_0217,70.3,2892.0,2025-04-28 00:07:45
1006,1007,SEC_0342,72.24,6587.0,2025-05-07 18:06:03
1007,1008,SEC_0315,32.19,7624.0,2025-05-25 20:42:25
1008,1009,SEC_0283,59.62,3320.0,2025-05-22 04:05:40
1009,1010,SEC_0177,46.9,3968.0,2025-02-13 13:20:09
1010,1011,SEC_0461,80.71,823.0,2025-01-24 22:23:16
1011,1012,SEC_0417,46.76,222.0,2025-04-28 21:57:59
1012,1013,SEC_0098,36.53,6881.0,2025-03-18 15:18:48
1013,1014,SEC_0105,54.11,9580.0,2025-03-08 22:21:37
1014,1015,SEC_0099,41.72,3889.0,2025-06-09 16:18:24
1015,1016,SEC_0385,70.45,5301.0,2025-04-16 07:14:58
1016,1017,SEC_0405,42.84,3271.0,2025-01-26 08:59:57
1017,1018,SEC_0496,54.31,4694.0,2025-05-01 06:32:04
1018,1019,SEC_0311,86.81,7567.0,2025-05-30 13:01:27
1019,1020,SEC_0006,75.91,3994.0,2025-01-10 21:36:17
1020,1021,SEC_0476,63.01,2599.0,2025-06-16 17:08:45
1021,1022,SEC_0465,52.55,1667.0,2025-04-29 11:26:00
1022,1023,SEC_0197,61.24,4758.0,2025-01-15 10:18:53
1023,1024,SEC_0351,67.13,1555.0,2025-02-10 09:01:33
1024,1025,SEC_0133,40.61,6116.0,2025-03-19 21:12:19
1025,1026,SEC_0358,70.49,5438.0,2025-06-11 01:07:57
1026,1027,SEC_0259,39.23,6242.0,2025-05-13 21:52:16
1027,1028,SEC_0437,64.83,9273.0,2025-05-01 06:07:57
1028,1029,SEC_0023,39.17,88.0,2025-03-17 21:08:49
1029,1030,SEC_0485,98.38,7116.0,2025-05-14 23:57:33
1030,1031,SEC_0053,68.65,2704.0,2025-02-16 03:54:34
1031,1032,SEC_0165,-34.23,2419.0,2025-01-20 12:18:29
1032,1033,SEC_0202,54.58,4148.0,2025-03-16 15:31:00
1033,1034,SEC_0458,46.69,1748.0,2025-04-18 19:21:03
1034,1035,SEC_0083,45.06,8233.0,2025-04-03 12:02:19
1035,1036,SEC_0145,57.06,39.0,2025-05-09 16:30:46
1036,1037,SEC_0085,41.33,7044.0,2025-06-26 20:41:28
1037,1038,SEC_0078,68.61,-2152.0,2025-05-16 12:19:27
1038,1039,SEC_0457,67.45,3938.0,2025-02-13 16:31:59
1039,1040,SEC_0366,60.67,6887.0,2025-06-12 14:07:33
1040,1041,SEC_0001,54.28,209.0,2025-01-18 00:09:21
1041,1042,SEC_0051,66.55,600.0,2025-05-27 22:25:42
1042,1043,SEC_0173,,8797.0,2025-03-19 06:16:33
1043,1044,SEC_0205,62.58,3710.0,2025-01-24 09:43:08
1044,1045,SEC_0260,36.83,7727.0,2025-04-14 09:10:14
1045,1046,SEC_0446,43.1,214.0,2025-02-18 18:16:39
1046,1047,SEC_0449,50.38,5724.0,2025-01-31 04:24:11
1047,1048,SEC_0369,35.07,6553.0,2025-06-02 15:18:24
1048,1049,SEC_0488,58.39,9769.0,2025-04-23 16:33:44
1049,1050,SEC_0288,83.37,6239.0,2025-06-16 13:46:15
1050,1051,SEC_0034,79.48,8461.0,2025-01-27 18:54:32
1051,1052,SEC_0348,68.16,2409.0,2025-03-11 06:01:16
1052,1053,SEC_0095,67.92,7973.0,2025-06-24 07:45:49
1053,1054,SEC_0072,106.12,,2025-05-29 17:06:43
1054,1055,SEC_0039,70.33,823.0,2025-04-30 01:46:56
1055,1056,SEC_0154,-72.07,6101.0,2025-02-03 07:15:41
1056,1057,SEC_0250,35.46,2596.0,2025-01-25 07:46:22
1057,1058,SEC_0162,81.44,8118.0,2025-04-09 07:30:43
1058,1059,SEC_0438,61.53,3954.0,2025-01-14 14:50:41
1059,1060,SEC_0118,53.31,3832.0,2025-01-04 17:35:55
1060,1061,SEC_0259,49.49,4584.0,2025-01-14 12:15:54
1061,1062,SEC_0379,46.31,6236.0,2025-04-19 23:26:36
1062,1063,SEC_0306,79.6,8843.0,2025-01-14 18:10:11
1063,1064,SEC_0268,54.14,7984.0,2025-03-17 08:11:29
1064,1065,SEC_0449,46.83,6501.0,2025-06-11 18:24:23
1065,1066,SEC_0054,43.32,5852.0,2025-02-17 12:58:23
1066,1067,SEC_0236,57.47,1635.0,2025-04-12 00:41:26
1067,1068,SEC_0389,49.01,4815.0,2025-03-13 09:56:10
1068,1069,SEC_0478,45.77,1168.0,2025-02-20 22:43:53
1069,1070,SEC_0222,36.07,4077.0,2025-02-25 02:27:13
1070,1071,SEC_0251,72.81,8391.0,2025-01-09 16:39:09
1071,1072,SEC_0313,52.38,6959.0,2025-05-04 20:52:17
1072,1073,SEC_0401,-39.43,5443.0,2025-06-10 07:48:01
1073,1074,SEC_0112,50.33,9548.0,2025-02-23 15:25:52
1074,1075,SEC_0255,64.38,6361.0,2025-02-12 14:30:36
1075,1076,SEC_0303,55.07,6700.0,2025-04-13 01:09:25
1076,1077,SEC_0407,57.82,3506.0,2025-03-28 19:29:25
1077,1078,SEC_0207,55.3,803.0,2025-05-31 08:44:32
1078,1079,SEC_0229,37.22,-7628.0,2025-03-22 02:56:21
1079,1080,SEC_0341,72.57,8893.0,2025-03-07 20:39:06
1080,1081,SEC_0398,32.7,503.0,2025-04-21 03:17:25
1081,1082,SEC_0066,62.71,5826.0,2025-01-05 05:26:11
1082,1083,SEC_0075,65.67,7940.0,2025-04-21 23:10:58
1083,1084,SEC_0435,,6033.0,2025-03-20 17:31:25
1084,1085,SEC_0103,60.71,7407.0,2025-01-07 13:22:00
1085,1086,SEC_0422,50.24,4720.0,2025-05-13 17:58:29
1086,1087,SEC_0192,60.93,7749.0,2025-02-04 23:20:48
1087,1088,SEC_0252,-73.54,2871.0,2025-03-25 01:35:30
1088,1089,SEC_0226,43.05,4759.0,2025-03-08 17:28:16
1089,1090,SEC_0294,66.83,5969.0,2025-01-13 10:35:30
1090,1091,SEC_0306,90.71,9611.0,2025-04-12 00:52:01
1091,1092,SEC_0098,59.11,1099.0,2025-06-01 11:52:04
1092,1093,SEC_0338,46.95,3170.0,2025-01-26 20:13:34
1093,1094,SEC_0286,107.66,383.0,2025-03-29 13:29:06
1094,1095,SEC_0335,56.07,7791.0,2025-05-04 00:55:50
1095,1096,SEC_0347,58.53,3941.0,2025-01-12 15:18:31
1096,1097,SEC_0435,58.89,9586.0,2025-06-22 14:32:38
1097,1098,SEC_0447,62.45,7453.0,2025-01-26 22:35:29
1098,1099,SEC_0482,49.32,6453.0,2025-04-07 19:20:41
1099,1100,SEC_0308,57.8,9845.0,2025-06-03 06:42:33
1100,1101,SEC_0249,72.65,4272.0,2025-05-05 04:53:10
1101,1102,SEC_0166,48.81,4324.0,2025-02-15 05:55:21
1102,1103,SEC_0481,48.13,2039.0,2025-03-16 04:12:02
1103,1104,SEC_0472,50.02,5462.0,2025-05-24 22:43:34
1104,1105,SEC_0335,39.28,8064.0,2025-05-06 11:09:18
1105,1106,SEC_0030,44.48,1986.0,2025-04-16 08:52:15
1106,1107,SEC_0247,43.94,1263.0,2025-03-19 14:30:56
1107,1108,SEC_0106,54.59,5732.0,2025-05-03 04:10:41
1108,1109,SEC_0051,70.16,5117.0,2025-02-12 12:55:55
1109,1110,SEC_0081,84.45,9904.0,2025-05-01 00:34:01
1110,1111,SEC_0133,55.54,350.0,2025-01-04 17:20:31
1111,1112,SEC_0285,62.61,441.0,2025-06-01 14:51:12
1112,1113,SEC_0388,58.73,2809.0,2025-01-05 20:33:12
1113,1114,SEC_0138,29.14,2563.0,2025-06-16 10:33:32
1114,1115,SEC_0184,38.69,3153.0,2025-01-01 23:30:36
1115,1116,SEC_0401,68.61,9577.0,2025-02-06 11:00:30
1116,1117,SEC_0330,70.64,8480.0,2025-01-05 13:43:45
1117,1118,SEC_0273,70.15,9190.0,2025-06-04 16:48:17
1118,1119,SEC_0340,51.76,2334.0,2025-06-27 01:40:05
1119,1120,SEC_0472,30.01,9615.0,2025-04-12 17:00:54
1120,1121,SEC_0069,40.1,74.0,2025-02-14 04:57:49
1121,1122,SEC_0034,41.99,9655.0,2025-03-11 14:11:40
1122,1123,SEC_0262,65.93,7545.0,2025-06-21 10:12:01
1123,1124,SEC_0053,49.05,6950.0,2025-05-24 03:56:45
1124,1125,SEC_0450,90.66,2206.0,2025-06-10 15:36:19
1125,1126,SEC_0205,84.8,8622.0,2025-05-07 16:44:02
1126,1127,SEC_0126,90.21,1472.0,2025-05-19 02:26:04
1127,1128,SEC_0235,41.47,3482.0,2025-04-08 23:23:48
1128,1129,SEC_0043,63.26,7539.0,2025-05-12 03:58:32
1129,1130,SEC_0240,47.31,3181.0,2025-04-10 18:39:40
1130,1131,SEC_0459,60.24,1731.0,2025-06-14 21:04:04
1131,1132,SEC_0371,42.88,36.0,2025-03-03 05:20:55
1132,1133,SEC_0111,78.87,1021.0,2025-01-15 04:56:21
1133,1134,SEC_0249,43.12,5535.0,2025-02-11 05:20:51
1134,1135,SEC_0151,30.44,7162.0,2025-05-19 09:40:30
1135,1136,SEC_0183,100.5,8010.0,2025-04-11 04:51:37
1136,1137,SEC_0336,62.35,3118.0,2025-06-13 14:38:15
1137,1138,SEC_0095,39.62,2536.0,2025-05-04 07:40:02
1138,1139,SEC_0459,52.0,4715.0,2025-06-27 15:08:26
1139,1140,SEC_0374,45.92,8338.0,2025-03-16 07:07:52
1140,1141,SEC_0400,54.69,4964.0,2025-02-13 08:55:16
1141,1142,SEC_0008,69.47,6092.0,2025-04-16 17:14:29
1142,1143,SEC_0388,66.27,,2025-06-20 17:14:03
1143,1144,SEC_0360,58.92,3666.0,2025-02-15 16:02:23
1144,1145,SEC_0388,54.68,1287.0,2025-03-22 21:08:26
1145,1146,SEC_0184,75.46,2847.0,2025-02-16 03:13:37
1146,1147,SEC_0281,30.64,8513.0,2025-01-29 04:22:48
1147,1148,SEC_0195,43.61,7775.0,2025-05-02 14:21:42
1148,1149,SEC_0352,40.71,2294.0,2025-04-17 19:34:16
1149,1150,SEC_0195,73.84,1613.0,2025-05-15 08:55:48
1150,1151,SEC_0155,-43.74,477.0,2025-06-13 18:33:40
1151,1152,SEC_0093,-37.12,7427.0,2025-05-21 05:48:58
1152,1153,SEC_0160,64.38,8975.0,2025-02-17 00:52:58
1153,1154,SEC_0434,41.57,1948.0,2025-04-12 06:54:00
1154,1155,SEC_0061,-49.15,,2025-02-05 04:09:46
1155,1156,SEC_0122,111.54,5261.0,2025-04-16 14:19:16
1156,1157,SEC_0051,69.14,6067.0,2025-02-13 14:42:08
1157,1158,SEC_0403,51.25,7648.0,2025-03-22 17:37:02
1158,1159,SEC_0277,52.65,5470.0,2025-01-02 02:48:57
1159,1160,SEC_0005,71.68,-1594.0,2025-05-28 18:47:37
1160,1161,SEC_0466,66.61,9940.0,2025-03-08 20:32:58
1161,1162,SEC_0092,55.85,7705.0,2025-01-07 09:10:42
1162,1163,SEC_0170,56.32,6155.0,2025-03-27 06:51:59
1163,1164,SEC_0317,35.02,257.0,2025-01-24 15:54:31
1164,1165,SEC_0022,32.88,6513.0,2025-01-06 15:21:08
1165,1166,SEC_0405,51.78,,2025-02-18 17:22:57
1166,1167,SEC_0326,45.15,1418.0,2025-01-22 19:56:24
1167,1168,SEC_0001,65.09,7761.0,2025-03-04 22:42:11
1168,1169,SEC_0133,57.93,7966.0,2025-01-04 09:13:49
1169,1170,SEC_0233,43.3,4115.0,2025-01-09 01:51:02
1170,1171,SEC_0012,57.34,8302.0,2025-01-10 06:24:11
1171,1172,SEC_0346,-48.16,2553.0,2025-03-13 21:37:27
1172,1173,SEC_0046,101.49,9250.0,2025-01-15 03:54:14
1173,1174,SEC_0034,61.31,5408.0,2025-05-24 06:02:18
1174,1175,SEC_0433,34.19,4734.0,2025-06-15 03:27:17
1175,1176,SEC_0078,94.27,2043.0,2025-06-06 22:26:54
1176,1177,SEC_0218,45.15,2182.0,2025-02-05 08:30:21
1177,1178,SEC_0301,40.76,4493.0,2025-04-08 00:43:39
1178,1179,SEC_0411,103.87,3559.0,2025-06-29 09:49:26
1179,1180,SEC_0073,60.57,9814.0,2025-05-21 07:26:11
1180,1181,SEC_0282,-67.37,3659.0,2025-01-02 04:50:33
1181,1182,SEC_0249,68.03,2695.0,2025-01-31 19:17:04
1182,1183,SEC_0047,51.33,3885.0,2025-01-13 15:52:36
1183,1184,SEC_0121,45.98,4781.0,2025-03-08 11:00:55
1184,1185,SEC_0214,48.29,3285.0,2025-03-12 23:37:13
1185,1186,SEC_0239,88.47,5953.0,2025-05-05 04:54:29
1186,1187,SEC_0056,58.04,7518.0,2025-06-11 15:18:12
1187,1188,SEC_0350,80.95,6163.0,2025-02-24 02:08:33
1188,1189,SEC_0107,53.36,5107.0,2025-04-15 00:19:05
1189,1190,SEC_0319,43.53,2167.0,2025-03-09 07:06:35
1190,1191,SEC_0048,35.42,4398.0,2025-06-20 23:14:12
1191,1192,SEC_0061,66.31,7669.0,2025-03-13 02:44:25
1192,1193,SEC_0337,90.76,3393.0,2025-05-06 09:46:42
1193,1194,SEC_0026,41.85,3712.0,2025-04-20 10:34:52
1194,1195,SEC_0292,63.69,5880.0,2025-06-16 07:26:39
1195,1196,SEC_0257,36.14,1587.0,2025-04-03 14:19:26
1196,1197,SEC_0008,46.21,9407.0,2025-06-15 14:10:09
1197,1198,SEC_0113,59.17,7139.0,2025-06-15 05:58:21
1198,1199,SEC_0355,32.51,7663.0,2025-01-07 09:53:38
1199,1200,SEC_0253,54.3,7405.0,2025-06-02 14:37:39
1200,1201,SEC_0180,42.48,9838.0,2025-04-18 03:07:29
1201,1202,SEC_0207,65.46,9543.0,2025-02-25 15:11:47
1202,1203,SEC_0303,51.96,8557.0,2025-05-29 04:09:23
1203,1204,SEC_0127,72.37,3940.0,2025-01-27 20:33:50
1204,1205,SEC_0056,-50.21,3200.0,2025-02-11 04:16:53
1205,1206,SEC_0214,36.28,9819.0,2025-03-16 12:24:59
1206,1207,SEC_0014,34.95,9838.0,2025-04-29 19:17:56
1207,1208,SEC_0474,30.79,6942.0,2025-02-10 19:59:18
1208,1209,SEC_0028,66.02,-982.0,2025-04-07 10:50:18
1209,1210,SEC_0471,117.6,3553.0,2025-02-06 15:46:30
1210,1211,SEC_0078,62.21,922.0,2025-05-06 14:50:10
1211,1212,SEC_0216,90.16,3659.0,2025-01-23 23:31:52
1212,1213,SEC_0386,76.71,3996.0,2025-04-24 15:55:18
1213,1214,SEC_0365,46.74,7065.0,2025-01-28 11:01:10
1214,1215,SEC_0154,79.81,5053.0,2025-02-04 07:58:23
1215,1216,SEC_0014,47.3,5407.0,2025-04-12 23:38:41
1216,1217,SEC_0187,47.58,4278.0,2025-04-04 03:39:26
1217,1218,SEC_0312,51.29,1475.0,2025-02-21 15:27:39
1218,1219,SEC_0371,52.02,7099.0,2025-06-20 04:00:57
1219,1220,SEC_0007,,3768.0,2025-04-13 16:47:11
1220,1221,SEC_0003,-44.64,6720.0,2025-03-25 11:57:03
1221,1222,SEC_0111,71.29,8595.0,2025-01-31 01:28:18
1222,1223,SEC_0407,70.98,9340.0,2025-05-01 02:24:02
1223,1224,SEC_0238,60.51,613.0,2025-01-19 04:30:19
1224,1225,SEC_0363,97.7,7287.0,2025-03-16 11:22:04
1225,1226,SEC_0239,80.34,9806.0,2025-06-18 12:23:17
1226,1227,SEC_0493,75.26,3018.0,2025-06-13 04:29:07
1227,1228,SEC_0274,55.69,4789.0,2025-04-30 05:00:19
1228,1229,SEC_0294,60.67,9927.0,2025-04-18 22:52:16
1229,1230,SEC_0227,63.89,7103.0,2025-06-19 18:43:33
1230,1231,SEC_0371,54.82,3202.0,2025-05-29 03:03:19
1231,1232,SEC_0015,48.78,753.0,2025-06-13 05:21:50
1232,1233,SEC_0192,26.53,7557.0,2025-03-02 03:05:59
1233,1234,SEC_0473,67.72,1342.0,2025-01-03 12:36:04
1234,1235,SEC_0119,74.62,8697.0,2025-06-14 18:13:19
1235,1236,SEC_0485,38.54,7015.0,2025-04-12 06:56:57
1236,1237,SEC_0028,65.47,6756.0,2025-01-11 03:18:13
1237,1238,SEC_0202,45.72,3483.0,2025-06-15 11:59:32
1238,1239,SEC_0039,48.91,7729.0,2025-04-14 04:00:19
1239,1240,SEC_0441,80.9,5566.0,2025-05-27 18:59:23
1240,1241,SEC_0273,40.56,7612.0,2025-02-07 02:00:51
1241,1242,SEC_0231,40.54,7931.0,2025-02-26 23:37:55
1242,1243,SEC_0086,93.83,6518.0,2025-05-03 20:48:03
1243,1244,SEC_0474,52.27,2423.0,2025-02-17 04:23:57
1244,1245,SEC_0126,79.36,8866.0,2025-06-27 10:31:58
1245,1246,SEC_0300,33.8,5986.0,2025-03-19 09:13:57
1246,1247,SEC_0025,34.62,6948.0,2025-01-07 00:41:50
1247,1248,SEC_0145,-41.52,8785.0,2025-02-04 01:04:37
1248,1249,SEC_0013,47.26,7636.0,2025-06-28 22:56:36
1249,1250,SEC_0212,35.84,3669.0,2025-05-31 17:22:35
1250,1251,SEC_0025,60.99,6463.0,2025-05-20 21:12:42
1251,1252,SEC_0068,62.2,3139.0,2025-05-15 07:15:25
1252,1253,SEC_0394,41.7,4510.0,2025-02-04 22:42:18
1253,1254,SEC_0067,42.71,2501.0,2025-06-01 10:57:03
1254,1255,SEC_0233,44.43,2794.0,2025-02-04 04:51:20
1255,1256,SEC_0109,38.5,4294.0,2025-01-25 13:24:39
1256,1257,SEC_0146,22.9,9905.0,2025-05-25 09:31:53
1257,1258,SEC_0111,53.22,5400.0,2025-04-13 15:35:01
1258,1259,SEC_0228,47.98,300.0,2025-05-02 14:14:02
1259,1260,SEC_0111,49.48,1907.0,2025-03-12 08:12:24
1260,1261,SEC_0470,40.3,2486.0,2025-05-03 01:15:16
1261,1262,SEC_0034,69.63,7460.0,2025-01-22 20:12:25
1262,1263,SEC_0111,113.03,8399.0,2025-04-20 17:57:18
1263,1264,SEC_0264,-42.51,6121.0,2025-06-22 04:50:39
1264,1265,SEC_0424,83.09,8486.0,2025-03-01 10:49:55
1265,1266,SEC_0369,60.95,1874.0,2025-03-03 16:57:49
1266,1267,SEC_0236,55.18,-6103.0,2025-06-10 00:12:21
1267,1268,SEC_0083,49.24,6173.0,2025-01-24 01:33:55
1268,1269,SEC_0042,53.25,6323.0,2025-03-03 18:16:55
1269,1270,SEC_0425,77.08,2089.0,2025-04-08 12:26:07
1270,1271,SEC_0101,38.81,7638.0,2025-02-10 07:32:06
1271,1272,SEC_0006,50.27,5312.0,2025-01-03 13:09:08
1272,1273,SEC_0180,79.42,6488.0,2025-03-15 20:48:09
1273,1274,SEC_0282,73.34,9965.0,2025-01-14 03:50:13
1274,1275,SEC_0320,38.99,6881.0,2025-01-14 05:23:54
1275,1276,SEC_0226,51.69,4722.0,2025-02-05 07:55:59
1276,1277,SEC_0443,67.92,3427.0,2025-02-20 17:53:42
1277,1278,SEC_0440,66.62,529.0,2025-03-25 21:27:59
1278,1279,SEC_0315,73.15,1925.0,2025-03-31 05:18:09
1279,1280,SEC_0365,61.27,6461.0,2025-04-17 07:51:52
1280,1281,SEC_0454,64.43,5977.0,2025-04-06 15:45:10
1281,1282,SEC_0229,-60.51,6022.0,2025-06-03 10:19:35
1282,1283,SEC_0377,87.7,9553.0,2025-03-27 01:08:13
1283,1284,SEC_0289,48.11,863.0,2025-02-24 13:21:56
1284,1285,SEC_0437,55.39,4321.0,2025-04-19 16:54:06
1285,1286,SEC_0150,40.27,3495.0,2025-06-18 00:14:42
1286,1287,SEC_0277,37.95,6053.0,2025-05-13 03:15:29
1287,1288,SEC_0198,60.19,8260.0,2025-02-15 03:24:30
1288,1289,SEC_0070,43.94,1643.0,2025-03-11 12:08:49
1289,1290,SEC_0112,53.66,9213.0,2025-01-29 14:15:30
1290,1291,SEC_0004,88.71,5197.0,2025-05-14 01:57:52
1291,1292,SEC_0350,87.18,7000.0,2025-01-28 01:47:50
1292,1293,SEC_0331,106.4,7323.0,2025-03-01 08:56:41
1293,1294,SEC_0446,89.24,3144.0,2025-05-21 05:47:23
1294,1295,SEC_0318,112.27,1471.0,2025-02-25 10:47:22
1295,1296,SEC_0350,62.24,-5679.0,2025-05-12 13:38:15
1296,1297,SEC_0095,41.64,1383.0,2025-04-02 11:03:17
1297,1298,SEC_0152,40.44,,2025-03-29 22:20:15
1298,1299,SEC_0311,83.0,9529.0,2025-06-10 18:30:46
1299,1300,SEC_0137,55.45,7115.0,2025-06-25 10:27:28
1300,1301,SEC_0247,56.7,9435.0,2025-03-12 17:25:36
1301,1302,SEC_0387,46.31,1706.0,2025-06-03 09:44:52
1302,1303,SEC_0243,48.0,5998.0,2025-02-15 05:05:58
1303,1304,SEC_0031,61.26,6064.0,2025-03-30 09:23:17
1304,1305,SEC_0040,39.78,7963.0,2025-04-04 09:18:11
1305,1306,SEC_0229,58.98,8097.0,2025-06-24 23:48:00
1306,1307,SEC_0036,85.91,2595.0,2025-02-02 05:42:43
1307,1308,SEC_0408,28.79,9872.0,2025-04-29 07:40:41
1308,1309,SEC_0223,34.38,1316.0,2025-06-14 00:36:41
1309,1310,SEC_0006,66.87,8140.0,2025-06-20 23:13:35
1310,1311,SEC_0322,82.2,8760.0,2025-04-14 08:05:27
1311,1312,SEC_0468,47.14,2705.0,2025-01-18 15:59:40
1312,1313,SEC_0220,29.98,9941.0,2025-02-27 07:53:19
1313,1314,SEC_0075,83.9,5726.0,2025-02-23 14:18:19
1314,1315,SEC_0004,42.81,4692.0,2025-03-30 11:17:14
1315,1316,SEC_0335,48.99,8840.0,2025-01-05 09:10:52
1316,1317,SEC_0134,60.08,125.0,2025-04-07 02:25:21
1317,1318,SEC_0118,44.7,9730.0,2025-01-06 07:20:07
1318,1319,SEC_0369,41.98,5098.0,2025-01-06 22:18:38
1319,1320,SEC_0094,42.21,4808.0,2025-02-02 12:15:13
1320,1321,SEC_0486,95.33,1971.0,2025-01-09 01:43:38
1321,1322,SEC_0435,77.31,2763.0,2025-02-20 21:31:24
1322,1323,SEC_0062,64.87,5518.0,2025-02-13 03:13:15
1323,1324,SEC_0441,28.33,815.0,2025-03-09 03:53:50
1324,1325,SEC_0194,,3102.0,2025-04-22 03:54:01
1325,1326,SEC_0335,-63.9,1655.0,2025-04-06 15:55:46
1326,1327,SEC_0203,37.21,132.0,2025-01-06 10:57:06
1327,1328,SEC_0392,59.0,8423.0,2025-04-13 21:31:17
1328,1329,SEC_0026,74.85,395.0,2025-02-13 01:37:38
1329,1330,SEC_0435,64.77,7320.0,2025-02-20 21:53:12
1330,1331,SEC_0173,44.52,-3574.0,2025-06-17 18:41:46
1331,1332,SEC_0300,54.82,9174.0,2025-03-25 09:08:55
1332,1333,SEC_0133,67.97,7107.0,2025-06-21 19:53:39
1333,1334,SEC_0326,55.58,9125.0,2025-06-06 17:02:45
1334,1335,SEC_0410,79.54,5626.0,2025-06-20 12:17:59
1335,1336,SEC_0118,61.48,9602.0,2025-01-09 00:42:59
1336,1337,SEC_0324,68.43,4629.0,2025-04-07 08:27:58
1337,1338,SEC_0275,69.85,5061.0,2025-01-10 02:20:12
1338,1339,SEC_0212,39.65,7748.0,2025-02-15 05:11:32
1339,1340,SEC_0225,55.42,6270.0,2025-01-24 12:08:06
1340,1341,SEC_0020,49.42,6633.0,2025-02-26 10:02:15
1341,1342,SEC_0113,74.68,6756.0,2025-02-22 04:18:14
1342,1343,SEC_0140,62.74,6590.0,2025-03-19 02:34:47
1343,1344,SEC_0047,51.6,5590.0,2025-05-31 18:05:19
1344,1345,SEC_0001,37.17,2505.0,2025-06-16 19:47:47
1345,1346,SEC_0090,33.82,3034.0,2025-02-16 01:21:36
1346,1347,SEC_0142,59.93,8904.0,2025-06-04 01:01:41
1347,1348,SEC_0320,44.03,2977.0,2025-02-18 22:07:32
1348,1349,SEC_0038,66.68,1472.0,2025-06-15 06:18:07
1349,1350,SEC_0293,33.35,6596.0,2025-04-29 09:11:06
1350,1351,SEC_0382,88.05,1143.0,2025-02-25 06:37:50
1351,1352,SEC_0139,66.63,2569.0,2025-01-15 04:08:03
1352,1353,SEC_0356,56.25,1609.0,2025-06-01 21:23:45
1353,1354,SEC_0333,90.46,5553.0,2025-02-06 22:24:48
1354,1355,SEC_0491,72.57,1898.0,2025-06-28 06:15:52
1355,1356,SEC_0259,47.35,2193.0,2025-02-15 02:20:27
1356,1357,SEC_0161,55.88,1092.0,2025-04-25 09:29:03
1357,1358,SEC_0390,30.29,700.0,2025-06-16 12:10:41
1358,1359,SEC_0178,75.13,4093.0,2025-06-17 14:45:28
1359,1360,SEC_0010,49.96,2179.0,2025-06-20 13:47:17
1360,1361,SEC_0261,30.17,733.0,2025-06-26 13:51:24
1361,1362,SEC_0407,38.3,8705.0,2025-06-26 05:13:53
1362,1363,SEC_0138,70.9,2688.0,2025-06-02 02:12:37
1363,1364,SEC_0172,88.6,3757.0,2025-01-03 07:46:42
1364,1365,SEC_0386,-54.93,6062.0,2025-04-28 17:10:38
1365,1366,SEC_0013,40.67,8624.0,2025-01-06 14:45:26
1366,1367,SEC_0168,35.65,6535.0,2025-04-23 23:17:32
1367,1368,SEC_0130,83.46,5386.0,2025-05-11 16:57:13
1368,1369,SEC_0084,62.48,4495.0,2025-01-28 11:06:11
1369,1370,SEC_0321,49.45,9000.0,2025-01-07 03:29:19
1370,1371,SEC_0319,46.04,1280.0,2025-01-27 11:46:48
1371,1372,SEC_0101,66.79,6539.0,2025-01-31 17:00:04
1372,1373,SEC_0329,66.24,2222.0,2025-03-07 20:31:23
1373,1374,SEC_0273,41.72,5165.0,2025-04-30 21:57:29
1374,1375,SEC_0265,38.76,855.0,2025-02-10 02:09:22
1375,1376,SEC_0459,39.35,3213.0,2025-03-06 23:49:36
1376,1377,SEC_0399,47.44,2587.0,2025-04-12 14:29:20
1377,1378,SEC_0408,44.39,4841.0,2025-03-24 15:49:32
1378,1379,SEC_0038,88.71,2769.0,2025-04-11 04:25:07
1379,1380,SEC_0419,46.94,7229.0,2025-03-23 13:03:53
1380,1381,SEC_0094,37.53,3341.0,2025-05-05 06:49:13
1381,1382,SEC_0095,38.17,5260.0,2025-05-19 00:25:55
1382,1383,SEC_0305,51.67,6741.0,2025-06-08 12:47:36
1383,1384,SEC_0069,31.61,9812.0,2025-06-15 05:36:39
1384,1385,SEC_0318,53.62,276.0,2025-01-13 20:10:27
1385,1386,SEC_0444,36.57,7199.0,2025-04-06 16:19:17
1386,1387,SEC_0236,77.29,3864.0,2025-03-03 04:44:06
1387,1388,SEC_0434,56.54,715.0,2025-04-04 13:52:41
1388,1389,SEC_0334,103.16,6055.0,2025-02-23 03:03:51
1389,1390,SEC_0373,50.99,810.0,2025-01-14 19:09:39
1390,1391,SEC_0376,-21.34,3727.0,2025-02-05 00:18:56
1391,1392,SEC_0459,84.55,3979.0,2025-02-27 18:55:27
1392,1393,SEC_0137,63.47,9054.0,2025-01-24 10:47:09
1393,1394,SEC_0418,66.49,37.0,2025-06-22 18:59:28
1394,1395,SEC_0076,40.42,8115.0,2025-01-13 01:38:34
1395,1396,SEC_0483,53.9,8647.0,2025-01-13 04:19:15
1396,1397,SEC_0035,57.74,3309.0,2025-06-29 20:01:26
1397,1398,SEC_0001,50.84,2656.0,2025-04-15 10:32:54
1398,1399,SEC_0296,32.45,982.0,2025-04-18 15:00:00
1399,1400,SEC_0320,125.29,6448.0,2025-06-10 19:14:00
1400,1401,SEC_0406,70.16,152.0,2025-06-07 03:25:21
1401,1402,SEC_0060,61.94,8792.0,2025-02-05 15:56:04
1402,1403,SEC_0320,80.98,9515.0,2025-05-14 14:00:53
1403,1404,SEC_0349,66.24,5649.0,2025-05-22 17:49:52
1404,1405,SEC_0328,44.56,-1512.0,2025-06-13 20:12:15
1405,1406,SEC_0267,79.43,2259.0,2025-01-26 17:22:05
1406,1407,SEC_0361,70.5,232.0,2025-06-14 12:01:31
1407,1408,SEC_0229,45.07,2743.0,2025-04-20 10:50:46
1408,1409,SEC_0270,69.2,7842.0,2025-04-22 17:13:25
1409,1410,SEC_0316,50.8,4463.0,2025-04-05 02:09:41
1410,1411,SEC_0286,58.12,7750.0,2025-01-17 21:53:09
1411,1412,SEC_0291,65.36,572.0,2025-01-16 11:20:45
1412,1413,SEC_0213,82.31,1203.0,2025-02-21 08:20:45
1413,1414,SEC_0165,,9700.0,2025-05-22 18:53:45
1414,1415,SEC_0005,-60.92,9805.0,2025-03-11 10:08:43
1415,1416,SEC_0339,99.95,9763.0,2025-03-18 09:34:37
1416,1417,SEC_0379,51.79,9232.0,2025-02-03 12:58:53
1417,1418,SEC_0078,57.91,6610.0,2025-05-03 01:34:35
1418,1419,SEC_0410,99.91,9618.0,2025-05-04 06:46:00
1419,1420,SEC_0062,66.1,171.0,2025-06-21 18:45:28
1420,1421,SEC_0132,35.09,5152.0,2025-02-24 16:54:54
1421,1422,SEC_0089,43.01,6407.0,2025-06-15 05:52:01
1422,1423,SEC_0237,67.15,189.0,2025-01-23 10:05:56
1423,1424,SEC_0042,61.99,4679.0,2025-02-16 16:52:41
1424,1425,SEC_0089,,7146.0,2025-04-02 10:17:58
1425,1426,SEC_0402,104.41,5928.0,2025-02-03 00:17:15
1426,1427,SEC_0296,45.37,600.0,2025-04-20 06:31:41
1427,1428,SEC_0328,53.39,5302.0,2025-03-25 13:59:40
1428,1429,SEC_0295,30.3,3577.0,2025-02-16 23:38:10
1429,1430,SEC_0104,77.34,9146.0,2025-04-04 10:25:50
1430,1431,SEC_0014,42.96,5194.0,2025-06-08 23:12:14
1431,1432,SEC_0288,74.97,9818.0,2025-06-13 04:16:34
1432,1433,SEC_0179,72.65,1871.0,2025-05-20 02:04:02
1433,1434,SEC_0125,110.47,4262.0,2025-04-14 23:27:10
1434,1435,SEC_0422,66.34,2025.0,2025-06-26 06:39:58
1435,1436,SEC_0353,49.07,5495.0,2025-05-25 05:58:31
1436,1437,SEC_0023,62.56,8833.0,2025-05-04 03:05:58
1437,1438,SEC_0063,43.48,5454.0,2025-01-02 08:55:40
1438,1439,SEC_0143,60.08,1828.0,2025-03-15 07:47:34
1439,1440,SEC_0481,51.4,4703.0,2025-06-25 19:01:50
1440,1441,SEC_0153,53.46,540.0,2025-01-08 11:53:01
1441,1442,SEC_0145,41.7,7203.0,2025-02-23 09:19:37
1442,1443,SEC_0225,59.75,4439.0,2025-05-22 18:08:01
1443,1444,SEC_0495,69.91,3502.0,2025-01-30 10:31:38
1444,1445,SEC_0450,33.26,3538.0,2025-06-16 16:49:28
1445,1446,SEC_0462,44.41,6717.0,2025-02-13 08:06:52
1446,1447,SEC_0309,57.42,6819.0,2025-04-12 22:47:49
1447,1448,SEC_0104,-27.0,6201.0,2025-03-19 15:34:21
1448,1449,SEC_0104,92.03,4287.0,2025-06-26 22:00:50
1449,1450,SEC_0435,44.11,4740.0,2025-04-21 18:07:04
1450,1451,SEC_0039,41.21,2090.0,2025-03-05 18:47:04
1451,1452,SEC_0435,51.31,5606.0,2025-02-05 04:08:05
1452,1453,SEC_0198,56.9,7341.0,2025-01-14 06:06:01
1453,1454,SEC_0134,43.51,6823.0,2025-01-05 21:28:53
1454,1455,SEC_0067,73.27,3322.0,2025-06-24 08:01:27
1455,1456,SEC_0391,61.55,2550.0,2025-06-01 04:43:51
1456,1457,SEC_0179,42.47,1217.0,2025-02-11 19:19:10
1457,1458,SEC_0456,46.68,4886.0,2025-05-12 23:15:17
1458,1459,SEC_0042,34.64,6894.0,2025-02-05 14:58:14
1459,1460,SEC_0448,37.49,8934.0,2025-03-12 10:34:56
1460,1461,SEC_0500,61.33,6309.0,2025-06-28 16:02:43
1461,1462,SEC_0015,42.6,9907.0,2025-03-27 23:06:47
1462,1463,SEC_0111,93.81,5083.0,2025-01-19 00:25:31
1463,1464,SEC_0157,55.77,7226.0,2025-05-25 22:14:36
1464,1465,SEC_0289,36.38,7431.0,2025-04-08 15:12:23
1465,1466,SEC_0500,38.74,8840.0,2025-01-12 04:18:53
1466,1467,SEC_0478,74.88,2798.0,2025-04-07 14:34:25
1467,1468,SEC_0231,53.36,819.0,2025-02-02 17:51:59
1468,1469,SEC_0411,73.52,8435.0,2025-02-26 04:14:22
1469,1470,SEC_0420,48.91,6807.0,2025-05-02 20:18:30
1470,1471,SEC_0157,46.15,7002.0,2025-04-30 05:38:24
1471,1472,SEC_0038,76.39,7927.0,2025-06-08 23:20:13
1472,1473,SEC_0441,42.2,4105.0,2025-06-14 01:07:35
1473,1474,SEC_0097,63.23,8047.0,2025-05-24 15:24:26
1474,1475,SEC_0485,,13.0,2025-05-06 02:42:17
1475,1476,SEC_0411,71.07,5895.0,2025-04-20 00:12:14
1476,1477,SEC_0439,94.21,7051.0,2025-05-14 15:57:32
1477,1478,SEC_0289,48.54,-3018.0,2025-04-19 18:54:52
1478,1479,SEC_0254,46.33,7393.0,2025-03-02 01:10:43
1479,1480,SEC_0196,66.67,690.0,2025-06-07 13:05:19
1480,1481,SEC_0086,39.46,5879.0,2025-03-10 13:12:45
1481,1482,SEC_0322,88.67,3139.0,2025-01-29 20:29:05
1482,1483,SEC_0010,84.25,7977.0,2025-06-09 12:57:30
1483,1484,SEC_0005,40.46,8869.0,2025-03-31 05:16:53
1484,1485,SEC_0123,33.96,6328.0,2025-04-16 19:51:47
1485,1486,SEC_0330,38.55,4304.0,2025-01-03 20:33:38
1486,1487,SEC_0353,38.72,9516.0,2025-05-04 13:22:26
1487,1488,SEC_0118,69.44,1003.0,2025-02-21 00:02:33
1488,1489,SEC_0294,86.9,7409.0,2025-02-05 14:20:18
1489,1490,SEC_0397,69.2,8143.0,2025-05-13 18:47:39
1490,1491,SEC_0159,50.86,1766.0,2025-05-27 12:44:55
1491,1492,SEC_0303,60.51,9746.0,2025-01-17 04:20:08
1492,1493,SEC_0228,42.06,5779.0,2025-04-24 05:01:44
1493,1494,SEC_0365,75.88,2292.0,2025-06-25 08:01:40
1494,1495,SEC_0216,62.15,7731.0,2025-03-24 18:21:36
1495,1496,SEC_0436,68.85,4867.0,2025-05-07 03:12:09
1496,1497,SEC_0184,43.89,8430.0,2025-05-22 19:34:44
1497,1498,SEC_0015,51.91,6454.0,2025-03-23 09:33:36
1498,1499,SEC_0157,67.87,1585.0,2025-02-15 07:29:48
1499,1500,SEC_0136,84.19,1308.0,2025-04-24 06:47:05
1500,1501,SEC_0261,45.49,2086.0,2025-05-12 10:27:40
1501,1502,SEC_0157,69.0,32.0,2025-01-17 02:54:22
1502,1503,SEC_0047,44.1,7721.0,2025-06-06 17:56:55
1503,1504,SEC_0324,103.04,292.0,2025-05-12 13:25:26
1504,1505,SEC_0332,48.21,3687.0,2025-02-18 23:38:09
1505,1506,SEC_0173,66.22,1643.0,2025-03-13 10:58:41
1506,1507,SEC_0130,57.38,7767.0,2025-04-11 14:51:09
1507,1508,SEC_0411,119.29,8770.0,2025-01-05 15:44:03
1508,1509,SEC_0095,58.5,3910.0,2025-01-29 20:28:24
1509,1510,SEC_0115,46.78,1224.0,2025-01-10 03:09:17
1510,1511,SEC_0243,66.15,8639.0,2025-04-16 15:20:45
1511,1512,SEC_0420,65.7,4374.0,2025-01-13 22:49:59
1512,1513,SEC_0292,52.08,2580.0,2025-05-03 09:36:42
1513,1514,SEC_0282,39.31,1423.0,2025-05-14 09:05:34
1514,1515,SEC_0299,46.6,7559.0,2025-03-27 21:13:35
1515,1516,SEC_0283,71.13,6746.0,2025-06-11 16:40:20
1516,1517,SEC_0069,32.32,2610.0,2025-06-08 13:58:21
1517,1518,SEC_0148,50.68,3082.0,2025-02-07 20:20:54
1518,1519,SEC_0011,73.59,6735.0,2025-01-16 09:01:15
1519,1520,SEC_0254,53.09,8251.0,2025-04-11 08:26:00
1520,1521,SEC_0330,104.81,8651.0,2025-03-16 04:00:18
1521,1522,SEC_0360,32.35,104.0,2025-03-15 12:14:59
1522,1523,SEC_0038,40.92,4927.0,2025-01-22 20:18:41
1523,1524,SEC_0134,27.27,8981.0,2025-06-19 08:03:43
1524,1525,SEC_0200,99.3,-742.0,2025-06-29 20:08:56
1525,1526,SEC_0023,41.12,-9765.0,2025-04-24 09:52:54
1526,1527,SEC_0303,30.08,6445.0,2025-04-25 10:45:08
1527,1528,SEC_0346,45.44,4724.0,2025-02-15 15:48:06
1528,1529,SEC_0302,35.95,7660.0,2025-04-05 03:16:02
1529,1530,SEC_0363,45.54,5204.0,2025-05-09 09:32:36
1530,1531,SEC_0396,55.28,2977.0,2025-06-24 23:30:25
1531,1532,SEC_0218,69.51,7427.0,2025-01-15 04:22:12
1532,1533,SEC_0141,51.81,6504.0,2025-02-12 05:01:50
1533,1534,SEC_0104,55.01,8620.0,2025-03-28 23:46:18
1534,1535,SEC_0446,45.86,6487.0,2025-06-07 17:06:49
1535,1536,SEC_0210,34.69,6491.0,2025-01-27 16:40:42
1536,1537,SEC_0473,31.38,,2025-02-16 07:40:38
1537,1538,SEC_0481,48.94,6240.0,2025-06-11 08:40:40
1538,1539,SEC_0111,56.0,7423.0,2025-01-23 19:04:02
1539,1540,SEC_0104,47.87,5974.0,2025-06-20 20:03:03
1540,1541,SEC_0316,31.73,9464.0,2025-01-30 05:19:32
1541,1542,SEC_0171,58.0,5522.0,2025-01-12 22:19:02
1542,1543,SEC_0460,89.01,412.0,2025-02-17 03:45:36
1543,1544,SEC_0492,52.75,6091.0,2025-06-27 19:04:32
1544,1545,SEC_0356,45.89,247.0,2025-05-29 13:14:59
1545,1546,SEC_0496,53.62,6843.0,2025-04-26 02:10:12
1546,1547,SEC_0324,39.2,6565.0,2025-03-18 17:57:45
1547,1548,SEC_0133,38.45,2172.0,2025-05-21 19:55:17
1548,1549,SEC_0376,62.52,7279.0,2025-06-25 20:48:02
1549,1550,SEC_0293,73.49,7458.0,2025-06-24 14:42:28
1550,1551,SEC_0328,52.24,5719.0,2025-03-30 23:56:42
1551,1552,SEC_0127,30.2,2061.0,2025-05-12 13:45:48
1552,1553,SEC_0106,60.7,3335.0,2025-05-03 02:41:34
1553,1554,SEC_0497,101.52,7191.0,2025-02-23 05:17:04
1554,1555,SEC_0092,50.75,945.0,2025-03-27 18:21:22
1555,1556,SEC_0287,51.76,5362.0,2025-02-19 20:23:50
1556,1557,SEC_0378,42.02,9455.0,2025-01-30 02:40:02
1557,1558,SEC_0393,63.08,5285.0,2025-02-19 02:30:12
1558,1559,SEC_0051,44.64,6882.0,2025-01-03 11:49:10
1559,1560,SEC_0029,74.18,8368.0,2025-01-14 06:03:24
1560,1561,SEC_0462,44.82,9245.0,2025-02-26 20:00:01
1561,1562,SEC_0296,60.49,9510.0,2025-03-07 22:33:38
1562,1563,SEC_0297,53.84,7941.0,2025-05-17 02:22:11
1563,1564,SEC_0214,87.05,9867.0,2025-02-20 12:09:19
1564,1565,SEC_0267,61.73,334.0,2025-01-25 20:32:52
1565,1566,SEC_0407,82.77,9457.0,2025-01-29 17:45:15
1566,1567,SEC_0257,56.41,2946.0,2025-03-10 10:31:20
1567,1568,SEC_0302,51.87,4781.0,2025-05-15 15:56:56
1568,1569,SEC_0101,53.98,4657.0,2025-02-12 10:16:15
1569,1570,SEC_0405,43.32,2666.0,2025-03-15 02:30:27
1570,1571,SEC_0346,64.04,-7132.0,2025-04-06 21:44:29
1571,1572,SEC_0110,44.38,4936.0,2025-02-27 20:56:56
1572,1573,SEC_0420,56.47,416.0,2025-05-27 15:01:07
1573,1574,SEC_0182,70.57,708.0,2025-01-13 07:58:41
1574,1575,SEC_0471,87.8,7789.0,2025-01-07 04:52:09
1575,1576,SEC_0313,57.33,2685.0,2025-02-14 12:10:14
1576,1577,SEC_0001,70.69,-7495.0,2025-04-28 16:49:55
1577,1578,SEC_0319,68.21,3367.0,2025-05-25 15:01:31
1578,1579,SEC_0438,48.68,3504.0,2025-03-01 10:47:03
1579,1580,SEC_0055,102.75,4443.0,2025-01-31 06:23:35
1580,1581,SEC_0371,45.93,6181.0,2025-06-01 14:29:15
1581,1582,SEC_0424,,2560.0,2025-04-05 07:48:39
1582,1583,SEC_0399,84.46,8138.0,2025-05-16 08:55:17
1583,1584,SEC_0149,83.83,3972.0,2025-01-09 18:02:48
1584,1585,SEC_0431,54.83,2958.0,2025-04-23 21:51:41
1585,1586,SEC_0457,73.49,6917.0,2025-03-12 19:13:23
1586,1587,SEC_0309,51.05,1730.0,2025-04-19 08:52:20
1587,1588,SEC_0137,47.15,9234.0,2025-04-19 18:16:51
1588,1589,SEC_0202,37.95,27.0,2025-06-24 07:36:33
1589,1590,SEC_0436,67.84,2584.0,2025-03-14 13:12:52
1590,1591,SEC_0313,70.02,9245.0,2025-06-12 19:26:33
1591,1592,SEC_0117,46.05,9867.0,2025-03-06 23:23:03
1592,1593,SEC_0154,59.17,3056.0,2025-06-14 08:53:28
1593,1594,SEC_0425,120.94,6802.0,2025-01-04 02:42:46
1594,1595,SEC_0291,77.02,1659.0,2025-03-23 19:09:42
1595,1596,SEC_0063,41.66,3952.0,2025-03-27 04:42:05
1596,1597,SEC_0244,73.73,7300.0,2025-04-27 18:19:33
1597,1598,SEC_0025,41.72,7457.0,2025-04-24 03:56:01
1598,1599,SEC_0090,22.91,9934.0,2025-01-06 16:15:53
1599,1600,SEC_0075,54.26,4138.0,2025-05-23 18:23:39
1600,1601,SEC_0294,87.27,7932.0,2025-01-02 00:28:26
1601,1602,SEC_0386,,1715.0,2025-05-30 04:03:21
1602,1603,SEC_0391,61.14,3332.0,2025-06-22 20:47:40
1603,1604,SEC_0210,46.41,3348.0,2025-01-26 06:17:12
1604,1605,SEC_0475,63.18,1987.0,2025-05-09 06:07:43
1605,1606,SEC_0418,50.36,3545.0,2025-02-20 15:53:33
1606,1607,SEC_0347,46.8,6980.0,2025-05-23 20:19:33
1607,1608,SEC_0017,75.08,702.0,2025-02-21 00:13:04
1608,1609,SEC_0128,-46.63,7738.0,2025-03-12 10:37:51
1609,1610,SEC_0427,76.57,9647.0,2025-01-29 01:57:24
1610,1611,SEC_0443,45.71,3787.0,2025-06-25 19:13:09
1611,1612,SEC_0364,101.25,7263.0,2025-06-22 05:02:01
1612,1613,SEC_0251,33.38,2472.0,2025-06-13 02:34:39
1613,1614,SEC_0179,40.98,5015.0,2025-01-27 09:46:18
1614,1615,SEC_0182,52.11,6660.0,2025-02-19 18:34:41
1615,1616,SEC_0152,30.11,4261.0,2025-01-12 12:34:14
1616,1617,SEC_0025,25.25,5546.0,2025-02-21 02:09:49
1617,1618,SEC_0455,30.19,3045.0,2025-05-18 09:27:31
1618,1619,SEC_0180,50.02,3884.0,2025-04-16 00:16:36
1619,1620,SEC_0198,50.4,2941.0,2025-04-01 05:55:30
1620,1621,SEC_0344,60.33,5162.0,2025-03-18 13:04:52
1621,1622,SEC_0161,51.46,1821.0,2025-01-31 05:07:39
1622,1623,SEC_0177,59.73,6885.0,2025-06-09 11:02:43
1623,1624,SEC_0285,47.7,2803.0,2025-01-26 04:18:03
1624,1625,SEC_0063,67.66,2464.0,2025-01-29 18:33:01
1625,1626,SEC_0491,65.25,3372.0,2025-04-21 12:45:29
1626,1627,SEC_0150,49.5,7223.0,2025-02-02 00:56:05
1627,1628,SEC_0154,64.07,8528.0,2025-04-06 06:05:53
1628,1629,SEC_0156,51.56,4977.0,2025-03-02 22:05:54
1629,1630,SEC_0370,34.58,5068.0,2025-06-07 06:01:18
1630,1631,SEC_0469,71.62,7502.0,2025-05-21 01:22:49
1631,1632,SEC_0049,41.59,2789.0,2025-06-02 03:58:40
1632,1633,SEC_0455,71.39,4126.0,2025-02-20 10:33:10
1633,1634,SEC_0337,60.17,3607.0,2025-06-17 02:14:48
1634,1635,SEC_0084,53.23,1541.0,2025-04-09 01:22:09
1635,1636,SEC_0361,31.09,8767.0,2025-02-28 22:40:38
1636,1637,SEC_0177,86.65,221.0,2025-04-03 09:45:50
1637,1638,SEC_0148,48.96,4923.0,2025-05-18 04:02:10
1638,1639,SEC_0118,66.05,5614.0,2025-05-28 20:55:32
1639,1640,SEC_0342,52.76,754.0,2025-05-04 13:58:13
1640,1641,SEC_0476,50.33,7489.0,2025-03-05 21:56:55
1641,1642,SEC_0063,57.85,7207.0,2025-05-18 19:07:15
1642,1643,SEC_0189,55.04,9213.0,2025-04-21 15:20:17
1643,1644,SEC_0360,50.4,9681.0,2025-03-31 05:19:46
1644,1645,SEC_0049,53.7,7939.0,2025-06-09 03:08:23
1645,1646,SEC_0327,62.06,1962.0,2025-04-16 23:06:30
1646,1647,SEC_0257,63.39,5959.0,2025-04-06 04:25:08
1647,1648,SEC_0224,55.31,,2025-01-30 12:19:38
1648,1649,SEC_0141,65.78,6636.0,2025-01-25 19:06:44
1649,1650,SEC_0478,48.08,,2025-05-21 15:53:52
1650,1651,SEC_0215,106.43,8671.0,2025-04-21 21:12:29
1651,1652,SEC_0435,85.26,783.0,2025-05-30 12:32:37
1652,1653,SEC_0379,68.63,5104.0,2025-05-12 18:39:40
1653,1654,SEC_0440,30.49,4168.0,2025-02-24 08:39:04
1654,1655,SEC_0211,65.48,220.0,2025-02-18 07:57:43
1655,1656,SEC_0318,49.35,9220.0,2025-04-17 11:51:05
1656,1657,SEC_0032,40.71,8030.0,2025-01-30 17:27:58
1657,1658,SEC_0158,48.98,7147.0,2025-03-28 20:50:40
1658,1659,SEC_0285,42.08,290.0,2025-01-23 07:07:22
1659,1660,SEC_0305,63.56,380.0,2025-04-11 10:03:08
1660,1661,SEC_0429,88.66,9571.0,2025-03-14 15:16:53
1661,1662,SEC_0477,69.95,6887.0,2025-03-24 09:56:18
1662,1663,SEC_0286,125.06,,2025-05-26 03:23:17
1663,1664,SEC_0144,34.26,8258.0,2025-01-09 09:36:40
1664,1665,SEC_0424,-46.91,2184.0,2025-04-07 17:52:53
1665,1666,SEC_0019,41.14,3775.0,2025-04-28 03:17:18
1666,1667,SEC_0018,78.95,3920.0,2025-06-03 22:54:31
1667,1668,SEC_0257,51.1,6203.0,2025-06-19 23:02:53
1668,1669,SEC_0078,57.79,778.0,2025-04-10 10:02:22
1669,1670,SEC_0371,66.03,2567.0,2025-01-04 11:33:41
1670,1671,SEC_0175,35.29,7405.0,2025-05-10 13:53:41
1671,1672,SEC_0498,45.31,79.0,2025-06-03 15:16:47
1672,1673,SEC_0194,73.64,1582.0,2025-01-07 22:38:54
1673,1674,SEC_0476,46.32,7968.0,2025-05-09 20:19:02
1674,1675,SEC_0113,32.65,7840.0,2025-01-06 21:42:02
1675,1676,SEC_0114,41.65,2163.0,2025-02-21 05:10:20
1676,1677,SEC_0222,50.1,9178.0,2025-03-25 08:09:45
1677,1678,SEC_0166,57.4,1486.0,2025-01-19 01:38:39
1678,1679,SEC_0435,53.45,5746.0,2025-02-07 04:26:18
1679,1680,SEC_0319,-45.41,2621.0,2025-06-21 15:08:51
1680,1681,SEC_0132,72.37,965.0,2025-05-03 10:35:08
1681,1682,SEC_0385,52.52,9021.0,2025-04-08 13:25:00
1682,1683,SEC_0264,58.14,2674.0,2025-01-23 19:17:27
1683,1684,SEC_0413,46.14,5294.0,2025-06-02 15:55:42
1684,1685,SEC_0055,85.86,7260.0,2025-05-24 16:45:07
1685,1686,SEC_0359,48.55,1719.0,2025-01-28 01:10:06
1686,1687,SEC_0131,55.84,1229.0,2025-01-30 10:11:18
1687,1688,SEC_0288,74.48,3779.0,2025-02-28 22:10:03
1688,1689,SEC_0266,59.38,1841.0,2025-01-11 17:26:48
1689,1690,SEC_0458,58.94,498.0,2025-03-27 15:22:01
1690,1691,SEC_0467,30.2,537.0,2025-03-20 22:35:52
1691,1692,SEC_0366,66.97,3306.0,2025-01-19 03:03:50
1692,1693,SEC_0162,55.52,7125.0,2025-06-02 18:59:51
1693,1694,SEC_0380,64.23,9357.0,2025-06-05 14:21:53
1694,1695,SEC_0481,57.68,1972.0,2025-02-15 21:07:37
1695,1696,SEC_0087,46.17,7588.0,2025-03-19 01:37:17
1696,1697,SEC_0055,71.4,3528.0,2025-05-19 22:18:37
1697,1698,SEC_0476,57.94,300.0,2025-03-15 17:04:30
1698,1699,SEC_0288,37.08,2387.0,2025-04-17 23:43:21
1699,1700,SEC_0178,80.85,3964.0,2025-03-07 05:51:50
1700,1701,SEC_0391,35.55,4688.0,2025-01-13 23:21:20
1701,1702,SEC_0349,71.54,4172.0,2025-06-05 22:31:46
1702,1703,SEC_0008,85.29,3860.0,2025-05-07 16:42:13
1703,1704,SEC_0321,39.18,9106.0,2025-04-13 05:47:32
1704,1705,SEC_0313,52.62,3696.0,2025-06-14 12:31:00
1705,1706,SEC_0247,,9113.0,2025-01-12 21:15:36
1706,1707,SEC_0323,51.87,9716.0,2025-03-14 19:00:21
1707,1708,SEC_0472,94.54,7243.0,2025-06-28 16:00:34
1708,1709,SEC_0471,39.31,9942.0,2025-02-12 04:50:23
1709,1710,SEC_0443,49.8,6132.0,2025-05-12 07:49:50
1710,1711,SEC_0255,85.71,3618.0,2025-03-10 00:20:33
1711,1712,SEC_0328,49.56,2701.0,2025-03-02 10:14:37
1712,1713,SEC_0054,41.23,1006.0,2025-05-16 19:18:48
1713,1714,SEC_0249,59.08,1702.0,2025-01-13 04:38:38
1714,1715,SEC_0239,69.53,3303.0,2025-06-08 11:56:09
1715,1716,SEC_0229,48.53,8996.0,2025-04-13 19:03:25
1716,1717,SEC_0067,64.48,3367.0,2025-01-20 09:03:31
1717,1718,SEC_0051,36.13,3163.0,2025-04-26 09:07:22
1718,1719,SEC_0097,36.73,8307.0,2025-03-19 21:06:44
1719,1720,SEC_0092,47.85,2138.0,2025-04-24 22:27:52
1720,1721,SEC_0495,65.17,4853.0,2025-02-18 10:09:40
1721,1722,SEC_0264,68.61,31.0,2025-04-28 10:11:18
1722,1723,SEC_0418,38.3,5949.0,2025-05-30 07:41:05
1723,1724,SEC_0291,67.85,1806.0,2025-06-08 15:03:13
1724,1725,SEC_0096,57.39,6414.0,2025-06-24 13:22:27
1725,1726,SEC_0088,41.94,3570.0,2025-02-05 04:53:11
1726,1727,SEC_0078,36.59,9629.0,2025-04-29 20:52:17
1727,1728,SEC_0288,58.5,5311.0,2025-05-27 14:58:33
1728,1729,SEC_0120,80.39,457.0,2025-02-11 16:19:34
1729,1730,SEC_0302,55.18,449.0,2025-05-14 15:11:27
1730,1731,SEC_0491,41.24,68.0,2025-04-04 04:11:56
1731,1732,SEC_0400,31.17,4090.0,2025-03-26 00:00:12
1732,1733,SEC_0452,86.39,1863.0,2025-01-22 17:29:52
1733,1734,SEC_0500,74.63,1803.0,2025-04-14 18:56:24
1734,1735,SEC_0165,59.78,7555.0,2025-06-05 20:38:17
1735,1736,SEC_0182,85.06,8320.0,2025-04-10 04:04:37
1736,1737,SEC_0469,58.39,-5896.0,2025-02-14 14:39:22
1737,1738,SEC_0398,46.56,9460.0,2025-06-09 03:12:16
1738,1739,SEC_0223,64.49,9235.0,2025-01-20 19:30:33
1739,1740,SEC_0311,42.57,5516.0,2025-05-07 16:49:41
1740,1741,SEC_0432,40.5,3739.0,2025-01-03 14:17:49
1741,1742,SEC_0466,68.82,368.0,2025-02-09 23:51:16
1742,1743,SEC_0007,70.58,6202.0,2025-04-10 17:46:53
1743,1744,SEC_0330,37.26,2641.0,2025-03-21 08:19:23
1744,1745,SEC_0263,37.67,4908.0,2025-05-30 22:18:44
1745,1746,SEC_0161,47.77,59.0,2025-05-03 17:41:56
1746,1747,SEC_0151,44.11,4257.0,2025-02-27 03:23:47
1747,1748,SEC_0085,62.99,8295.0,2025-03-16 10:45:10
1748,1749,SEC_0147,55.39,4942.0,2025-01-19 13:21:02
1749,1750,SEC_0112,77.44,4508.0,2025-01-28 22:13:48
1750,1751,SEC_0381,60.05,786.0,2025-03-31 19:14:52
1751,1752,SEC_0403,45.0,2447.0,2025-01-18 15:08:51
1752,1753,SEC_0036,30.96,9149.0,2025-04-13 19:24:33
1753,1754,SEC_0285,57.62,8629.0,2025-04-20 04:33:19
1754,1755,SEC_0188,32.68,2366.0,2025-04-07 00:59:29
1755,1756,SEC_0082,44.83,4702.0,2025-06-15 14:08:01
1756,1757,SEC_0002,43.97,7418.0,2025-03-07 19:44:22
1757,1758,SEC_0385,46.87,5567.0,2025-06-09 08:01:07
1758,1759,SEC_0303,36.79,8689.0,2025-02-14 09:59:47
1759,1760,SEC_0197,43.92,9559.0,2025-01-15 17:19:12
1760,1761,SEC_0404,77.0,9215.0,2025-01-24 16:34:59
1761,1762,SEC_0011,76.93,6384.0,2025-05-03 05:03:01
1762,1763,SEC_0234,86.47,1490.0,2025-05-22 04:19:29
1763,1764,SEC_0386,54.76,2335.0,2025-03-23 03:00:35
1764,1765,SEC_0195,59.23,7691.0,2025-05-24 02:50:34
1765,1766,SEC_0471,77.34,3390.0,2025-02-26 06:52:22
1766,1767,SEC_0119,35.12,203.0,2025-04-12 05:38:52
1767,1768,SEC_0396,69.53,231.0,2025-02-08 19:35:04
1768,1769,SEC_0020,80.7,7048.0,2025-06-17 17:57:53
1769,1770,SEC_0261,41.82,2963.0,2025-05-20 08:37:59
1770,1771,SEC_0293,82.66,2328.0,2025-02-10 20:07:09
1771,1772,SEC_0422,101.22,2785.0,2025-05-09 17:26:13
1772,1773,SEC_0256,68.95,804.0,2025-02-16 14:59:35
1773,1774,SEC_0222,65.26,5767.0,2025-02-06 12:06:41
1774,1775,SEC_0393,39.02,3724.0,2025-01-10 16:07:57
1775,1776,SEC_0226,75.25,6397.0,2025-01-11 03:28:58
1776,1777,SEC_0053,40.14,176.0,2025-06-28 00:43:44
1777,1778,SEC_0428,61.0,9637.0,2025-05-26 06:14:46
1778,1779,SEC_0355,62.89,5692.0,2025-06-08 05:33:16
1779,1780,SEC_0500,20.31,3533.0,2025-06-26 08:28:24
1780,1781,SEC_0342,61.67,4350.0,2025-02-14 14:10:48
1781,1782,SEC_0364,119.87,,2025-04-11 10:19:42
1782,1783,SEC_0280,-29.15,5457.0,2025-05-10 06:41:35
1783,1784,SEC_0081,,3414.0,2025-01-07 17:52:01
1784,1785,SEC_0202,30.44,7086.0,2025-02-22 03:43:43
1785,1786,SEC_0158,41.75,4180.0,2025-05-26 06:23:31
1786,1787,SEC_0120,30.6,9333.0,2025-03-03 04:25:16
1787,1788,SEC_0059,57.27,4808.0,2025-04-09 23:43:38
1788,1789,SEC_0494,69.27,7387.0,2025-03-27 06:13:10
1789,1790,SEC_0215,61.74,9954.0,2025-01-20 19:45:05
1790,1791,SEC_0128,41.3,1941.0,2025-01-17 00:35:15
1791,1792,SEC_0224,45.48,9999.0,2025-03-03 20:04:59
1792,1793,SEC_0209,59.25,657.0,2025-02-28 18:00:01
1793,1794,SEC_0370,41.69,2504.0,2025-06-14 16:38:24
1794,1795,SEC_0115,36.65,659.0,2025-04-15 07:43:18
1795,1796,SEC_0209,50.82,7039.0,2025-06-17 01:46:45
1796,1797,SEC_0014,41.12,8103.0,2025-06-21 16:23:43
1797,1798,SEC_0009,61.77,6026.0,2025-04-05 14:30:25
1798,1799,SEC_0040,80.61,9247.0,2025-04-07 02:29:01
1799,1800,SEC_0450,119.02,6499.0,2025-04-26 15:46:59
1800,1801,SEC_0237,60.43,6349.0,2025-03-17 13:29:47
1801,1802,SEC_0281,66.27,3042.0,2025-06-24 13:31:06
1802,1803,SEC_0359,45.61,2339.0,2025-05-17 13:22:26
1803,1804,SEC_0201,46.47,111.0,2025-03-27 10:46:51
1804,1805,SEC_0246,80.26,5188.0,2025-06-22 12:57:06
1805,1806,SEC_0278,50.25,1719.0,2025-06-23 14:38:42
1806,1807,SEC_0235,55.81,6517.0,2025-04-30 07:21:14
1807,1808,SEC_0494,78.8,126.0,2025-03-19 00:50:11
1808,1809,SEC_0004,50.37,-8454.0,2025-02-25 06:18:24
1809,1810,SEC_0154,85.64,2935.0,2025-06-15 03:48:00
1810,1811,SEC_0442,64.84,5918.0,2025-02-16 18:25:10
1811,1812,SEC_0029,-62.59,1605.0,2025-03-26 14:31:00
1812,1813,SEC_0109,44.95,7591.0,2025-04-21 12:15:46
1813,1814,SEC_0098,63.61,2083.0,2025-05-04 13:31:04
1814,1815,SEC_0215,48.0,8847.0,2025-04-07 16:08:20
1815,1816,SEC_0293,62.85,5094.0,2025-01-22 11:11:53
1816,1817,SEC_0075,52.96,7144.0,2025-01-15 21:34:42
1817,1818,SEC_0326,72.97,285.0,2025-01-11 21:33:28
1818,1819,SEC_0146,54.08,5567.0,2025-03-20 11:24:00
1819,1820,SEC_0128,100.62,8219.0,2025-03-26 14:31:25
1820,1821,SEC_0341,50.27,2275.0,2025-05-12 08:24:08
1821,1822,SEC_0042,46.51,3973.0,2025-02-19 00:47:09
1822,1823,SEC_0356,60.57,9784.0,2025-06-11 11:41:24
1823,1824,SEC_0041,75.44,9321.0,2025-05-18 19:55:33
1824,1825,SEC_0422,75.27,-4114.0,2025-01-12 19:14:09
1825,1826,SEC_0034,57.4,6730.0,2025-01-05 23:35:42
1826,1827,SEC_0017,60.44,8349.0,2025-05-26 14:58:55
1827,1828,SEC_0165,60.47,1290.0,2025-05-03 11:59:46
1828,1829,SEC_0153,-39.51,2512.0,2025-04-14 16:27:12
1829,1830,SEC_0486,74.23,5721.0,2025-04-22 08:52:06
1830,1831,SEC_0378,37.44,9964.0,2025-05-19 08:10:51
1831,1832,SEC_0076,39.54,1156.0,2025-06-18 07:44:18
1832,1833,SEC_0087,55.51,2789.0,2025-01-14 07:46:59
1833,1834,SEC_0117,49.6,5154.0,2025-02-11 08:12:30
1834,1835,SEC_0362,69.33,6227.0,2025-02-22 22:05:56
1835,1836,SEC_0342,62.44,2977.0,2025-03-05 12:50:08
1836,1837,SEC_0469,56.91,5252.0,2025-05-08 17:14:18
1837,1838,SEC_0027,38.95,3500.0,2025-03-05 05:16:42
1838,1839,SEC_0313,55.03,2914.0,2025-05-03 19:36:40
1839,1840,SEC_0287,53.74,204.0,2025-02-22 17:05:42
1840,1841,SEC_0134,58.36,1823.0,2025-06-01 07:34:57
1841,1842,SEC_0219,47.99,9552.0,2025-03-20 23:18:52
1842,1843,SEC_0168,63.87,8634.0,2025-06-12 04:28:32
1843,1844,SEC_0098,49.21,6972.0,2025-06-08 19:58:39
1844,1845,SEC_0268,62.1,7426.0,2025-06-11 11:47:59
1845,1846,SEC_0237,69.33,9508.0,2025-01-22 05:31:25
1846,1847,SEC_0309,46.51,9341.0,2025-06-17 18:04:42
1847,1848,SEC_0455,43.31,5783.0,2025-03-14 03:32:17
1848,1849,SEC_0394,62.99,7927.0,2025-06-18 20:44:02
1849,1850,SEC_0173,36.73,9391.0,2025-01-24 23:32:43
1850,1851,SEC_0401,76.21,6004.0,2025-02-14 21:55:46
1851,1852,SEC_0410,54.78,4176.0,2025-01-14 22:45:59
1852,1853,SEC_0469,52.75,7787.0,2025-06-09 23:12:52
1853,1854,SEC_0476,64.32,2860.0,2025-05-10 09:39:04
1854,1855,SEC_0190,63.13,2963.0,2025-04-08 09:13:22
1855,1856,SEC_0122,54.71,1368.0,2025-06-04 07:19:11
1856,1857,SEC_0046,71.06,5211.0,2025-03-03 07:09:09
1857,1858,SEC_0064,44.62,2910.0,2025-06-03 21:48:51
1858,1859,SEC_0130,67.61,3406.0,2025-03-15 14:30:31
1859,1860,SEC_0310,39.5,4495.0,2025-06-10 08:54:19
1860,1861,SEC_0363,63.64,821.0,2025-03-20 19:17:20
1861,1862,SEC_0193,49.48,7703.0,2025-05-11 13:56:51
1862,1863,SEC_0307,36.84,7256.0,2025-01-22 11:57:58
1863,1864,SEC_0181,,2663.0,2025-06-29 15:14:32
1864,1865,SEC_0292,54.04,7105.0,2025-05-18 23:39:08
1865,1866,SEC_0371,34.37,5373.0,2025-04-21 17:45:36
1866,1867,SEC_0282,,4454.0,2025-05-15 18:05:05
1867,1868,SEC_0029,52.16,3130.0,2025-03-25 23:49:23
1868,1869,SEC_0149,88.72,4617.0,2025-04-15 10:34:59
1869,1870,SEC_0267,60.12,8087.0,2025-02-02 22:06:37
1870,1871,SEC_0296,44.68,1667.0,2025-03-05 01:17:59
1871,1872,SEC_0011,75.53,7390.0,2025-04-16 00:27:06
1872,1873,SEC_0164,71.68,3401.0,2025-01-07 22:09:53
1873,1874,SEC_0113,79.96,2201.0,2025-06-07 10:57:42
1874,1875,SEC_0187,67.03,9085.0,2025-03-30 20:27:14
1875,1876,SEC_0295,71.22,984.0,2025-04-11 06:18:00
1876,1877,SEC_0232,67.99,6624.0,2025-06-11 05:00:36
1877,1878,SEC_0227,47.31,8775.0,2025-05-23 08:01:17
1878,1879,SEC_0310,33.41,6052.0,2025-05-02 22:56:43
1879,1880,SEC_0098,46.7,4116.0,2025-04-07 00:24:14
1880,1881,SEC_0055,76.06,2641.0,2025-03-04 01:59:58
1881,1882,SEC_0111,48.7,6372.0,2025-04-10 03:51:32
1882,1883,SEC_0152,52.27,3418.0,2025-01-12 23:22:56
1883,1884,SEC_0246,38.48,6588.0,2025-05-31 16:59:36
1884,1885,SEC_0406,46.28,9081.0,2025-03-25 09:30:49
1885,1886,SEC_0069,54.45,1884.0,2025-01-26 18:42:50
1886,1887,SEC_0312,63.29,-4822.0,2025-03-11 11:27:50
1887,1888,SEC_0289,47.58,3823.0,2025-05-22 08:51:27
1888,1889,SEC_0250,46.59,8339.0,2025-04-06 11:20:15
1889,1890,SEC_0036,70.29,1717.0,2025-05-07 01:47:47
1890,1891,SEC_0239,60.19,5624.0,2025-04-29 01:17:56
1891,1892,SEC_0148,-62.46,2478.0,2025-01-19 07:03:05
1892,1893,SEC_0467,86.36,9656.0,2025-04-01 11:28:45
1893,1894,SEC_0227,46.92,9503.0,2025-05-28 10:55:36
1894,1895,SEC_0244,53.8,369.0,2025-06-09 20:40:17
1895,1896,SEC_0491,64.42,9456.0,2025-06-25 19:27:01
1896,1897,SEC_0337,42.04,2850.0,2025-04-06 12:17:14
1897,1898,SEC_0446,58.48,2748.0,2025-06-16 04:23:16
1898,1899,SEC_0365,54.96,7563.0,2025-03-25 20:31:12
1899,1900,SEC_0491,125.61,7140.0,2025-03-24 03:52:08
1900,1901,SEC_0482,56.26,6705.0,2025-01-08 14:22:48
1901,1902,SEC_0201,77.25,1888.0,2025-06-06 11:10:58
1902,1903,SEC_0154,70.03,60.0,2025-01-15 15:11:11
1903,1904,SEC_0450,38.59,545.0,2025-04-14 04:21:07
1904,1905,SEC_0073,34.31,3065.0,2025-03-21 05:32:19
1905,1906,SEC_0201,58.8,6447.0,2025-02-26 03:24:07
1906,1907,SEC_0296,79.61,5804.0,2025-03-02 06:28:05
1907,1908,SEC_0017,59.52,1231.0,2025-02-26 06:19:26
1908,1909,SEC_0129,55.91,7543.0,2025-06-06 14:03:13
1909,1910,SEC_0217,50.14,559.0,2025-04-21 11:47:31
1910,1911,SEC_0061,36.7,9705.0,2025-04-12 18:16:18
1911,1912,SEC_0427,40.93,6064.0,2025-04-11 02:29:39
1912,1913,SEC_0104,33.56,8862.0,2025-01-27 13:44:47
1913,1914,SEC_0042,39.22,8450.0,2025-03-14 09:26:10
1914,1915,SEC_0025,46.63,1071.0,2025-01-30 02:23:48
1915,1916,SEC_0039,68.91,1051.0,2025-06-03 14:33:20
1916,1917,SEC_0291,47.77,4039.0,2025-01-30 15:49:16
1917,1918,SEC_0131,58.95,5147.0,2025-05-18 15:36:35
1918,1919,SEC_0498,56.86,4023.0,2025-03-15 07:30:25
1919,1920,SEC_0229,63.42,8337.0,2025-02-17 06:26:43
1920,1921,SEC_0108,40.03,2635.0,2025-03-27 13:21:56
1921,1922,SEC_0172,75.02,7289.0,2025-06-02 04:20:50
1922,1923,SEC_0435,35.8,8993.0,2025-01-29 14:13:49
1923,1924,SEC_0478,47.73,1486.0,2025-06-28 15:40:37
1924,1925,SEC_0102,54.26,2824.0,2025-03-22 22:58:03
1925,1926,SEC_0354,68.58,673.0,2025-03-06 22:29:18
1926,1927,SEC_0012,82.58,4423.0,2025-06-13 05:32:01
1927,1928,SEC_0275,68.75,1415.0,2025-05-28 17:42:44
1928,1929,SEC_0101,83.49,-6116.0,2025-06-27 16:39:15
1929,1930,SEC_0044,42.57,3895.0,2025-06-05 14:53:19
1930,1931,SEC_0443,78.03,3847.0,2025-06-26 01:48:44
1931,1932,SEC_0305,74.11,9387.0,2025-05-17 15:32:56
1932,1933,SEC_0445,26.61,2025.0,2025-05-20 22:48:21
1933,1934,SEC_0017,51.1,1358.0,2025-06-28 11:32:38
1934,1935,SEC_0330,65.41,7477.0,2025-02-05 17:13:01
1935,1936,SEC_0057,,8049.0,2025-04-24 03:09:14
1936,1937,SEC_0311,39.42,569.0,2025-04-26 06:48:23
1937,1938,SEC_0497,102.95,6491.0,2025-06-01 10:51:58
1938,1939,SEC_0303,,7470.0,2025-05-11 03:53:12
1939,1940,SEC_0012,56.91,1946.0,2025-03-30 12:33:17
1940,1941,SEC_0318,36.87,-8539.0,2025-04-23 17:49:08
1941,1942,SEC_0080,45.44,408.0,2025-05-18 12:30:47
1942,1943,SEC_0216,41.71,4229.0,2025-02-25 23:12:33
1943,1944,SEC_0339,75.47,8806.0,2025-06-05 19:09:13
1944,1945,SEC_0264,63.52,7132.0,2025-03-10 09:15:04
1945,1946,SEC_0479,46.01,8298.0,2025-04-08 06:37:37
1946,1947,SEC_0149,64.6,2219.0,2025-01-21 14:45:00
1947,1948,SEC_0081,50.6,7712.0,2025-04-13 10:11:42
1948,1949,SEC_0215,58.58,4358.0,2025-03-15 03:44:52
1949,1950,SEC_0485,58.49,494.0,2025-02-03 04:23:11
1950,1951,SEC_0374,61.93,3869.0,2025-05-17 07:26:39
1951,1952,SEC_0464,59.73,4386.0,2025-05-13 05:26:27
1952,1953,SEC_0198,61.95,5434.0,2025-06-09 14:09:27
1953,1954,SEC_0200,79.58,6229.0,2025-02-17 22:59:53
1954,1955,SEC_0025,66.17,1439.0,2025-06-16 23:47:42
1955,1956,SEC_0466,49.35,1353.0,2025-06-08 02:26:26
1956,1957,SEC_0089,53.02,8237.0,2025-03-22 18:54:02
1957,1958,SEC_0268,78.97,4911.0,2025-05-02 19:55:08
1958,1959,SEC_0143,56.47,2381.0,2025-06-23 06:15:32
1959,1960,SEC_0059,48.8,4561.0,2025-04-10 04:19:29
1960,1961,SEC_0410,45.18,200.0,2025-03-22 13:55:14
1961,1962,SEC_0489,59.26,4425.0,2025-06-21 13:34:31
1962,1963,SEC_0365,42.25,7848.0,2025-01-26 02:47:48
1963,1964,SEC_0026,80.27,4798.0,2025-04-13 16:59:09
1964,1965,SEC_0047,39.99,6801.0,2025-06-11 22:33:54
1965,1966,SEC_0288,85.07,7527.0,2025-06-14 06:22:44
1966,1967,SEC_0266,50.12,6021.0,2025-05-09 03:34:23
1967,1968,SEC_0016,39.53,2769.0,2025-04-13 08:53:54
1968,1969,SEC_0199,57.79,2408.0,2025-03-28 12:52:27
1969,1970,SEC_0401,41.02,5498.0,2025-06-14 10:04:30
1970,1971,SEC_0407,55.16,3792.0,2025-06-21 14:51:05
1971,1972,SEC_0282,45.91,3294.0,2025-03-09 08:43:34
1972,1973,SEC_0469,72.5,2847.0,2025-03-19 07:29:59
1973,1974,SEC_0086,56.88,7843.0,2025-05-22 18:58:55
1974,1975,SEC_0250,38.22,6509.0,2025-02-23 13:46:44
1975,1976,SEC_0391,45.64,3312.0,2025-02-11 19:04:50
1976,1977,SEC_0270,67.46,9630.0,2025-03-06 16:31:22
1977,1978,SEC_0335,80.33,127.0,2025-02-22 13:52:37
1978,1979,SEC_0117,53.86,5607.0,2025-04-02 03:48:44
1979,1980,SEC_0007,39.91,9813.0,2025-01-21 09:23:23
1980,1981,SEC_0137,74.9,7695.0,2025-05-14 09:36:18
1981,1982,SEC_0371,67.37,3320.0,2025-06-18 11:33:28
1982,1983,SEC_0176,80.8,8674.0,2025-05-25 10:28:33
1983,1984,SEC_0328,59.56,5432.0,2025-01-03 02:08:02
1984,1985,SEC_0498,46.7,-4379.0,2025-03-07 12:10:05
1985,1986,SEC_0315,63.76,7170.0,2025-04-24 08:50:53
1986,1987,SEC_0215,60.21,2122.0,2025-02-04 11:47:05
1987,1988,SEC_0477,45.95,3136.0,2025-06-26 01:13:59
1988,1989,SEC_0082,57.95,6491.0,2025-06-12 12:31:48
1989,1990,SEC_0223,51.5,6141.0,2025-02-24 16:23:00
1990,1991,SEC_0478,-68.24,239.0,2025-01-13 10:52:20
1991,1992,SEC_0372,63.28,1421.0,2025-06-27 22:30:27
1992,1993,SEC_0423,39.83,341.0,2025-01-19 10:45:12
1993,1994,SEC_0483,38.64,7521.0,2025-05-03 23:05:25
1994,1995,SEC_0402,53.15,4988.0,2025-03-17 12:37:16
1995,1996,SEC_0443,55.14,9679.0,2025-03-30 22:54:19
1996,1997,SEC_0490,68.6,4076.0,2025-02-03 17:06:20
1997,1998,SEC_0103,63.69,5413.0,2025-03-27 05:12:39
1998,1999,SEC_0273,84.57,8925.0,2025-02-26 14:50:31
1999,2000,SEC_0014,47.46,3479.0,2025-04-12 22:18:28
2000,2001,SEC_0159,46.65,8354.0,2025-04-25 15:00:11
2001,2002,SEC_0152,40.94,7671.0,2025-01-04 13:07:36
2002,2003,SEC_0483,68.36,2496.0,2025-06-26 10:45:21
2003,2004,SEC_0108,-54.96,7863.0,2025-01-02 12:10:05
2004,2005,SEC_0188,31.31,8053.0,2025-01-05 15:53:11
2005,2006,SEC_0301,58.01,8324.0,2025-06-15 18:18:42
2006,2007,SEC_0098,59.13,1858.0,2025-01-06 20:29:10
2007,2008,SEC_0131,52.28,9435.0,2025-05-17 01:45:00
2008,2009,SEC_0293,59.68,8864.0,2025-04-15 19:10:32
2009,2010,SEC_0171,37.86,505.0,2025-04-08 02:03:09
2010,2011,SEC_0424,89.33,7468.0,2025-01-29 07:32:36
2011,2012,SEC_0474,61.2,2157.0,2025-04-08 01:58:50
2012,2013,SEC_0183,32.07,9454.0,2025-05-09 07:39:03
2013,2014,SEC_0471,54.5,8485.0,2025-04-17 04:34:38
2014,2015,SEC_0364,61.68,4924.0,2025-05-12 22:31:57
2015,2016,SEC_0039,39.1,9252.0,2025-03-20 16:58:40
2016,2017,SEC_0015,64.08,5555.0,2025-02-17 08:27:44
2017,2018,SEC_0376,90.4,5739.0,2025-05-18 00:17:57
2018,2019,SEC_0497,-45.0,2796.0,2025-01-09 08:22:31
2019,2020,SEC_0004,62.09,9394.0,2025-03-20 00:23:11
2020,2021,SEC_0349,58.12,6901.0,2025-06-19 18:18:17
2021,2022,SEC_0470,73.0,2161.0,2025-04-12 09:00:17
2022,2023,SEC_0409,52.84,7334.0,2025-06-22 02:26:23
2023,2024,SEC_0397,39.65,7672.0,2025-01-19 23:06:02
2024,2025,SEC_0210,71.61,6222.0,2025-04-18 16:18:11
2025,2026,SEC_0161,40.36,8911.0,2025-05-21 19:38:58
2026,2027,SEC_0016,93.94,9070.0,2025-01-13 15:39:08
2027,2028,SEC_0493,64.6,3268.0,2025-05-05 00:50:48
2028,2029,SEC_0426,45.62,4498.0,2025-05-16 19:54:42
2029,2030,SEC_0108,76.14,-6977.0,2025-01-18 19:39:54
2030,2031,SEC_0382,54.45,8256.0,2025-03-25 15:08:55
2031,2032,SEC_0450,51.09,2700.0,2025-02-06 19:38:37
2032,2033,SEC_0311,44.51,5545.0,2025-02-17 23:14:46
2033,2034,SEC_0227,-31.08,373.0,2025-01-11 16:34:40
2034,2035,SEC_0170,65.45,4028.0,2025-01-31 21:35:03
2035,2036,SEC_0034,33.5,8498.0,2025-04-12 17:55:36
2036,2037,SEC_0414,-43.03,2515.0,2025-03-05 05:06:31
2037,2038,SEC_0251,62.17,932.0,2025-05-05 02:06:17
2038,2039,SEC_0247,46.98,-7472.0,2025-03-01 11:27:21
2039,2040,SEC_0269,57.23,1991.0,2025-06-20 03:20:48
2040,2041,SEC_0141,37.94,3657.0,2025-06-18 18:12:14
2041,2042,SEC_0274,49.18,9608.0,2025-05-11 03:30:34
2042,2043,SEC_0416,57.34,6791.0,2025-04-24 01:42:52
2043,2044,SEC_0096,41.04,8554.0,2025-03-07 16:28:26
2044,2045,SEC_0227,90.55,5384.0,2025-06-23 14:23:34
2045,2046,SEC_0379,-45.1,716.0,2025-05-01 12:43:40
2046,2047,SEC_0039,82.56,9838.0,2025-05-04 17:03:04
2047,2048,SEC_0302,51.92,8735.0,2025-01-10 09:11:41
2048,2049,SEC_0500,-34.11,1548.0,2025-02-22 08:10:44
2049,2050,SEC_0029,38.82,7993.0,2025-03-25 12:23:13
2050,2051,SEC_0446,57.56,652.0,2025-05-29 14:21:17
2051,2052,SEC_0497,74.43,1051.0,2025-04-20 08:05:11
2052,2053,SEC_0477,92.85,4743.0,2025-05-02 03:17:18
2053,2054,SEC_0318,56.74,5045.0,2025-06-03 06:56:56
2054,2055,SEC_0245,38.35,5057.0,2025-01-17 22:45:10
2055,2056,SEC_0236,59.36,8995.0,2025-01-23 06:23:23
2056,2057,SEC_0185,42.62,7262.0,2025-03-25 07:50:04
2057,2058,SEC_0272,61.42,1681.0,2025-06-22 12:42:12
2058,2059,SEC_0440,41.16,9800.0,2025-06-05 20:40:39
2059,2060,SEC_0236,29.17,3523.0,2025-05-20 22:48:46
2060,2061,SEC_0239,81.05,2058.0,2025-01-26 21:04:53
2061,2062,SEC_0377,51.01,2722.0,2025-01-29 11:26:19
2062,2063,SEC_0266,55.42,4822.0,2025-05-05 16:34:43
2063,2064,SEC_0414,73.63,2564.0,2025-04-25 01:15:12
2064,2065,SEC_0409,95.93,203.0,2025-02-01 16:42:45
2065,2066,SEC_0359,67.76,942.0,2025-06-23 03:56:39
2066,2067,SEC_0340,56.31,589.0,2025-03-17 20:07:14
2067,2068,SEC_0389,62.73,8763.0,2025-03-28 14:59:23
2068,2069,SEC_0065,49.98,8388.0,2025-04-16 02:45:26
2069,2070,SEC_0478,55.19,9538.0,2025-01-01 09:58:51
2070,2071,SEC_0177,57.02,8610.0,2025-01-10 23:11:02
2071,2072,SEC_0003,43.12,1643.0,2025-05-02 11:56:24
2072,2073,SEC_0429,54.95,1366.0,2025-03-16 14:40:00
2073,2074,SEC_0142,60.95,7557.0,2025-02-19 23:34:12
2074,2075,SEC_0376,63.76,9.0,2025-03-30 08:49:27
2075,2076,SEC_0158,62.25,532.0,2025-04-17 05:54:52
2076,2077,SEC_0498,36.54,9745.0,2025-06-11 05:12:28
2077,2078,SEC_0324,78.95,1036.0,2025-05-24 22:58:26
2078,2079,SEC_0146,77.01,1618.0,2025-05-29 05:04:52
2079,2080,SEC_0446,53.05,6723.0,2025-03-27 01:08:47
2080,2081,SEC_0293,-62.59,3717.0,2025-03-29 06:26:37
2081,2082,SEC_0153,51.16,6076.0,2025-01-12 12:25:36
2082,2083,SEC_0432,68.41,1077.0,2025-02-09 12:52:47
2083,2084,SEC_0193,42.76,-7604.0,2025-05-03 05:52:56
2084,2085,SEC_0437,81.67,,2025-04-25 09:58:44
2085,2086,SEC_0494,67.4,7130.0,2025-02-14 07:42:10
2086,2087,SEC_0463,67.87,2963.0,2025-04-14 11:07:09
2087,2088,SEC_0073,52.9,4841.0,2025-02-11 02:41:53
2088,2089,SEC_0399,35.74,913.0,2025-02-13 12:28:11
2089,2090,SEC_0305,71.18,4150.0,2025-03-13 07:01:51
2090,2091,SEC_0377,36.09,4071.0,2025-05-09 15:37:01
2091,2092,SEC_0344,71.44,5700.0,2025-04-23 22:42:30
2092,2093,SEC_0452,43.31,5923.0,2025-04-13 15:38:02
2093,2094,SEC_0140,33.92,8536.0,2025-01-08 19:17:56
2094,2095,SEC_0187,54.61,9385.0,2025-01-26 17:39:06
2095,2096,SEC_0293,77.85,5281.0,2025-02-15 22:51:05
2096,2097,SEC_0061,40.87,8895.0,2025-04-21 00:41:33
2097,2098,SEC_0485,88.21,1899.0,2025-01-30 09:09:22
2098,2099,SEC_0427,66.49,6556.0,2025-01-19 21:24:46
2099,2100,SEC_0380,57.23,8391.0,2025-04-07 16:16:57
2100,2101,SEC_0198,47.91,3233.0,2025-05-02 14:33:25
2101,2102,SEC_0295,48.92,2823.0,2025-05-19 19:59:05
2102,2103,SEC_0440,62.12,4485.0,2025-01-19 09:38:45
2103,2104,SEC_0319,70.37,8666.0,2025-04-10 12:25:54
2104,2105,SEC_0302,45.69,5501.0,2025-05-20 23:32:46
2105,2106,SEC_0344,42.86,1655.0,2025-05-17 19:42:20
2106,2107,SEC_0011,51.21,592.0,2025-04-11 01:19:20
2107,2108,SEC_0062,82.94,1849.0,2025-04-10 13:11:59
2108,2109,SEC_0333,37.9,5192.0,2025-02-26 18:21:04
2109,2110,SEC_0226,76.92,3042.0,2025-05-04 23:23:30
2110,2111,SEC_0153,55.3,168.0,2025-04-08 13:03:40
2111,2112,SEC_0199,33.25,4380.0,2025-06-04 22:46:08
2112,2113,SEC_0052,47.54,7662.0,2025-03-27 17:37:26
2113,2114,SEC_0260,65.56,6968.0,2025-06-01 01:24:26
2114,2115,SEC_0059,93.74,7284.0,2025-03-18 04:22:18
2115,2116,SEC_0072,36.66,4011.0,2025-01-03 20:09:31
2116,2117,SEC_0148,23.44,4987.0,2025-06-17 21:44:19
2117,2118,SEC_0349,36.86,3849.0,2025-03-01 08:07:25
2118,2119,SEC_0063,76.64,2182.0,2025-02-03 07:53:48
2119,2120,SEC_0310,31.88,9847.0,2025-05-06 20:32:23
2120,2121,SEC_0373,85.56,833.0,2025-03-14 22:52:26
2121,2122,SEC_0243,78.61,1022.0,2025-04-11 05:51:15
2122,2123,SEC_0493,57.82,3493.0,2025-04-24 19:35:14
2123,2124,SEC_0366,45.24,9087.0,2025-06-18 22:12:57
2124,2125,SEC_0330,55.51,9708.0,2025-01-07 00:56:59
2125,2126,SEC_0107,65.58,289.0,2025-06-14 05:38:42
2126,2127,SEC_0226,62.65,7817.0,2025-01-08 18:01:56
2127,2128,SEC_0313,92.01,1077.0,2025-03-27 20:13:57
2128,2129,SEC_0218,50.5,1372.0,2025-06-04 11:43:02
2129,2130,SEC_0425,36.96,1075.0,2025-05-03 22:36:12
2130,2131,SEC_0241,35.05,-4935.0,2025-01-16 16:32:52
2131,2132,SEC_0259,33.01,40.0,2025-03-12 12:11:02
2132,2133,SEC_0376,57.91,4275.0,2025-05-22 13:52:51
2133,2134,SEC_0262,50.89,183.0,2025-04-21 08:52:20
2134,2135,SEC_0005,55.14,9952.0,2025-06-22 15:52:53
2135,2136,SEC_0261,46.47,9962.0,2025-02-10 06:21:19
2136,2137,SEC_0054,39.13,5497.0,2025-05-12 01:10:13
2137,2138,SEC_0047,65.65,8689.0,2025-06-27 14:06:01
2138,2139,SEC_0215,26.08,8789.0,2025-06-26 03:19:09
2139,2140,SEC_0177,42.93,2509.0,2025-06-20 21:23:54
2140,2141,SEC_0009,69.13,8877.0,2025-01-29 17:14:24
2141,2142,SEC_0099,41.67,8073.0,2025-04-01 23:23:07
2142,2143,SEC_0020,61.41,319.0,2025-03-05 10:36:58
2143,2144,SEC_0378,42.95,9628.0,2025-06-20 06:12:22
2144,2145,SEC_0241,47.62,2404.0,2025-06-24 13:54:37
2145,2146,SEC_0061,64.88,729.0,2025-01-27 03:42:34
2146,2147,SEC_0379,37.21,1288.0,2025-06-18 22:49:16
2147,2148,SEC_0490,68.28,4002.0,2025-04-29 09:13:30
2148,2149,SEC_0419,,,2025-02-16 13:04:50
2149,2150,SEC_0178,79.59,8753.0,2025-01-12 13:39:49
2150,2151,SEC_0338,58.12,1376.0,2025-05-22 01:28:01
2151,2152,SEC_0062,39.61,9658.0,2025-03-08 11:14:06
2152,2153,SEC_0145,91.69,25.0,2025-05-08 03:36:13
2153,2154,SEC_0216,40.62,1155.0,2025-02-01 04:08:59
2154,2155,SEC_0003,-51.0,1460.0,2025-04-10 21:01:19
2155,2156,SEC_0160,72.76,5108.0,2025-03-01 06:11:27
2156,2157,SEC_0227,31.06,4707.0,2025-06-09 03:46:46
2157,2158,SEC_0486,84.09,9413.0,2025-06-26 20:58:40
2158,2159,SEC_0269,38.66,2157.0,2025-03-26 16:46:52
2159,2160,SEC_0120,47.63,5980.0,2025-06-17 15:36:01
2160,2161,SEC_0381,59.54,7944.0,2025-03-17 23:04:08
2161,2162,SEC_0495,53.92,6043.0,2025-06-11 17:13:28
2162,2163,SEC_0089,69.18,,2025-04-13 07:57:10
2163,2164,SEC_0329,33.78,,2025-03-01 15:06:25
2164,2165,SEC_0068,67.91,1106.0,2025-02-07 18:52:36
2165,2166,SEC_0398,69.56,3770.0,2025-02-16 15:00:35
2166,2167,SEC_0357,74.35,2480.0,2025-05-25 12:00:17
2167,2168,SEC_0098,33.89,4732.0,2025-03-25 16:05:37
2168,2169,SEC_0267,35.14,3173.0,2025-03-30 14:37:29
2169,2170,SEC_0105,49.27,8186.0,2025-03-08 23:23:19
2170,2171,SEC_0440,36.3,7069.0,2025-05-17 08:31:16
2171,2172,SEC_0323,31.78,6558.0,2025-03-24 16:52:23
2172,2173,SEC_0123,48.64,3331.0,2025-03-25 06:58:41
2173,2174,SEC_0476,58.57,6023.0,2025-02-18 04:24:42
2174,2175,SEC_0029,126.43,2059.0,2025-05-09 17:35:38
2175,2176,SEC_0137,64.37,5691.0,2025-06-29 03:05:22
2176,2177,SEC_0195,92.36,5772.0,2025-04-25 19:46:50
2177,2178,SEC_0409,53.88,1871.0,2025-02-09 01:02:01
2178,2179,SEC_0226,64.58,,2025-01-30 21:30:47
2179,2180,SEC_0332,52.26,9338.0,2025-01-14 12:07:10
2180,2181,SEC_0170,122.11,3992.0,2025-04-02 03:55:51
2181,2182,SEC_0009,44.45,8317.0,2025-06-06 19:50:42
2182,2183,SEC_0463,46.29,8504.0,2025-02-24 00:24:32
2183,2184,SEC_0040,69.34,775.0,2025-03-12 16:56:22
2184,2185,SEC_0025,58.1,8886.0,2025-04-10 05:03:47
2185,2186,SEC_0261,48.07,5279.0,2025-05-26 19:09:54
2186,2187,SEC_0395,72.83,1377.0,2025-03-14 15:05:24
2187,2188,SEC_0443,53.93,5940.0,2025-04-17 04:16:43
2188,2189,SEC_0226,53.81,9182.0,2025-01-11 19:21:19
2189,2190,SEC_0472,58.51,2847.0,2025-03-16 11:57:41
2190,2191,SEC_0124,32.45,6818.0,2025-05-26 08:49:19
2191,2192,SEC_0463,33.85,7431.0,2025-04-28 12:57:01
2192,2193,SEC_0038,75.65,9945.0,2025-03-31 07:34:08
2193,2194,SEC_0328,44.56,1717.0,2025-02-19 21:23:39
2194,2195,SEC_0251,52.46,9819.0,2025-05-16 06:37:15
2195,2196,SEC_0389,88.56,6781.0,2025-05-28 01:17:03
2196,2197,SEC_0176,53.18,3332.0,2025-01-18 08:33:44
2197,2198,SEC_0090,51.26,9082.0,2025-05-05 13:39:01
2198,2199,SEC_0402,71.44,1379.0,2025-05-13 02:30:10
2199,2200,SEC_0454,45.63,4585.0,2025-04-22 18:59:44
2200,2201,SEC_0037,78.33,7382.0,2025-04-06 16:44:44
2201,2202,SEC_0316,71.0,4276.0,2025-03-05 06:03:04
2202,2203,SEC_0176,94.55,5539.0,2025-03-24 16:42:57
2203,2204,SEC_0461,44.38,9900.0,2025-06-13 00:25:33
2204,2205,SEC_0284,82.28,7311.0,2025-05-01 03:18:49
2205,2206,SEC_0453,64.47,232.0,2025-03-26 23:35:01
2206,2207,SEC_0461,36.69,9805.0,2025-01-28 20:59:23
2207,2208,SEC_0081,25.06,5423.0,2025-05-25 03:15:14
2208,2209,SEC_0114,42.97,4427.0,2025-03-09 07:28:42
2209,2210,SEC_0040,59.6,248.0,2025-04-25 03:18:29
2210,2211,SEC_0301,62.25,4379.0,2025-05-05 15:52:45
2211,2212,SEC_0224,53.64,3742.0,2025-04-16 23:20:31
2212,2213,SEC_0318,53.78,63.0,2025-04-17 13:49:05
2213,2214,SEC_0349,52.57,4224.0,2025-03-08 10:49:51
2214,2215,SEC_0115,74.39,1552.0,2025-05-15 18:26:31
2215,2216,SEC_0186,35.49,6307.0,2025-02-26 19:07:56
2216,2217,SEC_0323,59.17,3006.0,2025-04-05 00:48:00
2217,2218,SEC_0056,42.66,3323.0,2025-04-19 20:38:23
2218,2219,SEC_0040,41.6,7998.0,2025-03-19 00:06:37
2219,2220,SEC_0354,77.7,8487.0,2025-06-07 11:52:48
2220,2221,SEC_0040,40.65,883.0,2025-04-07 16:19:04
2221,2222,SEC_0347,52.36,394.0,2025-02-16 08:07:40
2222,2223,SEC_0461,98.25,2740.0,2025-05-22 11:54:52
2223,2224,SEC_0237,70.21,4168.0,2025-06-10 02:56:08
2224,2225,SEC_0289,47.63,4414.0,2025-01-27 18:48:37
2225,2226,SEC_0262,48.83,4691.0,2025-03-11 07:00:21
2226,2227,SEC_0216,37.78,4475.0,2025-04-14 03:07:36
2227,2228,SEC_0147,80.66,4232.0,2025-06-15 05:23:41
2228,2229,SEC_0336,73.95,2778.0,2025-06-26 19:27:32
2229,2230,SEC_0168,67.09,1402.0,2025-01-28 07:43:52
2230,2231,SEC_0092,69.34,8087.0,2025-05-02 20:44:36
2231,2232,SEC_0353,,906.0,2025-06-21 23:30:53
2232,2233,SEC_0059,34.32,530.0,2025-03-26 08:54:37
2233,2234,SEC_0059,64.6,8012.0,2025-02-21 23:28:03
2234,2235,SEC_0304,71.28,7079.0,2025-02-19 21:26:57
2235,2236,SEC_0169,88.42,4619.0,2025-05-14 11:40:49
2236,2237,SEC_0269,51.4,3722.0,2025-06-17 23:07:42
2237,2238,SEC_0363,49.2,8579.0,2025-01-23 00:15:56
2238,2239,SEC_0045,50.82,2622.0,2025-03-20 22:01:52
2239,2240,SEC_0345,66.77,6727.0,2025-03-31 02:10:49
2240,2241,SEC_0181,50.17,573.0,2025-04-22 11:38:53
2241,2242,SEC_0170,53.75,644.0,2025-05-11 05:33:51
2242,2243,SEC_0356,70.06,4072.0,2025-06-08 02:12:02
2243,2244,SEC_0191,45.25,8072.0,2025-05-18 04:03:28
2244,2245,SEC_0155,82.88,7014.0,2025-04-04 02:43:08
2245,2246,SEC_0422,66.02,9485.0,2025-04-25 15:32:05
2246,2247,SEC_0188,31.27,5606.0,2025-01-15 06:33:01
2247,2248,SEC_0007,46.78,5683.0,2025-01-27 20:35:54
2248,2249,SEC_0133,29.75,555.0,2025-04-19 16:25:42
2249,2250,SEC_0235,51.47,3394.0,2025-02-15 08:50:16
2250,2251,SEC_0045,47.02,9136.0,2025-03-08 01:45:17
2251,2252,SEC_0314,70.14,4569.0,2025-03-22 08:23:50
2252,2253,SEC_0249,41.92,9186.0,2025-02-06 14:52:19
2253,2254,SEC_0499,61.33,3460.0,2025-04-06 20:03:25
2254,2255,SEC_0031,64.76,1122.0,2025-05-13 23:13:23
2255,2256,SEC_0023,58.98,5531.0,2025-06-20 12:59:35
2256,2257,SEC_0426,76.86,5110.0,2025-02-21 02:07:47
2257,2258,SEC_0394,101.54,56.0,2025-01-23 10:20:00
2258,2259,SEC_0160,56.46,9949.0,2025-02-19 08:32:31
2259,2260,SEC_0363,61.65,8850.0,2025-03-18 19:46:32
2260,2261,SEC_0437,41.93,8452.0,2025-01-11 03:05:22
2261,2262,SEC_0158,40.21,4737.0,2025-02-28 17:43:57
2262,2263,SEC_0039,74.45,2610.0,2025-04-29 02:51:28
2263,2264,SEC_0415,71.55,3910.0,2025-04-07 05:10:16
2264,2265,SEC_0082,40.09,404.0,2025-02-05 20:48:26
2265,2266,SEC_0356,36.88,795.0,2025-01-11 09:30:02
2266,2267,SEC_0258,44.94,1562.0,2025-06-18 06:12:46
2267,2268,SEC_0206,52.33,9376.0,2025-06-05 02:59:56
2268,2269,SEC_0077,48.29,7424.0,2025-06-28 01:06:33
2269,2270,SEC_0477,57.29,6796.0,2025-06-21 09:21:17
2270,2271,SEC_0012,71.89,5493.0,2025-06-04 07:08:41
2271,2272,SEC_0295,62.72,9945.0,2025-05-14 02:32:15
2272,2273,SEC_0450,64.13,5000.0,2025-01-15 17:44:31
2273,2274,SEC_0224,,6199.0,2025-03-02 18:43:32
2274,2275,SEC_0013,33.64,5198.0,2025-02-15 15:50:51
2275,2276,SEC_0046,42.99,3563.0,2025-06-17 14:32:46
2276,2277,SEC_0155,45.18,1695.0,2025-02-09 19:56:13
2277,2278,SEC_0113,70.24,856.0,2025-06-29 00:39:52
2278,2279,SEC_0233,41.94,9488.0,2025-03-11 23:01:06
2279,2280,SEC_0017,,4756.0,2025-06-25 22:14:13
2280,2281,SEC_0360,43.14,3622.0,2025-03-03 13:39:22
2281,2282,SEC_0223,38.08,4207.0,2025-02-01 00:25:15
2282,2283,SEC_0354,38.62,1039.0,2025-04-03 23:19:55
2283,2284,SEC_0188,-107.5,4597.0,2025-01-19 04:27:34
2284,2285,SEC_0448,42.85,4514.0,2025-01-12 21:17:15
2285,2286,SEC_0344,67.17,4371.0,2025-02-24 22:18:01
2286,2287,SEC_0365,34.21,7662.0,2025-04-16 07:40:47
2287,2288,SEC_0163,83.57,5317.0,2025-01-30 02:11:17
2288,2289,SEC_0496,60.63,3448.0,2025-03-02 09:00:15
2289,2290,SEC_0326,59.28,5851.0,2025-04-05 13:25:03
2290,2291,SEC_0467,61.82,,2025-04-06 20:32:31
2291,2292,SEC_0414,63.89,3433.0,2025-05-24 13:35:07
2292,2293,SEC_0455,69.6,7117.0,2025-04-17 07:27:01
2293,2294,SEC_0074,45.62,5230.0,2025-01-17 07:22:52
2294,2295,SEC_0233,44.82,2242.0,2025-03-11 01:54:46
2295,2296,SEC_0224,55.41,7819.0,2025-03-11 12:07:03
2296,2297,SEC_0482,,6999.0,2025-03-30 07:36:11
2297,2298,SEC_0319,53.52,4895.0,2025-02-01 06:07:56
2298,2299,SEC_0412,68.87,6445.0,2025-06-12 17:15:13
2299,2300,SEC_0060,,3016.0,2025-03-06 02:56:22
2300,2301,SEC_0335,51.16,6816.0,2025-02-19 07:40:24
2301,2302,SEC_0222,32.33,4865.0,2025-02-05 02:33:16
2302,2303,SEC_0037,46.94,9677.0,2025-06-27 06:23:12
2303,2304,SEC_0477,92.1,4235.0,2025-06-06 07:20:12
2304,2305,SEC_0278,60.46,4957.0,2025-06-18 09:46:23
2305,2306,SEC_0196,45.07,2340.0,2025-05-31 20:11:42
2306,2307,SEC_0404,58.86,8527.0,2025-03-20 18:13:15
2307,2308,SEC_0352,-66.89,6843.0,2025-04-06 10:32:32
2308,2309,SEC_0484,-45.07,1859.0,2025-04-07 22:29:26
2309,2310,SEC_0242,79.09,1208.0,2025-04-26 11:42:04
2310,2311,SEC_0324,63.35,925.0,2025-02-01 08:01:17
2311,2312,SEC_0219,39.25,2946.0,2025-01-16 06:47:16
2312,2313,SEC_0192,70.59,5382.0,2025-01-11 17:16:13
2313,2314,SEC_0017,48.28,5430.0,2025-02-20 20:53:03
2314,2315,SEC_0012,51.74,4440.0,2025-06-05 07:25:34
2315,2316,SEC_0406,40.25,7592.0,2025-03-02 02:22:52
2316,2317,SEC_0401,65.99,5893.0,2025-06-20 19:57:36
2317,2318,SEC_0394,52.21,5946.0,2025-02-15 01:03:29
2318,2319,SEC_0374,66.83,7692.0,2025-02-17 07:10:18
2319,2320,SEC_0193,46.28,4028.0,2025-01-10 09:09:44
2320,2321,SEC_0022,44.72,4296.0,2025-04-07 14:08:59
2321,2322,SEC_0474,43.64,7480.0,2025-02-17 22:25:47
2322,2323,SEC_0120,61.49,4662.0,2025-06-18 13:23:46
2323,2324,SEC_0210,44.52,2399.0,2025-04-16 00:16:08
2324,2325,SEC_0306,51.37,28.0,2025-06-26 07:12:05
2325,2326,SEC_0270,46.73,1899.0,2025-01-02 06:50:36
2326,2327,SEC_0192,62.3,7301.0,2025-04-20 15:57:25
2327,2328,SEC_0175,32.44,2428.0,2025-02-01 22:22:30
2328,2329,SEC_0285,58.8,1626.0,2025-02-02 00:07:21
2329,2330,SEC_0204,91.78,2037.0,2025-05-08 00:19:38
2330,2331,SEC_0164,79.11,9503.0,2025-03-31 19:27:35
2331,2332,SEC_0251,-45.38,3356.0,2025-04-04 15:21:30
2332,2333,SEC_0227,63.33,7047.0,2025-04-15 04:16:30
2333,2334,SEC_0436,59.75,3721.0,2025-05-18 14:09:06
2334,2335,SEC_0381,84.84,4903.0,2025-01-19 16:46:15
2335,2336,SEC_0460,25.71,5237.0,2025-03-04 03:29:18
2336,2337,SEC_0007,76.24,8281.0,2025-03-31 01:26:13
2337,2338,SEC_0029,50.39,8314.0,2025-04-25 18:56:05
2338,2339,SEC_0395,43.69,4962.0,2025-02-06 06:11:22
2339,2340,SEC_0033,43.31,33.0,2025-01-26 10:29:49
2340,2341,SEC_0134,36.97,4699.0,2025-01-20 09:25:54
2341,2342,SEC_0367,45.41,8888.0,2025-03-15 17:20:47
2342,2343,SEC_0079,39.49,3842.0,2025-04-22 09:21:46
2343,2344,SEC_0416,-57.63,8717.0,2025-06-29 22:59:08
2344,2345,SEC_0435,65.17,5445.0,2025-02-20 22:01:11
2345,2346,SEC_0459,50.55,6178.0,2025-02-08 02:09:32
2346,2347,SEC_0058,85.62,8439.0,2025-03-08 00:46:14
2347,2348,SEC_0471,46.32,3927.0,2025-05-21 23:06:38
2348,2349,SEC_0026,49.77,2960.0,2025-04-09 18:53:29
2349,2350,SEC_0482,47.38,2228.0,2025-04-18 01:03:50
2350,2351,SEC_0430,65.34,1394.0,2025-06-08 23:45:06
2351,2352,SEC_0226,-67.35,2024.0,2025-04-02 11:43:21
2352,2353,SEC_0285,63.35,6065.0,2025-06-23 19:06:53
2353,2354,SEC_0004,52.6,7563.0,2025-04-30 05:10:42
2354,2355,SEC_0465,36.52,6640.0,2025-06-13 02:15:48
2355,2356,SEC_0099,49.61,2479.0,2025-05-09 02:31:23
2356,2357,SEC_0397,85.07,7375.0,2025-04-06 01:25:40
2357,2358,SEC_0489,73.99,7930.0,2025-05-31 23:01:28
2358,2359,SEC_0039,59.63,4460.0,2025-03-24 01:39:24
2359,2360,SEC_0271,48.65,6454.0,2025-04-29 23:38:16
2360,2361,SEC_0375,54.38,9174.0,2025-02-11 03:14:01
2361,2362,SEC_0285,48.72,8419.0,2025-03-23 06:18:28
2362,2363,SEC_0157,78.09,1267.0,2025-04-15 17:00:27
2363,2364,SEC_0075,42.45,2058.0,2025-02-21 20:48:45
2364,2365,SEC_0372,72.03,7997.0,2025-01-23 22:11:48
2365,2366,SEC_0288,46.58,2942.0,2025-03-12 16:30:29
2366,2367,SEC_0130,81.15,157.0,2025-06-03 07:36:12
2367,2368,SEC_0175,62.06,6999.0,2025-04-26 07:44:44
2368,2369,SEC_0462,43.61,761.0,2025-06-11 23:23:03
2369,2370,SEC_0084,49.76,8966.0,2025-03-24 23:52:05
2370,2371,SEC_0022,67.59,6408.0,2025-04-16 14:15:09
2371,2372,SEC_0459,47.01,9745.0,2025-04-30 21:13:46
2372,2373,SEC_0027,54.96,6732.0,2025-01-28 23:53:00
2373,2374,SEC_0195,46.81,958.0,2025-05-11 12:46:36
2374,2375,SEC_0337,92.55,254.0,2025-02-04 18:51:43
2375,2376,SEC_0382,97.45,7886.0,2025-02-13 02:21:31
2376,2377,SEC_0236,84.68,1570.0,2025-01-17 06:26:05
2377,2378,SEC_0440,52.6,7494.0,2025-05-23 13:58:07
2378,2379,SEC_0092,48.38,7506.0,2025-01-08 01:27:01
2379,2380,SEC_0477,43.22,6884.0,2025-02-18 16:31:36
2380,2381,SEC_0021,86.55,5007.0,2025-01-10 23:33:36
2381,2382,SEC_0303,72.18,9000.0,2025-05-10 04:19:09
2382,2383,SEC_0464,73.23,5769.0,2025-02-06 08:23:15
2383,2384,SEC_0357,50.65,4917.0,2025-01-19 23:02:07
2384,2385,SEC_0443,32.22,9974.0,2025-03-21 04:47:21
2385,2386,SEC_0084,34.52,9414.0,2025-01-18 09:51:56
2386,2387,SEC_0262,55.55,7542.0,2025-06-21 02:03:05
2387,2388,SEC_0147,46.67,6708.0,2025-01-08 18:35:55
2388,2389,SEC_0441,45.09,3201.0,2025-06-18 15:46:25
2389,2390,SEC_0453,60.55,6558.0,2025-02-07 03:03:36
2390,2391,SEC_0387,74.0,,2025-03-06 10:00:34
2391,2392,SEC_0257,44.24,9072.0,2025-01-21 16:56:41
2392,2393,SEC_0058,36.9,-5089.0,2025-01-28 12:09:14
2393,2394,SEC_0380,44.56,1.0,2025-03-05 06:28:17
2394,2395,SEC_0422,39.92,,2025-03-28 13:20:07
2395,2396,SEC_0015,65.23,2064.0,2025-02-03 04:41:23
2396,2397,SEC_0162,54.53,8304.0,2025-01-24 13:37:46
2397,2398,SEC_0445,95.98,1126.0,2025-05-23 17:49:05
2398,2399,SEC_0163,68.06,2642.0,2025-04-12 06:01:10
2399,2400,SEC_0320,94.08,,2025-05-29 13:39:42
2400,2401,SEC_0497,35.83,6102.0,2025-03-14 07:51:41
2401,2402,SEC_0281,20.58,1635.0,2025-03-02 22:25:03
2402,2403,SEC_0280,58.73,8863.0,2025-04-22 15:59:34
2403,2404,SEC_0012,56.65,3112.0,2025-05-15 17:14:08
2404,2405,SEC_0274,52.62,1691.0,2025-05-27 13:08:44
2405,2406,SEC_0271,56.19,7716.0,2025-06-01 01:23:55
2406,2407,SEC_0492,-38.97,6641.0,2025-01-07 04:57:31
2407,2408,SEC_0208,64.65,3958.0,2025-04-25 01:35:28
2408,2409,SEC_0027,68.09,9157.0,2025-03-06 22:44:50
2409,2410,SEC_0072,38.09,281.0,2025-02-28 13:52:01
2410,2411,SEC_0060,49.1,4447.0,2025-01-23 07:10:26
2411,2412,SEC_0430,50.02,2809.0,2025-05-10 17:55:43
2412,2413,SEC_0473,44.65,5403.0,2025-01-03 23:20:03
2413,2414,SEC_0145,38.54,1965.0,2025-06-02 18:29:01
2414,2415,SEC_0093,54.8,823.0,2025-04-29 10:40:54
2415,2416,SEC_0309,59.04,9630.0,2025-04-24 11:39:29
2416,2417,SEC_0008,45.47,2062.0,2025-03-06 21:35:58
2417,2418,SEC_0079,39.36,5176.0,2025-03-02 09:20:04
2418,2419,SEC_0027,61.75,3866.0,2025-01-10 03:24:30
2419,2420,SEC_0174,43.37,4295.0,2025-01-19 14:40:15
2420,2421,SEC_0050,49.76,9657.0,2025-06-18 19:25:27
2421,2422,SEC_0500,47.9,78.0,2025-03-23 23:47:35
2422,2423,SEC_0199,79.34,2160.0,2025-01-07 05:17:40
2423,2424,SEC_0387,43.97,3188.0,2025-02-14 14:06:31
2424,2425,SEC_0349,91.62,9358.0,2025-05-12 15:26:19
2425,2426,SEC_0448,68.42,7136.0,2025-06-28 10:45:17
2426,2427,SEC_0428,94.28,790.0,2025-04-22 02:16:56
2427,2428,SEC_0181,66.65,1564.0,2025-06-14 14:34:46
2428,2429,SEC_0024,51.1,1323.0,2025-05-07 14:48:05
2429,2430,SEC_0316,41.46,6674.0,2025-04-07 07:56:54
2430,2431,SEC_0378,49.08,1503.0,2025-06-20 22:30:14
2431,2432,SEC_0387,85.3,7117.0,2025-06-14 20:07:14
2432,2433,SEC_0404,53.82,9684.0,2025-01-04 13:59:49
2433,2434,SEC_0046,66.57,1660.0,2025-06-14 21:08:37
2434,2435,SEC_0015,58.1,9508.0,2025-03-28 18:52:40
2435,2436,SEC_0153,58.84,3063.0,2025-02-05 21:32:16
2436,2437,SEC_0222,59.53,8317.0,2025-04-13 19:19:08
2437,2438,SEC_0206,63.35,3063.0,2025-03-30 09:13:03
2438,2439,SEC_0455,42.77,8711.0,2025-06-03 02:28:54
2439,2440,SEC_0273,50.28,2071.0,2025-01-11 14:20:15
2440,2441,SEC_0382,59.91,4258.0,2025-02-16 17:38:08
2441,2442,SEC_0236,57.34,2554.0,2025-06-19 06:03:53
2442,2443,SEC_0340,47.54,1045.0,2025-04-24 11:25:32
2443,2444,SEC_0228,61.87,9980.0,2025-04-22 18:21:55
2444,2445,SEC_0009,43.32,5958.0,2025-05-15 03:02:52
2445,2446,SEC_0166,37.83,4579.0,2025-04-17 15:15:18
2446,2447,SEC_0432,-59.65,5622.0,2025-02-22 11:12:37
2447,2448,SEC_0444,-38.11,1967.0,2025-02-13 18:04:36
2448,2449,SEC_0319,59.38,4970.0,2025-02-24 00:09:46
2449,2450,SEC_0214,30.37,2251.0,2025-01-28 20:30:46
2450,2451,SEC_0117,43.93,8334.0,2025-02-08 05:42:32
2451,2452,SEC_0386,49.49,9196.0,2025-03-13 05:33:17
2452,2453,SEC_0344,-33.72,2015.0,2025-03-10 04:22:45
2453,2454,SEC_0072,48.82,4625.0,2025-01-10 05:29:29
2454,2455,SEC_0395,-77.91,3609.0,2025-03-25 22:04:22
2455,2456,SEC_0064,37.3,6720.0,2025-06-02 03:51:36
2456,2457,SEC_0205,49.22,9161.0,2025-05-01 20:12:38
2457,2458,SEC_0209,90.99,3926.0,2025-01-14 11:49:57
2458,2459,SEC_0072,39.7,5869.0,2025-06-17 03:35:14
2459,2460,SEC_0277,83.03,805.0,2025-04-09 12:48:45
2460,2461,SEC_0274,50.21,1335.0,2025-04-04 05:15:12
2461,2462,SEC_0478,56.29,668.0,2025-06-15 15:30:33
2462,2463,SEC_0320,80.43,385.0,2025-04-17 10:00:31
2463,2464,SEC_0338,47.2,9801.0,2025-04-19 08:56:47
2464,2465,SEC_0366,65.98,3255.0,2025-01-13 23:23:02
2465,2466,SEC_0495,71.19,3441.0,2025-02-16 12:26:54
2466,2467,SEC_0095,44.91,2749.0,2025-05-20 05:41:38
2467,2468,SEC_0166,43.45,13.0,2025-06-29 06:21:29
2468,2469,SEC_0032,50.98,7727.0,2025-02-09 22:28:31
2469,2470,SEC_0011,51.46,5404.0,2025-06-29 08:30:16
2470,2471,SEC_0301,39.5,7455.0,2025-03-04 07:30:58
2471,2472,SEC_0217,45.04,6152.0,2025-06-26 17:09:32
2472,2473,SEC_0289,19.3,6231.0,2025-04-17 22:11:18
2473,2474,SEC_0102,49.39,101.0,2025-05-01 10:36:17
2474,2475,SEC_0425,71.4,4979.0,2025-04-04 15:50:17
2475,2476,SEC_0392,33.12,9505.0,2025-06-19 08:05:33
2476,2477,SEC_0267,47.52,6535.0,2025-06-18 09:02:14
2477,2478,SEC_0214,113.6,4705.0,2025-05-15 17:32:06
2478,2479,SEC_0179,54.23,-450.0,2025-01-10 23:49:36
2479,2480,SEC_0088,82.03,3168.0,2025-02-10 12:29:00
2480,2481,SEC_0041,40.3,5381.0,2025-01-31 09:03:53
2481,2482,SEC_0401,62.47,8313.0,2025-03-24 09:27:54
2482,2483,SEC_0076,38.3,3857.0,2025-03-26 03:17:21
2483,2484,SEC_0377,61.58,1076.0,2025-03-14 21:04:36
2484,2485,SEC_0046,70.29,4414.0,2025-02-26 08:30:21
2485,2486,SEC_0160,65.46,-702.0,2025-06-20 08:42:43
2486,2487,SEC_0463,49.23,3349.0,2025-03-27 14:53:45
2487,2488,SEC_0080,59.29,8186.0,2025-06-27 11:52:45
2488,2489,SEC_0310,59.46,6837.0,2025-05-12 09:59:38
2489,2490,SEC_0086,66.67,8213.0,2025-05-24 19:53:11
2490,2491,SEC_0092,52.61,5835.0,2025-02-24 20:28:06
2491,2492,SEC_0148,72.19,2250.0,2025-05-02 02:01:12
2492,2493,SEC_0161,83.96,3223.0,2025-02-22 19:37:19
2493,2494,SEC_0202,49.63,4992.0,2025-02-09 11:22:42
2494,2495,SEC_0424,55.36,9375.0,2025-02-19 20:47:37
2495,2496,SEC_0416,41.62,,2025-02-22 02:25:04
2496,2497,SEC_0242,60.47,2552.0,2025-05-13 16:21:28
2497,2498,SEC_0353,60.58,8258.0,2025-02-15 09:22:55
2498,2499,SEC_0002,55.56,8103.0,2025-03-25 16:24:40
2499,2500,SEC_0225,56.83,8664.0,2025-03-09 12:52:11
2500,2501,SEC_0289,97.18,2215.0,2025-01-11 21:55:23
2501,2502,SEC_0233,22.97,8535.0,2025-02-12 22:47:28
2502,2503,SEC_0461,47.04,718.0,2025-02-14 09:51:11
2503,2504,SEC_0414,49.25,2461.0,2025-01-13 09:29:01
2504,2505,SEC_0417,84.53,3256.0,2025-02-04 22:29:27
2505,2506,SEC_0077,62.97,5791.0,2025-05-23 01:54:53
2506,2507,SEC_0116,63.43,5335.0,2025-01-02 08:30:37
2507,2508,SEC_0154,79.68,6831.0,2025-05-13 14:45:52
2508,2509,SEC_0406,-51.73,7755.0,2025-03-24 05:25:57
2509,2510,SEC_0103,66.4,6941.0,2025-03-23 18:19:20
2510,2511,SEC_0194,46.56,3633.0,2025-03-12 20:44:34
2511,2512,SEC_0166,39.81,9248.0,2025-06-04 16:55:49
2512,2513,SEC_0359,93.53,15.0,2025-05-24 12:56:47
2513,2514,SEC_0090,60.99,8209.0,2025-01-04 12:51:30
2514,2515,SEC_0174,66.25,9972.0,2025-03-21 21:34:02
2515,2516,SEC_0122,39.49,1950.0,2025-04-07 22:05:49
2516,2517,SEC_0498,63.63,8273.0,2025-03-25 01:45:46
2517,2518,SEC_0143,93.08,6800.0,2025-05-25 07:45:17
2518,2519,SEC_0482,50.24,6580.0,2025-02-19 05:51:34
2519,2520,SEC_0106,37.46,3080.0,2025-05-24 14:05:46
2520,2521,SEC_0375,57.7,8128.0,2025-01-18 11:27:21
2521,2522,SEC_0428,40.01,9211.0,2025-04-08 19:34:03
2522,2523,SEC_0305,34.21,8972.0,2025-05-12 07:45:23
2523,2524,SEC_0360,43.8,1825.0,2025-02-16 10:17:55
2524,2525,SEC_0459,47.1,6330.0,2025-02-07 03:31:02
2525,2526,SEC_0317,40.6,3865.0,2025-03-21 00:38:28
2526,2527,SEC_0451,81.28,2514.0,2025-05-15 02:45:20
2527,2528,SEC_0123,96.24,6711.0,2025-05-07 16:34:18
2528,2529,SEC_0390,65.72,8517.0,2025-03-13 17:02:38
2529,2530,SEC_0009,61.27,3491.0,2025-05-26 11:29:13
2530,2531,SEC_0262,52.32,,2025-05-27 16:47:56
2531,2532,SEC_0073,41.72,6126.0,2025-03-14 11:41:34
2532,2533,SEC_0359,88.31,8080.0,2025-03-29 12:33:48
2533,2534,SEC_0223,53.58,4889.0,2025-02-07 14:03:26
2534,2535,SEC_0416,47.52,2705.0,2025-01-23 07:00:49
2535,2536,SEC_0041,74.03,9387.0,2025-02-19 10:56:53
2536,2537,SEC_0370,53.41,6261.0,2025-06-25 13:11:07
2537,2538,SEC_0204,73.2,9097.0,2025-06-28 03:36:56
2538,2539,SEC_0264,48.28,4598.0,2025-01-30 02:14:46
2539,2540,SEC_0328,74.09,2905.0,2025-06-15 12:37:55
2540,2541,SEC_0178,73.25,1124.0,2025-01-29 03:15:10
2541,2542,SEC_0348,81.24,6936.0,2025-05-07 07:57:47
2542,2543,SEC_0318,44.13,4317.0,2025-06-29 00:07:39
2543,2544,SEC_0084,53.25,2271.0,2025-02-08 18:45:02
2544,2545,SEC_0318,97.94,2725.0,2025-06-06 17:11:29
2545,2546,SEC_0111,50.71,8122.0,2025-06-23 03:32:35
2546,2547,SEC_0251,69.64,7672.0,2025-01-21 19:09:03
2547,2548,SEC_0383,-108.55,2259.0,2025-06-27 14:24:13
2548,2549,SEC_0007,31.35,3863.0,2025-02-18 06:03:45
2549,2550,SEC_0459,50.21,9123.0,2025-04-04 11:40:32
2550,2551,SEC_0084,54.63,3647.0,2025-06-16 09:31:59
2551,2552,SEC_0208,31.83,7026.0,2025-05-18 21:29:39
2552,2553,SEC_0388,47.62,1272.0,2025-03-12 13:35:38
2553,2554,SEC_0390,40.8,8990.0,2025-02-28 07:35:40
2554,2555,SEC_0314,70.62,3464.0,2025-01-06 02:37:25
2555,2556,SEC_0022,32.47,,2025-06-20 00:50:08
2556,2557,SEC_0410,96.24,4942.0,2025-01-24 02:57:12
2557,2558,SEC_0383,67.15,898.0,2025-03-30 08:51:32
2558,2559,SEC_0003,39.8,8245.0,2025-02-21 19:41:05
2559,2560,SEC_0127,74.29,606.0,2025-06-07 13:27:59
2560,2561,SEC_0297,65.31,3678.0,2025-06-22 22:55:41
2561,2562,SEC_0188,53.97,4548.0,2025-03-08 13:32:17
2562,2563,SEC_0362,43.97,8653.0,2025-01-20 10:47:47
2563,2564,SEC_0014,64.35,775.0,2025-01-17 14:56:42
2564,2565,SEC_0459,56.65,5257.0,2025-01-05 09:15:45
2565,2566,SEC_0466,44.4,5492.0,2025-05-13 15:19:31
2566,2567,SEC_0012,36.49,4031.0,2025-03-16 15:59:58
2567,2568,SEC_0087,42.3,5157.0,2025-03-29 02:37:46
2568,2569,SEC_0012,46.95,5774.0,2025-03-25 23:44:44
2569,2570,SEC_0397,77.38,7176.0,2025-06-23 13:17:25
2570,2571,SEC_0025,70.68,3519.0,2025-05-16 10:23:02
2571,2572,SEC_0301,47.7,6776.0,2025-06-21 10:30:45
2572,2573,SEC_0243,48.26,7607.0,2025-06-26 07:25:07
2573,2574,SEC_0122,73.51,5379.0,2025-01-14 09:24:09
2574,2575,SEC_0147,59.16,6674.0,2025-03-18 03:20:02
2575,2576,SEC_0055,58.91,6445.0,2025-01-07 19:37:39
2576,2577,SEC_0238,-44.21,8677.0,2025-01-04 13:00:43
2577,2578,SEC_0356,52.61,9380.0,2025-04-10 02:14:12
2578,2579,SEC_0173,54.67,3728.0,2025-03-11 01:28:02
2579,2580,SEC_0392,53.12,3997.0,2025-01-27 05:08:48
2580,2581,SEC_0221,68.05,6382.0,2025-02-03 02:56:50
2581,2582,SEC_0119,68.69,9902.0,2025-02-04 05:52:58
2582,2583,SEC_0309,41.44,6813.0,2025-02-05 20:08:52
2583,2584,SEC_0183,46.99,1990.0,2025-05-29 00:13:01
2584,2585,SEC_0288,,4346.0,2025-05-18 03:30:38
2585,2586,SEC_0307,82.81,8175.0,2025-06-17 21:33:09
2586,2587,SEC_0300,107.34,2715.0,2025-04-08 13:58:19
2587,2588,SEC_0082,47.51,7047.0,2025-03-08 20:21:03
2588,2589,SEC_0454,51.93,-4187.0,2025-01-19 23:00:45
2589,2590,SEC_0402,70.29,339.0,2025-06-01 16:06:52
2590,2591,SEC_0211,44.16,9854.0,2025-03-23 12:50:43
2591,2592,SEC_0150,70.77,5969.0,2025-03-22 23:02:08
2592,2593,SEC_0037,54.26,7685.0,2025-06-17 00:36:57
2593,2594,SEC_0352,32.36,6722.0,2025-03-31 18:06:20
2594,2595,SEC_0312,36.96,8362.0,2025-03-28 19:56:54
2595,2596,SEC_0361,49.34,6506.0,2025-06-28 01:19:27
2596,2597,SEC_0059,78.8,6388.0,2025-05-25 17:02:04
2597,2598,SEC_0131,41.77,8011.0,2025-03-08 14:00:24
2598,2599,SEC_0412,46.51,,2025-02-12 22:45:18
2599,2600,SEC_0202,58.17,3013.0,2025-06-13 01:04:12
2600,2601,SEC_0243,33.09,7485.0,2025-06-18 08:13:41
2601,2602,SEC_0035,59.71,2611.0,2025-04-28 02:21:01
2602,2603,SEC_0445,34.36,-2474.0,2025-03-24 13:37:09
2603,2604,SEC_0093,64.73,5256.0,2025-06-12 00:15:11
2604,2605,SEC_0438,42.84,2689.0,2025-01-26 12:20:56
2605,2606,SEC_0447,41.16,4805.0,2025-05-18 11:49:07
2606,2607,SEC_0207,59.25,1291.0,2025-05-13 16:35:59
2607,2608,SEC_0353,69.28,8299.0,2025-03-22 08:20:36
2608,2609,SEC_0391,61.12,2608.0,2025-06-14 08:10:28
2609,2610,SEC_0332,58.11,8079.0,2025-02-16 02:07:57
2610,2611,SEC_0305,58.35,1689.0,2025-01-02 06:23:39
2611,2612,SEC_0350,61.23,6512.0,2025-05-17 05:41:24
2612,2613,SEC_0213,62.45,8198.0,2025-02-15 18:12:39
2613,2614,SEC_0159,48.51,8715.0,2025-01-17 05:22:50
2614,2615,SEC_0442,66.44,6673.0,2025-06-07 19:13:04
2615,2616,SEC_0445,42.97,3344.0,2025-02-18 21:41:29
2616,2617,SEC_0024,75.75,66.0,2025-03-14 06:57:46
2617,2618,SEC_0404,69.04,3411.0,2025-03-28 07:06:22
2618,2619,SEC_0293,-105.03,2982.0,2025-02-01 13:15:37
2619,2620,SEC_0004,63.7,5589.0,2025-04-06 19:42:50
2620,2621,SEC_0220,71.72,2816.0,2025-02-25 01:19:30
2621,2622,SEC_0364,34.19,5097.0,2025-05-23 23:41:18
2622,2623,SEC_0382,72.42,2018.0,2025-04-08 23:23:35
2623,2624,SEC_0020,77.71,,2025-05-25 06:33:50
2624,2625,SEC_0444,85.75,1743.0,2025-05-03 06:00:42
2625,2626,SEC_0152,56.61,5721.0,2025-02-07 19:31:20
2626,2627,SEC_0050,49.28,3510.0,2025-05-02 22:12:17
2627,2628,SEC_0177,39.38,6387.0,2025-01-02 00:54:03
2628,2629,SEC_0435,40.47,3535.0,2025-05-26 13:47:31
2629,2630,SEC_0096,54.18,5137.0,2025-01-31 22:36:13
2630,2631,SEC_0105,32.28,5586.0,2025-06-25 17:46:55
2631,2632,SEC_0420,43.36,8555.0,2025-01-22 10:01:27
2632,2633,SEC_0250,56.08,7159.0,2025-02-10 07:56:31
2633,2634,SEC_0117,55.71,1635.0,2025-02-10 10:06:44
2634,2635,SEC_0354,40.82,525.0,2025-05-07 05:46:40
2635,2636,SEC_0228,37.71,4927.0,2025-01-15 05:39:59
2636,2637,SEC_0066,39.43,1723.0,2025-05-01 17:22:13
2637,2638,SEC_0335,51.1,8612.0,2025-01-14 20:10:21
2638,2639,SEC_0418,103.43,6930.0,2025-02-16 09:29:28
2639,2640,SEC_0420,75.05,6158.0,2025-03-27 09:57:12
2640,2641,SEC_0262,58.22,3865.0,2025-03-14 10:17:46
2641,2642,SEC_0295,64.47,1068.0,2025-02-14 07:28:32
2642,2643,SEC_0426,74.05,9593.0,2025-06-03 11:36:19
2643,2644,SEC_0243,66.87,6439.0,2025-03-20 04:21:36
2644,2645,SEC_0371,49.78,1420.0,2025-03-12 23:26:42
2645,2646,SEC_0186,42.37,7272.0,2025-04-09 15:36:01
2646,2647,SEC_0246,52.58,4003.0,2025-06-06 12:07:09
2647,2648,SEC_0125,73.79,630.0,2025-06-04 23:13:43
2648,2649,SEC_0268,50.34,1835.0,2025-01-24 23:54:00
2649,2650,SEC_0131,39.2,5319.0,2025-06-04 19:23:42
2650,2651,SEC_0237,32.56,5001.0,2025-02-19 20:47:50
2651,2652,SEC_0018,52.65,4132.0,2025-06-29 12:52:37
2652,2653,SEC_0040,40.14,6730.0,2025-01-18 23:29:29
2653,2654,SEC_0021,47.9,2354.0,2025-05-12 14:04:44
2654,2655,SEC_0399,84.51,3056.0,2025-01-07 16:10:02
2655,2656,SEC_0225,53.72,8204.0,2025-05-26 23:00:53
2656,2657,SEC_0355,43.59,9624.0,2025-04-06 14:09:12
2657,2658,SEC_0282,59.9,3158.0,2025-05-04 20:44:20
2658,2659,SEC_0008,97.15,6083.0,2025-05-29 13:56:20
2659,2660,SEC_0100,52.66,5864.0,2025-03-04 11:49:37
2660,2661,SEC_0240,26.93,9627.0,2025-03-11 16:25:57
2661,2662,SEC_0478,66.36,957.0,2025-01-20 15:34:05
2662,2663,SEC_0087,60.58,3859.0,2025-06-01 08:02:19
2663,2664,SEC_0298,56.09,4809.0,2025-02-14 02:13:15
2664,2665,SEC_0428,51.12,6139.0,2025-05-22 18:51:23
2665,2666,SEC_0014,42.85,8433.0,2025-06-12 05:18:13
2666,2667,SEC_0334,86.01,7885.0,2025-04-17 08:23:33
2667,2668,SEC_0002,31.45,7042.0,2025-02-20 17:50:27
2668,2669,SEC_0375,49.76,1956.0,2025-04-09 22:32:58
2669,2670,SEC_0293,49.42,4992.0,2025-06-06 17:54:54
2670,2671,SEC_0325,70.53,4066.0,2025-03-30 16:47:50
2671,2672,SEC_0422,79.1,2804.0,2025-04-08 07:15:26
2672,2673,SEC_0493,51.01,1025.0,2025-02-02 07:20:31
2673,2674,SEC_0041,57.85,8793.0,2025-02-22 16:42:56
2674,2675,SEC_0318,59.35,2330.0,2025-06-28 17:12:34
2675,2676,SEC_0316,74.89,2699.0,2025-06-08 15:30:17
2676,2677,SEC_0381,74.43,4695.0,2025-01-01 10:51:42
2677,2678,SEC_0111,46.45,3027.0,2025-05-26 20:31:58
2678,2679,SEC_0014,62.26,7848.0,2025-03-11 21:19:20
2679,2680,SEC_0231,61.25,9335.0,2025-06-24 17:07:09
2680,2681,SEC_0473,52.73,1012.0,2025-05-04 18:07:16
2681,2682,SEC_0084,61.08,7044.0,2025-01-13 08:14:45
2682,2683,SEC_0130,54.93,5625.0,2025-02-17 09:22:47
2683,2684,SEC_0231,57.25,9296.0,2025-03-27 08:23:36
2684,2685,SEC_0326,-36.35,9839.0,2025-01-06 06:07:19
2685,2686,SEC_0145,41.46,1701.0,2025-05-06 02:31:59
2686,2687,SEC_0379,69.78,219.0,2025-01-03 07:06:42
2687,2688,SEC_0345,37.97,8079.0,2025-01-14 23:21:29
2688,2689,SEC_0028,62.87,8919.0,2025-04-24 01:13:04
2689,2690,SEC_0066,53.28,7153.0,2025-06-19 23:41:30
2690,2691,SEC_0163,74.38,5827.0,2025-01-29 09:33:32
2691,2692,SEC_0229,66.33,5586.0,2025-03-12 05:47:55
2692,2693,SEC_0261,47.66,8059.0,2025-03-27 13:34:20
2693,2694,SEC_0449,51.06,812.0,2025-01-08 06:21:08
2694,2695,SEC_0424,30.09,5457.0,2025-05-15 19:35:02
2695,2696,SEC_0460,52.5,7678.0,2025-06-26 01:12:01
2696,2697,SEC_0440,,4910.0,2025-01-31 19:39:12
2697,2698,SEC_0164,51.13,4710.0,2025-04-12 09:27:59
2698,2699,SEC_0301,45.09,4522.0,2025-02-09 04:12:03
2699,2700,SEC_0407,41.97,9776.0,2025-02-20 03:06:42
2700,2701,SEC_0303,77.97,4038.0,2025-02-01 20:23:31
2701,2702,SEC_0287,37.23,9075.0,2025-03-25 11:05:52
2702,2703,SEC_0395,40.9,8012.0,2025-05-25 01:03:45
2703,2704,SEC_0010,44.28,432.0,2025-02-11 04:34:24
2704,2705,SEC_0195,47.26,8176.0,2025-04-21 12:58:58
2705,2706,SEC_0118,,9140.0,2025-05-26 22:23:24
2706,2707,SEC_0270,49.02,9860.0,2025-06-04 09:14:56
2707,2708,SEC_0080,59.78,6549.0,2025-01-18 17:26:23
2708,2709,SEC_0458,,2540.0,2025-01-20 03:48:37
2709,2710,SEC_0093,65.79,391.0,2025-05-20 16:13:53
2710,2711,SEC_0266,30.8,83.0,2025-06-04 03:48:57
2711,2712,SEC_0332,61.19,1003.0,2025-01-07 05:44:43
2712,2713,SEC_0350,62.34,8673.0,2025-03-18 17:45:16
2713,2714,SEC_0361,44.76,8969.0,2025-05-14 07:08:58
2714,2715,SEC_0257,90.04,7397.0,2025-03-04 21:18:44
2715,2716,SEC_0133,75.66,9947.0,2025-06-15 14:36:23
2716,2717,SEC_0276,51.68,9441.0,2025-04-01 11:25:47
2717,2718,SEC_0264,45.66,9329.0,2025-05-13 22:54:20
2718,2719,SEC_0171,89.61,3257.0,2025-03-19 06:43:31
2719,2720,SEC_0460,54.29,9728.0,2025-04-26 19:18:28
2720,2721,SEC_0001,56.01,,2025-06-07 03:08:08
2721,2722,SEC_0313,55.8,6008.0,2025-04-14 03:40:17
2722,2723,SEC_0064,108.95,523.0,2025-03-08 02:55:23
2723,2724,SEC_0374,51.16,1695.0,2025-01-23 10:45:53
2724,2725,SEC_0468,54.21,2253.0,2025-05-19 22:53:57
2725,2726,SEC_0284,42.55,4838.0,2025-05-08 13:41:09
2726,2727,SEC_0121,48.58,7327.0,2025-06-26 18:46:42
2727,2728,SEC_0107,40.07,8470.0,2025-01-12 22:09:15
2728,2729,SEC_0421,,148.0,2025-04-02 19:27:20
2729,2730,SEC_0175,31.72,8149.0,2025-01-07 04:20:28
2730,2731,SEC_0485,71.13,3621.0,2025-06-16 12:17:20
2731,2732,SEC_0204,57.23,9132.0,2025-03-02 03:43:07
2732,2733,SEC_0165,58.66,3710.0,2025-03-23 01:06:10
2733,2734,SEC_0305,53.75,4338.0,2025-05-28 07:21:43
2734,2735,SEC_0497,55.79,,2025-01-19 02:35:27
2735,2736,SEC_0120,88.74,9416.0,2025-04-22 21:13:07
2736,2737,SEC_0044,43.35,7473.0,2025-04-24 06:15:19
2737,2738,SEC_0312,59.35,3364.0,2025-01-29 21:13:30
2738,2739,SEC_0156,59.26,3024.0,2025-06-26 12:15:21
2739,2740,SEC_0367,76.91,1818.0,2025-03-23 22:01:16
2740,2741,SEC_0207,62.28,684.0,2025-01-21 18:11:19
2741,2742,SEC_0390,63.22,,2025-04-02 18:13:51
2742,2743,SEC_0108,37.43,6732.0,2025-04-19 15:21:38
2743,2744,SEC_0251,42.83,9425.0,2025-05-31 10:24:00
2744,2745,SEC_0445,38.47,8809.0,2025-03-18 18:33:50
2745,2746,SEC_0404,25.98,,2025-02-07 17:36:49
2746,2747,SEC_0370,61.51,2018.0,2025-06-24 03:57:07
2747,2748,SEC_0334,50.48,4224.0,2025-03-04 00:02:10
2748,2749,SEC_0130,61.54,2185.0,2025-03-08 21:35:56
2749,2750,SEC_0457,55.18,1358.0,2025-01-29 05:13:50
2750,2751,SEC_0293,58.68,6692.0,2025-06-16 02:58:02
2751,2752,SEC_0020,81.57,6532.0,2025-01-27 19:19:23
2752,2753,SEC_0282,54.72,4667.0,2025-04-29 12:20:11
2753,2754,SEC_0285,66.73,7398.0,2025-05-03 23:51:48
2754,2755,SEC_0001,49.87,2469.0,2025-04-23 11:24:25
2755,2756,SEC_0119,69.93,7292.0,2025-02-03 06:07:18
2756,2757,SEC_0035,37.64,7256.0,2025-04-29 23:12:56
2757,2758,SEC_0198,31.46,3921.0,2025-01-08 02:09:43
2758,2759,SEC_0485,102.72,4237.0,2025-01-18 18:20:18
2759,2760,SEC_0245,94.72,1940.0,2025-03-16 06:39:13
2760,2761,SEC_0059,30.46,3857.0,2025-05-23 02:12:32
2761,2762,SEC_0325,54.01,51.0,2025-06-24 12:29:18
2762,2763,SEC_0161,57.11,7131.0,2025-03-10 15:46:07
2763,2764,SEC_0497,67.82,1361.0,2025-02-18 15:52:15
2764,2765,SEC_0179,92.0,6806.0,2025-01-01 17:25:45
2765,2766,SEC_0206,39.71,8558.0,2025-03-24 23:11:17
2766,2767,SEC_0012,40.35,6031.0,2025-01-23 05:39:08
2767,2768,SEC_0490,54.58,3046.0,2025-02-04 14:24:35
2768,2769,SEC_0276,40.89,258.0,2025-02-10 12:02:07
2769,2770,SEC_0181,24.19,45.0,2025-01-20 01:35:06
2770,2771,SEC_0242,51.0,8461.0,2025-02-20 23:40:10
2771,2772,SEC_0216,70.62,1335.0,2025-03-25 04:04:49
2772,2773,SEC_0251,54.26,672.0,2025-06-28 20:47:13
2773,2774,SEC_0299,65.84,7001.0,2025-01-01 14:24:26
2774,2775,SEC_0126,63.07,3639.0,2025-02-28 10:06:59
2775,2776,SEC_0482,40.12,6086.0,2025-04-01 07:43:12
2776,2777,SEC_0217,55.72,235.0,2025-03-03 07:41:57
2777,2778,SEC_0306,34.55,6835.0,2025-01-22 12:32:41
2778,2779,SEC_0285,46.83,3208.0,2025-04-10 16:17:14
2779,2780,SEC_0185,55.43,5565.0,2025-05-25 04:11:48
2780,2781,SEC_0039,54.58,2401.0,2025-06-21 00:35:05
2781,2782,SEC_0223,37.07,9610.0,2025-05-28 04:45:44
2782,2783,SEC_0184,39.38,5090.0,2025-05-01 14:04:01
2783,2784,SEC_0495,59.58,7552.0,2025-02-12 10:36:40
2784,2785,SEC_0427,69.98,5006.0,2025-01-23 20:53:44
2785,2786,SEC_0178,51.31,,2025-01-12 09:45:45
2786,2787,SEC_0407,50.55,7741.0,2025-02-02 11:39:20
2787,2788,SEC_0428,72.2,8632.0,2025-06-12 14:21:03
2788,2789,SEC_0294,43.31,5183.0,2025-03-31 17:09:29
2789,2790,SEC_0340,91.66,651.0,2025-04-22 06:23:05
2790,2791,SEC_0151,36.47,34.0,2025-01-29 15:04:03
2791,2792,SEC_0384,74.78,3033.0,2025-06-23 22:06:47
2792,2793,SEC_0126,64.18,7645.0,2025-06-06 20:03:25
2793,2794,SEC_0301,112.51,1111.0,2025-06-06 14:52:55
2794,2795,SEC_0308,39.0,8654.0,2025-06-21 11:48:16
2795,2796,SEC_0336,,8514.0,2025-03-19 04:53:04
2796,2797,SEC_0434,79.43,4511.0,2025-05-11 06:26:49
2797,2798,SEC_0234,35.11,1875.0,2025-05-25 01:24:21
2798,2799,SEC_0380,65.68,3040.0,2025-01-04 10:01:10
2799,2800,SEC_0375,77.84,1257.0,2025-02-06 18:24:49
2800,2801,SEC_0008,61.19,3241.0,2025-05-17 05:21:05
2801,2802,SEC_0498,58.54,4264.0,2025-01-05 22:37:40
2802,2803,SEC_0341,61.58,5270.0,2025-03-11 22:43:20
2803,2804,SEC_0129,70.19,7718.0,2025-03-12 23:41:27
2804,2805,SEC_0264,65.11,1410.0,2025-01-31 23:26:47
2805,2806,SEC_0157,37.9,1833.0,2025-01-08 01:59:32
2806,2807,SEC_0352,94.4,2025.0,2025-06-16 19:17:11
2807,2808,SEC_0358,55.44,5737.0,2025-05-09 15:02:06
2808,2809,SEC_0005,63.78,4994.0,2025-04-28 23:46:15
2809,2810,SEC_0495,67.58,7635.0,2025-03-24 12:22:22
2810,2811,SEC_0086,77.23,4958.0,2025-02-05 09:55:16
2811,2812,SEC_0175,74.86,3214.0,2025-06-03 17:07:16
2812,2813,SEC_0290,56.8,6209.0,2025-01-25 15:56:35
2813,2814,SEC_0193,55.71,9645.0,2025-02-20 07:10:08
2814,2815,SEC_0311,61.72,6454.0,2025-03-08 04:25:44
2815,2816,SEC_0119,75.95,2754.0,2025-05-22 09:45:04
2816,2817,SEC_0218,39.1,7329.0,2025-01-16 14:09:25
2817,2818,SEC_0427,66.24,306.0,2025-01-24 23:25:08
2818,2819,SEC_0458,41.85,1385.0,2025-02-19 12:07:06
2819,2820,SEC_0414,95.14,3368.0,2025-01-30 13:03:10
2820,2821,SEC_0114,60.96,1575.0,2025-05-17 01:34:56
2821,2822,SEC_0466,48.19,873.0,2025-03-13 14:08:06
2822,2823,SEC_0145,62.09,8361.0,2025-03-08 08:51:34
2823,2824,SEC_0026,54.75,5579.0,2025-04-06 11:54:31
2824,2825,SEC_0136,52.04,9796.0,2025-06-20 01:52:46
2825,2826,SEC_0303,31.73,1031.0,2025-01-20 08:59:49
2826,2827,SEC_0232,40.15,7765.0,2025-05-04 14:57:23
2827,2828,SEC_0369,52.35,9927.0,2025-04-07 19:44:57
2828,2829,SEC_0076,32.9,6732.0,2025-02-25 02:59:37
2829,2830,SEC_0475,45.78,6906.0,2025-01-26 08:12:25
2830,2831,SEC_0328,46.99,4443.0,2025-03-16 20:43:55
2831,2832,SEC_0345,43.21,3668.0,2025-03-08 04:59:56
2832,2833,SEC_0302,68.83,1277.0,2025-01-20 01:31:26
2833,2834,SEC_0452,41.93,6554.0,2025-01-26 16:59:30
2834,2835,SEC_0289,56.07,543.0,2025-06-04 18:22:40
2835,2836,SEC_0001,49.11,8547.0,2025-04-30 18:24:12
2836,2837,SEC_0147,52.69,4809.0,2025-06-23 23:57:53
2837,2838,SEC_0287,88.4,-7732.0,2025-02-05 06:28:47
2838,2839,SEC_0464,57.62,584.0,2025-01-11 11:12:49
2839,2840,SEC_0142,61.06,511.0,2025-01-30 14:34:06
2840,2841,SEC_0053,43.4,6677.0,2025-02-24 02:00:28
2841,2842,SEC_0304,65.88,6672.0,2025-05-23 14:07:06
2842,2843,SEC_0069,65.05,9139.0,2025-01-19 02:56:36
2843,2844,SEC_0361,63.2,7696.0,2025-05-28 00:35:15
2844,2845,SEC_0090,37.99,3474.0,2025-02-18 01:55:45
2845,2846,SEC_0446,45.81,1199.0,2025-03-23 15:49:14
2846,2847,SEC_0220,83.94,3996.0,2025-06-01 16:56:47
2847,2848,SEC_0450,44.42,4536.0,2025-05-06 06:44:46
2848,2849,SEC_0498,87.44,5872.0,2025-03-09 23:42:16
2849,2850,SEC_0192,46.34,3304.0,2025-05-22 16:08:06
2850,2851,SEC_0454,57.08,2448.0,2025-01-04 06:47:35
2851,2852,SEC_0063,51.62,9409.0,2025-03-13 14:04:55
2852,2853,SEC_0073,42.37,7740.0,2025-06-06 05:42:57
2853,2854,SEC_0161,42.56,6845.0,2025-04-16 05:33:02
2854,2855,SEC_0169,44.2,1291.0,2025-04-30 12:24:36
2855,2856,SEC_0089,57.08,5835.0,2025-01-11 22:00:50
2856,2857,SEC_0176,71.32,7550.0,2025-04-23 04:06:33
2857,2858,SEC_0269,55.98,6688.0,2025-04-03 14:36:56
2858,2859,SEC_0073,54.05,8694.0,2025-04-21 10:51:33
2859,2860,SEC_0245,78.5,7429.0,2025-04-07 17:27:56
2860,2861,SEC_0077,55.28,387.0,2025-04-13 03:45:55
2861,2862,SEC_0159,46.39,,2025-03-12 01:07:51
2862,2863,SEC_0489,40.47,2007.0,2025-03-31 01:20:36
2863,2864,SEC_0459,79.93,5214.0,2025-05-15 05:05:22
2864,2865,SEC_0324,49.46,2148.0,2025-04-07 02:28:28
2865,2866,SEC_0098,,3869.0,2025-04-12 18:23:41
2866,2867,SEC_0381,44.72,9531.0,2025-01-28 04:32:39
2867,2868,SEC_0102,78.59,6038.0,2025-02-19 05:40:31
2868,2869,SEC_0494,45.98,6638.0,2025-03-21 22:25:01
2869,2870,SEC_0132,73.49,353.0,2025-01-23 09:48:13
2870,2871,SEC_0102,50.95,4965.0,2025-02-21 04:55:23
2871,2872,SEC_0019,38.0,3189.0,2025-06-03 18:59:01
2872,2873,SEC_0454,49.41,1303.0,2025-06-05 05:30:44
2873,2874,SEC_0482,54.06,7750.0,2025-05-11 10:17:04
2874,2875,SEC_0082,52.74,847.0,2025-03-28 05:14:58
2875,2876,SEC_0397,52.35,7522.0,2025-05-29 07:07:34
2876,2877,SEC_0489,49.57,8718.0,2025-06-29 05:48:02
2877,2878,SEC_0279,43.14,2525.0,2025-03-16 13:07:28
2878,2879,SEC_0339,54.77,1879.0,2025-06-06 16:22:47
2879,2880,SEC_0365,64.22,4106.0,2025-03-30 11:01:10
2880,2881,SEC_0331,35.21,3631.0,2025-04-28 07:19:16
2881,2882,SEC_0129,80.62,7671.0,2025-01-30 10:41:31
2882,2883,SEC_0344,18.01,6668.0,2025-05-01 07:00:57
2883,2884,SEC_0310,55.84,2820.0,2025-03-19 03:35:00
2884,2885,SEC_0455,62.79,5980.0,2025-04-01 10:46:45
2885,2886,SEC_0089,-45.56,8078.0,2025-02-26 18:00:06
2886,2887,SEC_0213,28.85,9251.0,2025-06-24 16:54:39
2887,2888,SEC_0143,53.04,2490.0,2025-04-24 01:59:24
2888,2889,SEC_0065,57.45,5689.0,2025-05-05 17:46:10
2889,2890,SEC_0076,38.68,3265.0,2025-05-28 05:09:46
2890,2891,SEC_0199,,6024.0,2025-06-10 07:37:47
2891,2892,SEC_0143,72.88,-2294.0,2025-06-02 03:19:09
2892,2893,SEC_0405,56.56,675.0,2025-05-02 00:21:18
2893,2894,SEC_0403,-34.72,6258.0,2025-03-22 13:58:51
2894,2895,SEC_0316,62.49,-1012.0,2025-04-28 18:34:27
2895,2896,SEC_0093,41.3,8986.0,2025-01-12 19:34:24
2896,2897,SEC_0473,43.27,233.0,2025-04-06 12:52:54
2897,2898,SEC_0417,57.93,3028.0,2025-02-13 17:50:49
2898,2899,SEC_0305,56.34,3610.0,2025-06-22 06:22:09
2899,2900,SEC_0224,48.39,2174.0,2025-02-20 19:26:14
2900,2901,SEC_0497,46.93,3385.0,2025-03-29 21:33:09
2901,2902,SEC_0291,50.64,2329.0,2025-06-10 22:42:11
2902,2903,SEC_0428,43.2,798.0,2025-05-21 21:19:43
2903,2904,SEC_0102,75.69,7122.0,2025-03-25 05:09:30
2904,2905,SEC_0474,34.1,-3685.0,2025-05-08 16:29:05
2905,2906,SEC_0267,50.79,4488.0,2025-02-01 03:49:19
2906,2907,SEC_0355,35.24,7691.0,2025-05-31 19:18:14
2907,2908,SEC_0456,72.3,2590.0,2025-01-30 01:27:11
2908,2909,SEC_0110,50.77,4702.0,2025-01-01 13:38:14
2909,2910,SEC_0462,39.77,8701.0,2025-02-16 15:05:56
2910,2911,SEC_0330,67.06,7668.0,2025-01-13 07:54:32
2911,2912,SEC_0450,27.45,6415.0,2025-02-03 11:18:58
2912,2913,SEC_0430,59.4,1464.0,2025-02-11 04:00:56
2913,2914,SEC_0265,77.12,3111.0,2025-03-10 18:59:48
2914,2915,SEC_0003,57.62,1048.0,2025-05-29 06:01:21
2915,2916,SEC_0085,46.9,-4872.0,2025-05-17 18:52:40
2916,2917,SEC_0282,37.61,5290.0,2025-06-15 02:10:37
2917,2918,SEC_0328,75.55,4436.0,2025-05-06 08:06:40
2918,2919,SEC_0304,72.11,8361.0,2025-01-26 02:04:16
2919,2920,SEC_0450,44.99,1562.0,2025-06-01 23:32:31
2920,2921,SEC_0454,45.35,7860.0,2025-03-22 18:53:02
2921,2922,SEC_0412,77.95,-6806.0,2025-05-12 18:42:20
2922,2923,SEC_0117,64.04,7813.0,2025-02-20 16:59:18
2923,2924,SEC_0221,31.95,-6287.0,2025-02-23 19:14:10
2924,2925,SEC_0154,51.48,7844.0,2025-03-10 11:14:31
2925,2926,SEC_0153,50.92,575.0,2025-05-23 19:31:34
2926,2927,SEC_0012,58.81,9935.0,2025-04-03 20:38:18
2927,2928,SEC_0133,54.7,4017.0,2025-03-02 14:51:24
2928,2929,SEC_0482,46.81,7228.0,2025-04-11 12:09:19
2929,2930,SEC_0304,57.6,4025.0,2025-04-04 14:37:42
2930,2931,SEC_0293,47.74,8723.0,2025-05-27 02:09:04
2931,2932,SEC_0463,152.06,991.0,2025-05-20 04:21:52
2932,2933,SEC_0300,56.65,2121.0,2025-05-24 04:48:59
2933,2934,SEC_0228,54.36,4965.0,2025-06-24 17:46:23
2934,2935,SEC_0271,94.9,2442.0,2025-06-08 04:18:37
2935,2936,SEC_0043,36.26,5878.0,2025-06-04 07:16:17
2936,2937,SEC_0432,52.83,2521.0,2025-04-25 10:42:25
2937,2938,SEC_0343,41.06,4409.0,2025-03-18 10:40:58
2938,2939,SEC_0326,66.06,9654.0,2025-03-05 22:52:36
2939,2940,SEC_0302,47.07,952.0,2025-04-16 19:49:19
2940,2941,SEC_0498,64.98,965.0,2025-01-29 03:26:48
2941,2942,SEC_0364,63.59,2135.0,2025-05-10 01:20:54
2942,2943,SEC_0379,69.0,4455.0,2025-03-25 07:09:17
2943,2944,SEC_0427,63.9,8887.0,2025-04-09 12:52:33
2944,2945,SEC_0493,51.05,2245.0,2025-02-02 07:06:44
2945,2946,SEC_0021,35.9,2804.0,2025-05-02 16:37:24
2946,2947,SEC_0407,73.9,3912.0,2025-01-19 02:27:19
2947,2948,SEC_0107,83.32,1409.0,2025-05-14 11:22:48
2948,2949,SEC_0336,41.21,5238.0,2025-03-21 05:16:15
2949,2950,SEC_0303,68.09,4594.0,2025-06-28 18:31:19
2950,2951,SEC_0117,38.43,8052.0,2025-02-12 06:56:13
2951,2952,SEC_0124,58.03,8654.0,2025-02-15 07:49:32
2952,2953,SEC_0399,61.73,7664.0,2025-06-07 15:24:01
2953,2954,SEC_0281,48.04,9810.0,2025-06-25 21:53:07
2954,2955,SEC_0292,56.18,7114.0,2025-03-04 11:20:17
2955,2956,SEC_0203,70.42,8143.0,2025-01-04 08:55:49
2956,2957,SEC_0051,52.84,6378.0,2025-01-09 22:20:03
2957,2958,SEC_0271,44.59,8609.0,2025-01-10 22:37:02
2958,2959,SEC_0324,37.82,5602.0,2025-05-02 05:47:50
2959,2960,SEC_0277,48.56,1389.0,2025-01-21 05:23:24
2960,2961,SEC_0141,38.38,6297.0,2025-03-28 10:37:21
2961,2962,SEC_0470,48.75,4368.0,2025-04-05 01:14:16
2962,2963,SEC_0275,47.49,9939.0,2025-05-01 13:26:53
2963,2964,SEC_0290,69.49,3979.0,2025-01-30 14:15:32
2964,2965,SEC_0334,55.81,4491.0,2025-03-13 10:05:52
2965,2966,SEC_0381,117.23,853.0,2025-02-21 19:51:23
2966,2967,SEC_0452,29.84,6378.0,2025-01-21 16:15:26
2967,2968,SEC_0496,59.98,9904.0,2025-06-03 00:40:26
2968,2969,SEC_0373,47.68,6502.0,2025-01-18 02:52:34
2969,2970,SEC_0052,40.98,8115.0,2025-03-05 03:01:39
2970,2971,SEC_0494,54.11,8429.0,2025-01-17 20:13:06
2971,2972,SEC_0027,52.91,-1057.0,2025-06-02 20:42:39
2972,2973,SEC_0157,75.44,2261.0,2025-05-06 21:07:01
2973,2974,SEC_0239,56.11,9218.0,2025-05-21 16:21:48
2974,2975,SEC_0156,44.35,909.0,2025-03-02 06:57:48
2975,2976,SEC_0291,60.36,,2025-02-10 19:26:29
2976,2977,SEC_0136,50.96,569.0,2025-04-19 06:17:45
2977,2978,SEC_0144,38.95,3499.0,2025-04-05 16:28:12
2978,2979,SEC_0106,50.68,5871.0,2025-03-10 18:21:18
2979,2980,SEC_0420,58.51,1309.0,2025-06-19 00:58:50
2980,2981,SEC_0158,55.8,718.0,2025-05-20 02:47:50
2981,2982,SEC_0146,60.29,9162.0,2025-02-14 21:50:21
2982,2983,SEC_0002,46.62,3346.0,2025-02-06 12:33:28
2983,2984,SEC_0433,60.06,7215.0,2025-05-31 10:15:43
2984,2985,SEC_0077,56.6,,2025-02-17 23:35:21
2985,2986,SEC_0132,56.74,2719.0,2025-06-22 07:59:18
2986,2987,SEC_0090,55.13,9096.0,2025-05-13 13:32:42
2987,2988,SEC_0345,104.88,9643.0,2025-02-11 20:34:06
2988,2989,SEC_0350,76.18,1456.0,2025-06-24 18:05:20
2989,2990,SEC_0459,59.66,7298.0,2025-06-03 07:06:26
2990,2991,SEC_0263,-42.95,7036.0,2025-04-23 16:43:16
2991,2992,SEC_0351,50.01,4231.0,2025-03-24 10:40:57
2992,2993,SEC_0108,88.65,532.0,2025-01-07 15:17:47
2993,2994,SEC_0074,46.11,2268.0,2025-04-05 01:06:34
2994,2995,SEC_0039,51.95,333.0,2025-06-29 13:36:05
2995,2996,SEC_0397,51.09,5250.0,2025-06-04 00:59:17
2996,2997,SEC_0159,,7200.0,2025-05-23 14:18:12
2997,2998,SEC_0071,47.89,5722.0,2025-03-24 16:34:13
2998,2999,SEC_0447,57.57,9514.0,2025-04-19 13:04:24
2999,3000,SEC_0312,48.22,8013.0,2025-05-30 01:43:40
3000,3001,SEC_0241,80.99,7929.0,2025-02-11 13:03:57
3001,3002,SEC_0426,44.44,9901.0,2025-02-23 09:29:04
3002,3003,SEC_0445,73.21,6501.0,2025-02-02 14:30:56
3003,3004,SEC_0298,45.81,401.0,2025-03-11 08:01:28
3004,3005,SEC_0440,42.26,7040.0,2025-01-04 14:16:45
3005,3006,SEC_0036,44.25,3992.0,2025-01-30 00:53:59
3006,3007,SEC_0084,32.67,9671.0,2025-03-07 12:35:52
3007,3008,SEC_0452,62.28,1058.0,2025-02-12 20:39:18
3008,3009,SEC_0374,38.51,7934.0,2025-01-25 18:51:21
3009,3010,SEC_0263,49.04,2994.0,2025-04-03 13:47:17
3010,3011,SEC_0310,68.61,8234.0,2025-06-03 09:23:20
3011,3012,SEC_0385,67.95,27.0,2025-01-07 09:53:21
3012,3013,SEC_0172,35.53,3534.0,2025-05-17 05:21:01
3013,3014,SEC_0376,59.93,2619.0,2025-06-07 09:38:45
3014,3015,SEC_0173,76.87,9363.0,2025-05-31 06:14:40
3015,3016,SEC_0362,45.1,6640.0,2025-03-02 09:03:02
3016,3017,SEC_0047,63.69,6630.0,2025-06-01 15:27:27
3017,3018,SEC_0379,38.75,7628.0,2025-02-10 11:13:58
3018,3019,SEC_0141,61.29,7043.0,2025-02-13 14:49:58
3019,3020,SEC_0375,56.79,8903.0,2025-06-07 00:42:37
3020,3021,SEC_0406,66.58,2019.0,2025-05-21 01:12:51
3021,3022,SEC_0118,65.35,-4879.0,2025-06-22 06:23:42
3022,3023,SEC_0277,36.38,2899.0,2025-02-03 17:13:27
3023,3024,SEC_0214,56.88,6076.0,2025-04-20 10:21:40
3024,3025,SEC_0220,84.43,2048.0,2025-04-04 09:23:13
3025,3026,SEC_0393,28.34,5203.0,2025-02-17 04:09:56
3026,3027,SEC_0026,72.97,1559.0,2025-03-21 02:41:15
3027,3028,SEC_0009,88.28,1723.0,2025-06-04 16:04:57
3028,3029,SEC_0271,34.97,4053.0,2025-05-08 21:40:08
3029,3030,SEC_0010,44.65,1652.0,2025-03-02 17:18:49
3030,3031,SEC_0472,63.77,5223.0,2025-03-25 01:30:24
3031,3032,SEC_0378,41.85,-1779.0,2025-04-17 02:18:02
3032,3033,SEC_0121,82.22,684.0,2025-05-17 22:10:57
3033,3034,SEC_0125,75.01,9472.0,2025-03-27 00:55:11
3034,3035,SEC_0170,36.04,2011.0,2025-05-01 08:44:57
3035,3036,SEC_0072,43.69,9408.0,2025-01-01 01:26:31
3036,3037,SEC_0152,68.78,2583.0,2025-01-23 02:17:32
3037,3038,SEC_0208,67.98,8506.0,2025-02-03 04:09:56
3038,3039,SEC_0049,106.22,7444.0,2025-03-05 18:38:51
3039,3040,SEC_0154,41.93,5493.0,2025-01-20 18:29:12
3040,3041,SEC_0347,-84.59,444.0,2025-05-07 16:31:17
3041,3042,SEC_0293,41.51,1672.0,2025-03-13 00:00:12
3042,3043,SEC_0068,,3267.0,2025-05-07 15:05:19
3043,3044,SEC_0050,71.36,-7426.0,2025-04-30 22:50:15
3044,3045,SEC_0152,22.24,5910.0,2025-01-20 04:38:22
3045,3046,SEC_0019,71.76,7015.0,2025-02-19 19:43:07
3046,3047,SEC_0100,82.71,5480.0,2025-04-06 23:37:52
3047,3048,SEC_0060,75.85,7820.0,2025-06-29 00:23:11
3048,3049,SEC_0167,101.09,5142.0,2025-04-08 21:22:16
3049,3050,SEC_0202,72.93,716.0,2025-04-17 23:26:48
3050,3051,SEC_0345,46.47,892.0,2025-03-01 20:59:30
3051,3052,SEC_0146,79.18,3808.0,2025-03-03 03:41:36
3052,3053,SEC_0403,45.69,501.0,2025-06-18 14:45:11
3053,3054,SEC_0164,55.96,2641.0,2025-06-16 02:25:43
3054,3055,SEC_0458,70.07,9546.0,2025-01-29 05:38:19
3055,3056,SEC_0481,62.45,8895.0,2025-04-14 07:24:56
3056,3057,SEC_0439,81.89,2334.0,2025-05-03 22:59:11
3057,3058,SEC_0242,115.19,2195.0,2025-05-24 03:45:09
3058,3059,SEC_0069,38.81,6938.0,2025-01-08 05:35:59
3059,3060,SEC_0175,49.48,8576.0,2025-04-13 12:35:36
3060,3061,SEC_0049,,9078.0,2025-06-26 10:21:15
3061,3062,SEC_0483,47.51,1592.0,2025-03-23 08:40:41
3062,3063,SEC_0108,53.37,5060.0,2025-06-16 00:29:28
3063,3064,SEC_0226,68.91,4399.0,2025-02-26 06:18:03
3064,3065,SEC_0161,66.21,4441.0,2025-02-08 18:37:16
3065,3066,SEC_0119,58.8,1784.0,2025-05-08 17:40:51
3066,3067,SEC_0149,57.07,5386.0,2025-05-08 18:12:26
3067,3068,SEC_0465,51.05,4118.0,2025-05-04 22:52:04
3068,3069,SEC_0150,83.21,6983.0,2025-05-11 21:32:37
3069,3070,SEC_0432,89.93,2584.0,2025-02-04 09:52:37
3070,3071,SEC_0293,74.12,9922.0,2025-06-24 23:51:53
3071,3072,SEC_0143,38.67,8455.0,2025-02-17 20:16:17
3072,3073,SEC_0419,50.47,2431.0,2025-02-19 09:17:55
3073,3074,SEC_0476,57.97,5670.0,2025-03-14 08:40:11
3074,3075,SEC_0455,41.17,7061.0,2025-05-01 11:57:28
3075,3076,SEC_0160,55.91,8584.0,2025-05-26 08:21:42
3076,3077,SEC_0011,54.96,2937.0,2025-01-25 17:06:48
3077,3078,SEC_0138,75.58,8732.0,2025-01-04 16:38:29
3078,3079,SEC_0457,47.02,9308.0,2025-05-18 20:04:58
3079,3080,SEC_0078,77.4,6710.0,2025-06-19 16:18:14
3080,3081,SEC_0077,40.97,9076.0,2025-06-25 16:02:00
3081,3082,SEC_0441,42.72,-4324.0,2025-05-09 04:11:25
3082,3083,SEC_0254,48.72,6617.0,2025-05-04 00:13:47
3083,3084,SEC_0409,55.39,2420.0,2025-06-16 18:43:59
3084,3085,SEC_0258,26.44,1400.0,2025-05-25 13:46:54
3085,3086,SEC_0320,62.66,9769.0,2025-06-29 17:53:55
3086,3087,SEC_0291,91.18,2085.0,2025-04-03 20:14:00
3087,3088,SEC_0263,66.38,7805.0,2025-03-29 01:35:58
3088,3089,SEC_0085,51.25,6988.0,2025-05-01 03:35:14
3089,3090,SEC_0146,39.43,5157.0,2025-03-21 21:14:19
3090,3091,SEC_0323,31.69,5310.0,2025-06-07 17:39:09
3091,3092,SEC_0042,33.35,1536.0,2025-05-15 09:08:58
3092,3093,SEC_0374,52.5,4754.0,2025-04-18 04:29:15
3093,3094,SEC_0125,102.73,8282.0,2025-01-07 10:26:37
3094,3095,SEC_0167,24.16,7049.0,2025-03-19 20:45:22
3095,3096,SEC_0425,67.36,4191.0,2025-05-26 08:30:42
3096,3097,SEC_0241,44.55,1655.0,2025-01-30 22:32:02
3097,3098,SEC_0459,49.37,7554.0,2025-02-04 19:09:44
3098,3099,SEC_0487,41.21,7453.0,2025-02-28 02:47:53
3099,3100,SEC_0280,36.23,8558.0,2025-03-13 05:48:13
3100,3101,SEC_0188,56.7,3961.0,2025-04-04 06:34:10
3101,3102,SEC_0302,59.08,6835.0,2025-04-24 13:43:38
3102,3103,SEC_0019,66.72,5092.0,2025-05-04 04:18:05
3103,3104,SEC_0068,32.93,519.0,2025-04-22 21:33:07
3104,3105,SEC_0218,70.97,3711.0,2025-01-11 20:58:21
3105,3106,SEC_0102,71.35,830.0,2025-05-04 07:05:02
3106,3107,SEC_0042,62.01,6628.0,2025-05-27 07:30:41
3107,3108,SEC_0288,48.12,8463.0,2025-01-29 00:57:47
3108,3109,SEC_0167,59.89,7989.0,2025-06-23 12:40:15
3109,3110,SEC_0109,52.03,2987.0,2025-04-25 10:55:23
3110,3111,SEC_0494,73.01,6776.0,2025-01-21 02:47:30
3111,3112,SEC_0036,48.91,6691.0,2025-05-13 11:07:32
3112,3113,SEC_0232,56.4,4815.0,2025-03-30 13:42:22
3113,3114,SEC_0229,32.41,9200.0,2025-06-13 02:30:01
3114,3115,SEC_0353,59.83,8797.0,2025-05-23 10:42:59
3115,3116,SEC_0164,43.6,177.0,2025-03-29 15:53:40
3116,3117,SEC_0387,63.67,9907.0,2025-05-12 04:27:56
3117,3118,SEC_0073,69.17,8829.0,2025-02-19 19:05:47
3118,3119,SEC_0136,45.47,-6171.0,2025-06-24 12:36:10
3119,3120,SEC_0353,55.11,2624.0,2025-04-15 20:25:36
3120,3121,SEC_0379,57.53,2779.0,2025-02-17 13:25:07
3121,3122,SEC_0070,60.97,3753.0,2025-03-20 16:55:21
3122,3123,SEC_0425,69.2,8853.0,2025-06-19 05:06:26
3123,3124,SEC_0487,66.53,4366.0,2025-02-05 23:05:34
3124,3125,SEC_0196,48.72,4341.0,2025-03-28 14:05:37
3125,3126,SEC_0269,88.19,4756.0,2025-03-30 20:09:19
3126,3127,SEC_0049,68.42,8277.0,2025-04-09 12:16:41
3127,3128,SEC_0316,83.22,3671.0,2025-06-18 09:48:08
3128,3129,SEC_0130,60.58,9099.0,2025-01-13 20:17:19
3129,3130,SEC_0444,61.67,3522.0,2025-06-11 03:01:36
3130,3131,SEC_0005,52.71,1876.0,2025-01-04 12:32:27
3131,3132,SEC_0428,47.79,3959.0,2025-04-23 07:31:50
3132,3133,SEC_0027,73.16,2137.0,2025-05-30 00:15:38
3133,3134,SEC_0160,59.11,9046.0,2025-06-06 15:47:07
3134,3135,SEC_0149,,507.0,2025-06-09 16:58:24
3135,3136,SEC_0264,40.17,8600.0,2025-04-17 16:08:36
3136,3137,SEC_0230,87.05,5391.0,2025-02-03 17:50:56
3137,3138,SEC_0200,56.47,8716.0,2025-01-01 22:59:14
3138,3139,SEC_0050,-37.79,5614.0,2025-01-17 21:13:19
3139,3140,SEC_0067,55.95,6751.0,2025-04-04 02:53:11
3140,3141,SEC_0300,51.4,3051.0,2025-03-18 10:31:56
3141,3142,SEC_0381,50.78,7093.0,2025-03-14 07:04:46
3142,3143,SEC_0058,64.9,2398.0,2025-05-03 11:12:03
3143,3144,SEC_0259,51.43,7913.0,2025-05-27 22:41:47
3144,3145,SEC_0342,49.82,8520.0,2025-04-04 17:45:36
3145,3146,SEC_0326,82.16,1310.0,2025-03-28 20:32:48
3146,3147,SEC_0130,32.4,7203.0,2025-03-03 19:20:23
3147,3148,SEC_0215,53.76,7701.0,2025-05-10 16:52:30
3148,3149,SEC_0172,72.14,4719.0,2025-01-28 14:51:41
3149,3150,SEC_0258,65.9,5951.0,2025-04-10 20:47:19
3150,3151,SEC_0102,74.14,756.0,2025-04-11 11:43:47
3151,3152,SEC_0209,100.13,146.0,2025-03-19 13:33:18
3152,3153,SEC_0291,90.89,5117.0,2025-02-18 22:26:27
3153,3154,SEC_0354,38.6,3575.0,2025-02-19 10:25:14
3154,3155,SEC_0471,33.68,9820.0,2025-06-16 16:26:57
3155,3156,SEC_0286,60.22,4924.0,2025-03-24 10:52:17
3156,3157,SEC_0116,36.37,1859.0,2025-01-29 10:59:39
3157,3158,SEC_0264,30.63,4723.0,2025-03-22 07:26:29
3158,3159,SEC_0150,60.03,3599.0,2025-05-17 06:35:59
3159,3160,SEC_0300,64.72,630.0,2025-04-28 23:21:59
3160,3161,SEC_0442,91.23,3519.0,2025-01-06 19:01:58
3161,3162,SEC_0036,68.75,6559.0,2025-05-05 06:55:50
3162,3163,SEC_0453,97.11,4353.0,2025-05-11 00:32:50
3163,3164,SEC_0333,60.74,7430.0,2025-04-01 01:52:11
3164,3165,SEC_0477,38.83,9097.0,2025-04-03 07:41:37
3165,3166,SEC_0287,69.87,5556.0,2025-03-04 15:51:05
3166,3167,SEC_0303,81.47,7998.0,2025-02-17 12:28:46
3167,3168,SEC_0311,61.39,108.0,2025-05-29 15:57:23
3168,3169,SEC_0208,84.37,9235.0,2025-01-04 09:13:52
3169,3170,SEC_0106,52.62,9581.0,2025-04-15 11:09:36
3170,3171,SEC_0446,64.31,9869.0,2025-03-02 13:44:35
3171,3172,SEC_0158,51.82,5499.0,2025-03-21 22:39:32
3172,3173,SEC_0121,,4256.0,2025-05-26 22:23:14
3173,3174,SEC_0055,70.27,4196.0,2025-02-01 02:49:25
3174,3175,SEC_0400,39.06,8457.0,2025-02-14 08:24:57
3175,3176,SEC_0012,95.18,3822.0,2025-03-12 18:15:18
3176,3177,SEC_0145,43.82,677.0,2025-02-21 10:58:18
3177,3178,SEC_0400,54.82,5179.0,2025-04-16 06:35:10
3178,3179,SEC_0396,62.83,5567.0,2025-02-17 17:13:36
3179,3180,SEC_0136,64.39,3970.0,2025-03-27 19:30:47
3180,3181,SEC_0468,-63.12,5421.0,2025-02-14 02:18:11
3181,3182,SEC_0003,38.86,608.0,2025-04-11 17:35:24
3182,3183,SEC_0144,63.19,5675.0,2025-02-04 18:18:00
3183,3184,SEC_0030,75.96,-5889.0,2025-03-20 16:24:26
3184,3185,SEC_0237,75.31,5333.0,2025-05-12 17:08:05
3185,3186,SEC_0279,36.95,7357.0,2025-06-08 23:50:06
3186,3187,SEC_0348,44.85,6787.0,2025-04-04 03:00:00
3187,3188,SEC_0115,39.91,2395.0,2025-02-12 23:26:09
3188,3189,SEC_0104,60.46,8071.0,2025-06-19 11:16:18
3189,3190,SEC_0118,34.28,9353.0,2025-01-31 21:41:37
3190,3191,SEC_0005,38.99,5150.0,2025-03-04 07:24:41
3191,3192,SEC_0468,44.72,6290.0,2025-01-15 17:56:22
3192,3193,SEC_0360,-31.85,9684.0,2025-06-19 16:56:59
3193,3194,SEC_0248,,2022.0,2025-01-22 19:06:56
3194,3195,SEC_0364,,7785.0,2025-06-26 20:31:20
3195,3196,SEC_0321,63.16,4599.0,2025-04-03 23:17:37
3196,3197,SEC_0121,48.47,3016.0,2025-03-01 00:11:31
3197,3198,SEC_0286,45.28,5311.0,2025-06-03 06:34:15
3198,3199,SEC_0149,47.55,2049.0,2025-06-09 23:56:26
3199,3200,SEC_0084,53.62,5970.0,2025-03-21 04:40:34
3200,3201,SEC_0454,65.23,894.0,2025-04-18 19:54:00
3201,3202,SEC_0406,81.06,9280.0,2025-01-14 03:29:10
3202,3203,SEC_0466,74.01,6088.0,2025-03-24 02:35:26
3203,3204,SEC_0456,106.65,2934.0,2025-02-17 11:32:25
3204,3205,SEC_0231,66.86,2282.0,2025-02-22 05:31:23
3205,3206,SEC_0288,56.95,8265.0,2025-06-09 12:57:22
3206,3207,SEC_0161,47.6,1381.0,2025-02-05 10:34:58
3207,3208,SEC_0272,48.08,484.0,2025-05-23 00:48:14
3208,3209,SEC_0460,64.18,-9222.0,2025-06-21 09:31:00
3209,3210,SEC_0038,40.45,3780.0,2025-04-16 11:59:16
3210,3211,SEC_0500,58.48,6102.0,2025-05-29 20:43:37
3211,3212,SEC_0226,54.29,4955.0,2025-02-24 10:12:52
3212,3213,SEC_0142,43.88,5954.0,2025-04-28 22:05:15
3213,3214,SEC_0292,39.83,6281.0,2025-06-06 23:23:24
3214,3215,SEC_0481,116.44,779.0,2025-06-19 10:21:19
3215,3216,SEC_0151,35.91,3476.0,2025-03-05 15:22:32
3216,3217,SEC_0114,53.5,4724.0,2025-06-12 10:51:20
3217,3218,SEC_0237,78.79,6887.0,2025-04-06 06:18:29
3218,3219,SEC_0066,63.99,6714.0,2025-04-01 04:05:46
3219,3220,SEC_0361,47.37,8602.0,2025-06-02 20:30:50
3220,3221,SEC_0341,38.18,1060.0,2025-03-21 10:41:13
3221,3222,SEC_0258,56.77,6374.0,2025-04-17 11:44:39
3222,3223,SEC_0475,24.73,7395.0,2025-02-20 20:18:48
3223,3224,SEC_0249,57.45,2310.0,2025-04-03 08:07:33
3224,3225,SEC_0457,55.17,1601.0,2025-03-01 11:33:43
3225,3226,SEC_0449,75.27,2234.0,2025-06-14 05:13:53
3226,3227,SEC_0331,38.74,9845.0,2025-04-29 18:30:33
3227,3228,SEC_0323,49.55,7354.0,2025-04-18 03:47:03
3228,3229,SEC_0180,62.24,9490.0,2025-01-13 08:14:36
3229,3230,SEC_0190,58.07,352.0,2025-06-20 00:55:06
3230,3231,SEC_0407,36.5,6470.0,2025-02-10 13:28:01
3231,3232,SEC_0154,44.96,8657.0,2025-01-18 02:49:43
3232,3233,SEC_0196,83.09,3167.0,2025-05-25 16:04:01
3233,3234,SEC_0466,59.02,5254.0,2025-03-09 12:01:38
3234,3235,SEC_0311,33.14,2210.0,2025-04-12 20:22:14
3235,3236,SEC_0262,71.16,8748.0,2025-01-05 02:51:06
3236,3237,SEC_0419,33.79,300.0,2025-01-26 17:20:24
3237,3238,SEC_0406,49.79,3867.0,2025-06-15 12:43:46
3238,3239,SEC_0427,64.65,8548.0,2025-01-12 04:44:04
3239,3240,SEC_0143,78.58,564.0,2025-02-22 23:34:16
3240,3241,SEC_0342,27.08,4889.0,2025-04-05 05:07:50
3241,3242,SEC_0316,67.59,9215.0,2025-03-10 15:17:51
3242,3243,SEC_0101,70.71,1191.0,2025-03-20 23:19:25
3243,3244,SEC_0244,46.2,3211.0,2025-04-23 21:44:17
3244,3245,SEC_0490,56.11,6379.0,2025-05-29 16:46:44
3245,3246,SEC_0012,21.85,9219.0,2025-03-08 20:00:20
3246,3247,SEC_0239,23.94,8448.0,2025-04-25 07:53:44
3247,3248,SEC_0049,76.14,2419.0,2025-01-20 02:40:49
3248,3249,SEC_0042,-46.45,2564.0,2025-04-19 12:30:56
3249,3250,SEC_0166,49.21,2952.0,2025-06-01 05:39:15
3250,3251,SEC_0082,58.58,7384.0,2025-05-18 19:56:51
3251,3252,SEC_0429,48.92,270.0,2025-04-12 12:41:20
3252,3253,SEC_0291,47.58,6620.0,2025-04-18 18:54:17
3253,3254,SEC_0158,61.46,5648.0,2025-05-25 12:47:50
3254,3255,SEC_0216,34.86,9120.0,2025-02-28 02:06:25
3255,3256,SEC_0490,-77.32,8256.0,2025-01-02 22:50:02
3256,3257,SEC_0158,50.95,4556.0,2025-05-19 09:36:14
3257,3258,SEC_0462,40.38,1043.0,2025-02-27 15:04:12
3258,3259,SEC_0134,38.78,5445.0,2025-02-03 07:09:19
3259,3260,SEC_0067,55.3,5004.0,2025-04-30 22:58:48
3260,3261,SEC_0336,49.8,4189.0,2025-04-09 23:56:54
3261,3262,SEC_0007,34.31,9002.0,2025-04-16 07:33:16
3262,3263,SEC_0436,45.58,3089.0,2025-04-04 13:16:46
3263,3264,SEC_0014,42.83,1647.0,2025-04-18 16:26:36
3264,3265,SEC_0073,79.72,488.0,2025-01-09 06:04:27
3265,3266,SEC_0399,56.78,3082.0,2025-04-04 16:16:43
3266,3267,SEC_0405,87.43,1748.0,2025-06-18 15:55:57
3267,3268,SEC_0163,44.12,8941.0,2025-06-09 19:10:14
3268,3269,SEC_0066,50.03,528.0,2025-05-18 18:33:18
3269,3270,SEC_0347,61.31,1168.0,2025-06-29 15:07:44
3270,3271,SEC_0130,65.45,4611.0,2025-03-12 14:54:23
3271,3272,SEC_0419,67.78,,2025-06-21 03:40:24
3272,3273,SEC_0466,41.83,7662.0,2025-06-25 19:57:13
3273,3274,SEC_0206,42.19,-5805.0,2025-06-09 22:56:47
3274,3275,SEC_0276,49.08,484.0,2025-04-20 21:38:16
3275,3276,SEC_0466,85.14,452.0,2025-02-06 05:09:35
3276,3277,SEC_0256,40.44,,2025-04-02 12:18:38
3277,3278,SEC_0266,46.62,5656.0,2025-05-06 02:26:09
3278,3279,SEC_0025,67.96,7208.0,2025-01-02 09:23:21
3279,3280,SEC_0450,66.88,4398.0,2025-05-13 08:34:32
3280,3281,SEC_0281,64.5,5672.0,2025-05-23 09:45:53
3281,3282,SEC_0253,55.94,3134.0,2025-06-16 09:07:56
3282,3283,SEC_0310,39.66,1774.0,2025-01-03 06:14:57
3283,3284,SEC_0289,44.38,5623.0,2025-03-09 15:53:00
3284,3285,SEC_0164,76.55,-9191.0,2025-03-25 03:22:36
3285,3286,SEC_0095,68.86,7413.0,2025-03-01 04:55:08
3286,3287,SEC_0270,36.58,2066.0,2025-02-03 23:15:35
3287,3288,SEC_0321,70.87,8590.0,2025-06-21 13:41:22
3288,3289,SEC_0110,80.85,6333.0,2025-05-16 15:07:41
3289,3290,SEC_0336,55.49,7914.0,2025-06-20 09:03:10
3290,3291,SEC_0310,62.05,9996.0,2025-01-27 17:20:02
3291,3292,SEC_0238,73.95,1947.0,2025-01-26 11:32:06
3292,3293,SEC_0381,44.31,3416.0,2025-06-10 15:25:18
3293,3294,SEC_0436,109.82,1395.0,2025-05-31 15:04:41
3294,3295,SEC_0387,78.8,2422.0,2025-06-07 18:35:17
3295,3296,SEC_0483,63.89,3920.0,2025-04-13 05:44:22
3296,3297,SEC_0425,54.04,7346.0,2025-01-14 22:32:53
3297,3298,SEC_0390,63.33,3084.0,2025-04-19 02:23:09
3298,3299,SEC_0025,34.19,8031.0,2025-05-22 23:29:12
3299,3300,SEC_0141,101.96,8121.0,2025-06-22 00:07:45
3300,3301,SEC_0117,76.61,1845.0,2025-03-27 07:45:11
3301,3302,SEC_0482,84.71,1805.0,2025-03-08 04:30:50
3302,3303,SEC_0392,,9082.0,2025-02-18 10:11:49
3303,3304,SEC_0405,49.0,2504.0,2025-01-17 17:48:29
3304,3305,SEC_0482,44.6,1894.0,2025-04-13 14:45:34
3305,3306,SEC_0452,69.69,1667.0,2025-05-03 06:35:31
3306,3307,SEC_0025,46.82,4345.0,2025-02-27 16:58:45
3307,3308,SEC_0079,51.61,-6592.0,2025-05-12 22:27:01
3308,3309,SEC_0068,64.32,3066.0,2025-01-08 01:45:47
3309,3310,SEC_0173,44.8,5076.0,2025-02-11 23:45:45
3310,3311,SEC_0444,74.68,3076.0,2025-03-05 09:02:10
3311,3312,SEC_0012,54.31,1260.0,2025-06-03 02:36:23
3312,3313,SEC_0288,34.73,2221.0,2025-05-21 11:08:52
3313,3314,SEC_0128,44.66,5442.0,2025-02-07 22:44:25
3314,3315,SEC_0096,80.84,8979.0,2025-06-01 07:52:10
3315,3316,SEC_0092,41.22,4936.0,2025-05-26 11:27:47
3316,3317,SEC_0141,71.39,2448.0,2025-03-28 08:37:01
3317,3318,SEC_0031,56.63,3130.0,2025-03-11 10:44:29
3318,3319,SEC_0334,51.86,1899.0,2025-02-24 04:17:03
3319,3320,SEC_0020,116.02,7698.0,2025-06-24 12:17:00
3320,3321,SEC_0146,37.14,-6692.0,2025-02-08 14:10:41
3321,3322,SEC_0477,43.73,4504.0,2025-02-05 23:19:25
3322,3323,SEC_0316,54.22,3950.0,2025-02-03 02:45:13
3323,3324,SEC_0447,112.7,8011.0,2025-04-04 10:36:32
3324,3325,SEC_0390,54.25,7440.0,2025-01-09 00:29:02
3325,3326,SEC_0160,59.28,17.0,2025-05-27 13:14:04
3326,3327,SEC_0349,49.37,7960.0,2025-02-09 07:47:02
3327,3328,SEC_0043,60.8,6242.0,2025-01-03 15:19:53
3328,3329,SEC_0254,50.29,7907.0,2025-06-08 17:00:10
3329,3330,SEC_0130,67.26,3023.0,2025-04-18 22:33:38
3330,3331,SEC_0060,68.87,1267.0,2025-03-07 11:21:38
3331,3332,SEC_0151,50.9,479.0,2025-04-01 08:13:22
3332,3333,SEC_0467,38.95,4297.0,2025-04-08 20:09:29
3333,3334,SEC_0287,56.15,-3978.0,2025-06-19 21:08:11
3334,3335,SEC_0499,,6069.0,2025-04-08 18:04:44
3335,3336,SEC_0005,42.61,4275.0,2025-05-17 05:57:54
3336,3337,SEC_0467,60.35,6414.0,2025-01-29 12:11:29
3337,3338,SEC_0418,38.03,7792.0,2025-02-01 13:10:29
3338,3339,SEC_0266,39.97,486.0,2025-01-21 14:01:49
3339,3340,SEC_0345,80.65,4674.0,2025-05-21 08:59:05
3340,3341,SEC_0130,67.19,338.0,2025-03-03 02:37:54
3341,3342,SEC_0382,60.62,9053.0,2025-05-24 15:26:24
3342,3343,SEC_0267,27.21,6901.0,2025-03-04 01:17:29
3343,3344,SEC_0178,46.25,2004.0,2025-06-07 20:39:40
3344,3345,SEC_0253,65.5,1472.0,2025-04-01 04:20:44
3345,3346,SEC_0415,35.35,6728.0,2025-04-21 16:38:32
3346,3347,SEC_0056,,2043.0,2025-02-17 06:13:51
3347,3348,SEC_0463,68.72,1520.0,2025-06-28 07:56:05
3348,3349,SEC_0457,34.7,6490.0,2025-05-13 00:27:01
3349,3350,SEC_0471,32.99,8894.0,2025-05-31 14:10:01
3350,3351,SEC_0083,34.88,4389.0,2025-02-23 12:51:04
3351,3352,SEC_0393,60.36,7857.0,2025-06-18 18:45:53
3352,3353,SEC_0099,46.2,9366.0,2025-02-04 07:00:25
3353,3354,SEC_0149,71.05,1606.0,2025-02-16 11:52:56
3354,3355,SEC_0329,56.62,5665.0,2025-01-15 19:02:21
3355,3356,SEC_0156,95.98,6940.0,2025-06-09 15:43:58
3356,3357,SEC_0190,37.67,5118.0,2025-03-08 07:17:06
3357,3358,SEC_0494,60.31,5380.0,2025-04-21 07:51:30
3358,3359,SEC_0371,43.01,2125.0,2025-06-24 16:22:42
3359,3360,SEC_0263,65.37,4992.0,2025-04-13 06:40:32
3360,3361,SEC_0080,56.6,6795.0,2025-03-24 01:38:01
3361,3362,SEC_0400,40.53,1447.0,2025-05-16 07:45:50
3362,3363,SEC_0252,52.08,3307.0,2025-01-12 21:37:58
3363,3364,SEC_0097,55.81,2373.0,2025-05-27 15:11:21
3364,3365,SEC_0260,45.61,151.0,2025-02-06 06:45:32
3365,3366,SEC_0260,67.91,1660.0,2025-05-12 22:58:41
3366,3367,SEC_0103,40.07,6140.0,2025-01-10 06:47:49
3367,3368,SEC_0040,102.24,9071.0,2025-06-02 16:35:31
3368,3369,SEC_0273,72.68,7200.0,2025-03-12 20:56:10
3369,3370,SEC_0101,60.62,2320.0,2025-02-01 04:56:54
3370,3371,SEC_0359,128.2,2884.0,2025-05-31 04:18:55
3371,3372,SEC_0380,49.76,7804.0,2025-05-11 00:30:05
3372,3373,SEC_0308,65.59,1516.0,2025-01-12 04:41:01
3373,3374,SEC_0221,58.37,590.0,2025-05-20 09:26:46
3374,3375,SEC_0308,-69.36,588.0,2025-04-06 07:44:46
3375,3376,SEC_0420,85.53,2620.0,2025-02-22 03:17:07
3376,3377,SEC_0124,64.37,5488.0,2025-06-19 10:57:42
3377,3378,SEC_0422,74.63,6224.0,2025-02-23 04:52:56
3378,3379,SEC_0231,46.29,9388.0,2025-01-13 18:32:03
3379,3380,SEC_0178,51.32,,2025-02-04 21:32:53
3380,3381,SEC_0063,89.25,2606.0,2025-06-15 06:58:30
3381,3382,SEC_0485,65.3,2539.0,2025-05-04 18:46:33
3382,3383,SEC_0116,58.82,8758.0,2025-05-21 13:49:22
3383,3384,SEC_0191,43.56,1757.0,2025-01-22 09:48:04
3384,3385,SEC_0062,72.96,1361.0,2025-06-06 20:49:35
3385,3386,SEC_0256,43.19,2374.0,2025-05-13 23:50:19
3386,3387,SEC_0483,39.53,1196.0,2025-05-18 12:11:12
3387,3388,SEC_0007,56.51,2132.0,2025-06-10 14:44:21
3388,3389,SEC_0155,,8010.0,2025-03-03 10:20:38
3389,3390,SEC_0092,65.58,5644.0,2025-03-08 01:07:04
3390,3391,SEC_0470,61.13,9760.0,2025-03-27 12:46:34
3391,3392,SEC_0014,49.11,3411.0,2025-03-29 08:49:55
3392,3393,SEC_0455,50.47,2368.0,2025-04-11 15:38:00
3393,3394,SEC_0229,52.68,3344.0,2025-06-21 12:30:04
3394,3395,SEC_0086,43.09,7282.0,2025-04-18 22:13:25
3395,3396,SEC_0133,57.71,3098.0,2025-02-19 18:35:16
3396,3397,SEC_0183,50.66,9453.0,2025-02-20 08:36:17
3397,3398,SEC_0386,56.47,1334.0,2025-01-12 16:28:00
3398,3399,SEC_0062,52.11,7166.0,2025-01-03 07:50:47
3399,3400,SEC_0219,-49.12,3337.0,2025-03-09 07:21:47
3400,3401,SEC_0405,59.36,8158.0,2025-01-08 17:43:07
3401,3402,SEC_0246,69.02,3085.0,2025-02-09 22:46:13
3402,3403,SEC_0230,46.65,3388.0,2025-02-21 03:53:49
3403,3404,SEC_0079,61.48,4714.0,2025-03-03 18:48:38
3404,3405,SEC_0149,63.8,7806.0,2025-02-07 05:47:33
3405,3406,SEC_0138,37.15,5102.0,2025-02-22 07:14:33
3406,3407,SEC_0471,73.18,,2025-01-18 18:38:23
3407,3408,SEC_0314,101.18,1017.0,2025-04-18 11:06:04
3408,3409,SEC_0376,53.17,642.0,2025-05-21 02:10:53
3409,3410,SEC_0423,51.86,4063.0,2025-05-24 14:10:46
3410,3411,SEC_0389,51.22,8508.0,2025-03-02 02:56:13
3411,3412,SEC_0065,65.77,-441.0,2025-05-11 18:11:00
3412,3413,SEC_0013,63.64,1139.0,2025-06-13 05:21:20
3413,3414,SEC_0213,33.88,9107.0,2025-06-20 15:08:32
3414,3415,SEC_0474,42.1,5244.0,2025-03-17 02:36:36
3415,3416,SEC_0242,63.57,2304.0,2025-03-25 13:36:29
3416,3417,SEC_0493,52.27,5951.0,2025-03-06 05:45:16
3417,3418,SEC_0213,38.48,7047.0,2025-02-24 16:28:12
3418,3419,SEC_0181,85.63,6607.0,2025-01-27 18:03:38
3419,3420,SEC_0338,42.95,3422.0,2025-01-19 15:59:58
3420,3421,SEC_0485,55.19,2079.0,2025-01-02 19:34:52
3421,3422,SEC_0173,51.86,6104.0,2025-04-11 21:17:05
3422,3423,SEC_0160,39.5,4151.0,2025-02-05 07:25:18
3423,3424,SEC_0164,57.71,2201.0,2025-05-11 01:16:02
3424,3425,SEC_0465,61.41,4552.0,2025-05-01 10:02:56
3425,3426,SEC_0483,47.45,6430.0,2025-01-23 21:52:05
3426,3427,SEC_0497,49.36,8228.0,2025-04-26 07:35:39
3427,3428,SEC_0188,65.38,9010.0,2025-06-08 20:40:05
3428,3429,SEC_0395,30.19,1947.0,2025-06-19 10:03:46
3429,3430,SEC_0191,42.37,3957.0,2025-05-19 19:33:02
3430,3431,SEC_0405,58.21,2226.0,2025-06-21 11:29:38
3431,3432,SEC_0308,46.62,7716.0,2025-02-17 00:26:30
3432,3433,SEC_0256,46.42,3326.0,2025-03-03 20:44:30
3433,3434,SEC_0183,71.56,8700.0,2025-05-20 15:56:16
3434,3435,SEC_0117,,,2025-05-09 23:19:16
3435,3436,SEC_0282,98.86,8161.0,2025-02-26 20:55:56
3436,3437,SEC_0196,32.25,4815.0,2025-02-24 18:48:34
3437,3438,SEC_0034,28.12,8652.0,2025-04-05 14:46:28
3438,3439,SEC_0052,71.07,6104.0,2025-05-04 01:36:58
3439,3440,SEC_0112,40.64,1406.0,2025-03-24 14:29:33
3440,3441,SEC_0252,40.85,6091.0,2025-01-17 10:05:23
3441,3442,SEC_0082,73.36,7288.0,2025-03-13 06:30:13
3442,3443,SEC_0232,47.03,2037.0,2025-02-05 21:34:19
3443,3444,SEC_0227,71.74,6035.0,2025-02-03 05:26:00
3444,3445,SEC_0233,45.46,2678.0,2025-02-07 11:13:35
3445,3446,SEC_0221,60.87,6145.0,2025-05-11 11:47:53
3446,3447,SEC_0436,46.83,1745.0,2025-01-26 09:16:23
3447,3448,SEC_0413,41.43,9424.0,2025-05-19 13:06:20
3448,3449,SEC_0422,91.76,1178.0,2025-06-06 06:33:37
3449,3450,SEC_0042,76.32,762.0,2025-01-30 08:12:35
3450,3451,SEC_0021,43.9,4779.0,2025-01-11 09:00:08
3451,3452,SEC_0042,51.75,6459.0,2025-06-06 06:28:35
3452,3453,SEC_0397,85.02,5624.0,2025-01-01 16:07:34
3453,3454,SEC_0113,40.59,-4715.0,2025-05-07 02:02:50
3454,3455,SEC_0105,41.25,3727.0,2025-01-29 09:56:20
3455,3456,SEC_0192,62.87,9736.0,2025-05-21 21:01:16
3456,3457,SEC_0017,107.89,1934.0,2025-02-18 03:08:01
3457,3458,SEC_0120,55.49,3562.0,2025-02-20 16:18:15
3458,3459,SEC_0393,74.81,7180.0,2025-03-04 09:12:58
3459,3460,SEC_0425,40.24,4445.0,2025-02-28 18:22:49
3460,3461,SEC_0129,60.84,2965.0,2025-01-11 19:58:54
3461,3462,SEC_0130,49.01,9223.0,2025-03-13 20:29:29
3462,3463,SEC_0060,95.58,7225.0,2025-04-03 04:38:25
3463,3464,SEC_0048,88.2,8782.0,2025-03-13 13:17:22
3464,3465,SEC_0029,108.18,3102.0,2025-01-17 03:27:18
3465,3466,SEC_0097,44.32,3898.0,2025-06-27 21:14:55
3466,3467,SEC_0010,55.18,-3679.0,2025-05-19 20:17:45
3467,3468,SEC_0242,61.1,1844.0,2025-04-22 01:40:26
3468,3469,SEC_0314,44.84,-1939.0,2025-06-15 02:42:26
3469,3470,SEC_0444,56.79,8445.0,2025-01-06 22:25:19
3470,3471,SEC_0232,71.71,7867.0,2025-03-27 16:31:27
3471,3472,SEC_0277,46.29,7084.0,2025-04-13 18:06:03
3472,3473,SEC_0284,44.21,5373.0,2025-02-01 12:05:21
3473,3474,SEC_0203,43.34,1467.0,2025-03-08 13:46:18
3474,3475,SEC_0247,36.48,736.0,2025-05-17 00:23:49
3475,3476,SEC_0290,70.54,340.0,2025-03-06 03:57:13
3476,3477,SEC_0264,44.18,1377.0,2025-02-14 20:29:11
3477,3478,SEC_0443,42.81,4720.0,2025-04-30 06:08:04
3478,3479,SEC_0214,63.99,,2025-01-07 12:41:56
3479,3480,SEC_0200,54.42,3725.0,2025-02-10 11:57:33
3480,3481,SEC_0433,46.63,8190.0,2025-01-13 15:51:45
3481,3482,SEC_0079,69.63,4419.0,2025-04-22 11:24:22
3482,3483,SEC_0401,46.08,5260.0,2025-05-28 10:31:32
3483,3484,SEC_0444,28.41,9661.0,2025-03-08 04:24:39
3484,3485,SEC_0343,81.45,553.0,2025-05-23 18:52:04
3485,3486,SEC_0344,42.59,3492.0,2025-01-12 23:57:34
3486,3487,SEC_0173,44.01,790.0,2025-01-06 18:28:08
3487,3488,SEC_0467,44.06,1174.0,2025-04-04 12:16:04
3488,3489,SEC_0069,55.58,553.0,2025-04-30 01:36:12
3489,3490,SEC_0416,50.29,3423.0,2025-01-02 04:40:50
3490,3491,SEC_0428,73.44,4212.0,2025-06-14 20:32:01
3491,3492,SEC_0449,89.44,8824.0,2025-05-16 22:24:36
3492,3493,SEC_0087,44.53,270.0,2025-04-02 17:58:49
3493,3494,SEC_0101,41.21,861.0,2025-02-13 11:53:00
3494,3495,SEC_0008,46.69,291.0,2025-05-08 11:28:57
3495,3496,SEC_0333,62.28,9650.0,2025-01-10 11:00:20
3496,3497,SEC_0200,52.73,5871.0,2025-05-09 12:10:07
3497,3498,SEC_0087,46.99,630.0,2025-01-18 19:54:13
3498,3499,SEC_0043,37.0,7008.0,2025-04-09 00:15:43
3499,3500,SEC_0385,28.14,5944.0,2025-02-12 03:52:33
3500,3501,SEC_0109,40.39,475.0,2025-02-09 07:18:28
3501,3502,SEC_0435,79.78,4633.0,2025-05-21 10:18:22
3502,3503,SEC_0408,62.23,4081.0,2025-02-11 03:26:24
3503,3504,SEC_0483,51.55,1761.0,2025-02-01 21:29:22
3504,3505,SEC_0152,67.96,4709.0,2025-02-15 11:11:59
3505,3506,SEC_0017,37.1,6921.0,2025-03-21 12:44:18
3506,3507,SEC_0133,55.54,3399.0,2025-02-20 20:19:30
3507,3508,SEC_0148,31.95,3562.0,2025-04-22 23:41:02
3508,3509,SEC_0277,60.57,3845.0,2025-06-28 20:45:22
3509,3510,SEC_0232,59.02,3805.0,2025-05-26 06:18:47
3510,3511,SEC_0314,59.44,9817.0,2025-02-28 15:14:54
3511,3512,SEC_0415,77.5,1509.0,2025-02-03 06:52:48
3512,3513,SEC_0366,68.91,4111.0,2025-06-29 22:28:53
3513,3514,SEC_0228,-37.99,4854.0,2025-02-19 04:30:13
3514,3515,SEC_0139,77.85,6832.0,2025-02-03 11:59:12
3515,3516,SEC_0436,51.27,8196.0,2025-01-17 14:44:31
3516,3517,SEC_0399,30.23,3448.0,2025-04-02 18:30:04
3517,3518,SEC_0211,52.85,5585.0,2025-02-05 22:45:20
3518,3519,SEC_0391,66.3,3792.0,2025-01-23 15:17:22
3519,3520,SEC_0499,40.28,5082.0,2025-05-31 01:18:54
3520,3521,SEC_0028,81.44,9353.0,2025-02-17 14:00:31
3521,3522,SEC_0051,41.39,834.0,2025-03-02 21:24:07
3522,3523,SEC_0491,47.26,5336.0,2025-06-03 19:15:17
3523,3524,SEC_0442,44.73,5488.0,2025-05-05 07:50:11
3524,3525,SEC_0261,32.7,6261.0,2025-06-10 06:56:52
3525,3526,SEC_0261,40.53,9395.0,2025-01-28 20:50:01
3526,3527,SEC_0350,44.1,2176.0,2025-04-05 02:46:21
3527,3528,SEC_0352,52.51,9574.0,2025-02-15 23:34:26
3528,3529,SEC_0008,22.19,4174.0,2025-03-23 22:00:14
3529,3530,SEC_0320,67.69,2789.0,2025-02-03 13:08:26
3530,3531,SEC_0138,67.49,7461.0,2025-04-07 18:56:26
3531,3532,SEC_0038,77.82,8534.0,2025-03-18 19:47:33
3532,3533,SEC_0111,34.9,9554.0,2025-01-07 17:42:29
3533,3534,SEC_0480,50.01,6722.0,2025-05-13 06:36:21
3534,3535,SEC_0368,72.42,4192.0,2025-06-10 02:50:16
3535,3536,SEC_0220,74.31,7313.0,2025-01-07 02:19:25
3536,3537,SEC_0337,85.09,8188.0,2025-02-28 15:40:14
3537,3538,SEC_0223,56.31,4617.0,2025-01-16 05:47:37
3538,3539,SEC_0136,53.69,996.0,2025-03-06 03:04:28
3539,3540,SEC_0256,34.21,357.0,2025-01-26 09:51:38
3540,3541,SEC_0360,75.15,8378.0,2025-05-03 20:29:43
3541,3542,SEC_0409,47.56,1694.0,2025-05-07 08:39:33
3542,3543,SEC_0329,55.16,2591.0,2025-03-23 18:29:05
3543,3544,SEC_0450,54.06,9535.0,2025-05-16 02:46:43
3544,3545,SEC_0463,26.62,7922.0,2025-04-09 21:46:22
3545,3546,SEC_0434,-42.8,1692.0,2025-04-18 10:49:12
3546,3547,SEC_0451,-62.56,9275.0,2025-06-14 20:40:42
3547,3548,SEC_0049,53.81,2058.0,2025-06-12 00:33:05
3548,3549,SEC_0292,62.71,2905.0,2025-04-06 15:37:02
3549,3550,SEC_0382,69.07,4452.0,2025-05-28 15:38:13
3550,3551,SEC_0324,42.65,6938.0,2025-04-27 00:35:11
3551,3552,SEC_0078,46.78,2381.0,2025-03-15 12:13:13
3552,3553,SEC_0105,52.33,8209.0,2025-05-22 16:24:58
3553,3554,SEC_0169,68.86,8516.0,2025-05-30 18:21:45
3554,3555,SEC_0217,50.9,2071.0,2025-02-15 08:55:21
3555,3556,SEC_0378,32.0,931.0,2025-02-15 02:55:50
3556,3557,SEC_0119,51.45,1445.0,2025-01-27 17:30:21
3557,3558,SEC_0190,,8595.0,2025-01-31 22:04:29
3558,3559,SEC_0255,82.03,3403.0,2025-02-09 20:15:26
3559,3560,SEC_0370,59.39,-4553.0,2025-01-27 13:31:03
3560,3561,SEC_0266,34.96,9699.0,2025-05-31 18:37:00
3561,3562,SEC_0149,,1522.0,2025-01-23 04:47:20
3562,3563,SEC_0164,62.96,3099.0,2025-01-19 01:25:56
3563,3564,SEC_0140,70.8,8121.0,2025-01-30 13:48:24
3564,3565,SEC_0347,63.57,7356.0,2025-03-23 10:06:16
3565,3566,SEC_0488,50.63,2188.0,2025-04-06 13:22:38
3566,3567,SEC_0258,70.64,2569.0,2025-01-16 11:26:34
3567,3568,SEC_0374,45.05,8284.0,2025-03-19 19:39:18
3568,3569,SEC_0269,57.71,4948.0,2025-04-27 10:08:01
3569,3570,SEC_0181,68.37,4941.0,2025-06-16 14:13:11
3570,3571,SEC_0160,64.91,4763.0,2025-04-09 11:54:51
3571,3572,SEC_0351,65.35,-1754.0,2025-04-26 01:09:16
3572,3573,SEC_0400,64.86,5055.0,2025-06-20 01:48:10
3573,3574,SEC_0288,39.86,4893.0,2025-02-17 09:56:07
3574,3575,SEC_0288,54.89,5782.0,2025-03-16 06:49:05
3575,3576,SEC_0380,41.56,88.0,2025-04-14 12:17:17
3576,3577,SEC_0226,50.06,1642.0,2025-02-22 10:42:44
3577,3578,SEC_0011,38.45,2963.0,2025-05-06 20:22:59
3578,3579,SEC_0010,60.55,5414.0,2025-01-15 19:21:45
3579,3580,SEC_0271,30.28,-7421.0,2025-02-28 13:01:16
3580,3581,SEC_0273,65.71,8743.0,2025-03-05 12:04:31
3581,3582,SEC_0424,54.85,6911.0,2025-03-08 14:50:13
3582,3583,SEC_0402,96.61,5174.0,2025-04-09 03:28:20
3583,3584,SEC_0183,51.35,5230.0,2025-05-10 00:08:05
3584,3585,SEC_0457,51.34,8816.0,2025-05-28 01:15:12
3585,3586,SEC_0153,67.0,3758.0,2025-03-04 17:01:16
3586,3587,SEC_0488,52.25,4797.0,2025-05-13 18:31:11
3587,3588,SEC_0315,59.29,3293.0,2025-01-30 00:25:30
3588,3589,SEC_0334,73.58,3833.0,2025-03-13 15:31:28
3589,3590,SEC_0124,50.39,2612.0,2025-06-11 14:05:00
3590,3591,SEC_0473,78.15,8354.0,2025-06-26 03:22:45
3591,3592,SEC_0114,32.99,8229.0,2025-04-09 23:44:01
3592,3593,SEC_0278,88.33,9038.0,2025-06-11 02:14:31
3593,3594,SEC_0500,31.93,6767.0,2025-02-23 10:37:42
3594,3595,SEC_0414,81.91,7538.0,2025-06-11 03:45:57
3595,3596,SEC_0468,31.19,5297.0,2025-03-28 00:20:15
3596,3597,SEC_0213,98.91,3347.0,2025-02-06 12:38:55
3597,3598,SEC_0172,57.3,4055.0,2025-02-16 14:55:31
3598,3599,SEC_0288,41.12,4201.0,2025-04-01 07:36:40
3599,3600,SEC_0435,95.54,8528.0,2025-06-27 04:07:50
3600,3601,SEC_0174,39.38,1561.0,2025-05-04 17:30:46
3601,3602,SEC_0113,51.0,7523.0,2025-02-23 06:25:34
3602,3603,SEC_0376,119.27,4165.0,2025-03-05 22:05:08
3603,3604,SEC_0405,61.48,6721.0,2025-02-14 09:50:56
3604,3605,SEC_0483,29.73,8854.0,2025-06-29 01:11:09
3605,3606,SEC_0122,50.3,5440.0,2025-01-14 04:27:41
3606,3607,SEC_0032,48.98,4853.0,2025-04-27 13:05:05
3607,3608,SEC_0222,57.77,6596.0,2025-03-12 22:29:59
3608,3609,SEC_0119,53.88,6714.0,2025-06-01 21:06:18
3609,3610,SEC_0039,64.31,3184.0,2025-04-11 10:11:48
3610,3611,SEC_0497,34.52,9678.0,2025-03-01 00:22:41
3611,3612,SEC_0268,46.32,8033.0,2025-04-19 10:59:55
3612,3613,SEC_0233,59.95,2410.0,2025-06-26 10:44:04
3613,3614,SEC_0431,43.44,4299.0,2025-03-09 06:14:47
3614,3615,SEC_0018,75.85,2535.0,2025-06-24 00:04:03
3615,3616,SEC_0149,43.7,5600.0,2025-02-12 12:50:07
3616,3617,SEC_0397,57.0,4.0,2025-05-09 21:45:40
3617,3618,SEC_0149,52.91,27.0,2025-02-21 19:32:44
3618,3619,SEC_0126,,,2025-03-09 02:14:23
3619,3620,SEC_0392,55.6,965.0,2025-03-26 16:19:11
3620,3621,SEC_0302,36.83,6208.0,2025-01-23 13:42:40
3621,3622,SEC_0360,47.79,3097.0,2025-05-24 06:18:20
3622,3623,SEC_0238,55.1,72.0,2025-02-03 09:26:34
3623,3624,SEC_0135,35.58,5602.0,2025-02-05 08:57:08
3624,3625,SEC_0151,65.83,2948.0,2025-05-03 19:44:12
3625,3626,SEC_0236,59.03,6239.0,2025-05-19 05:55:40
3626,3627,SEC_0224,64.05,4491.0,2025-03-03 18:59:02
3627,3628,SEC_0203,54.64,-2412.0,2025-06-16 18:38:23
3628,3629,SEC_0256,38.66,8309.0,2025-02-20 19:52:12
3629,3630,SEC_0086,54.6,2925.0,2025-03-07 09:50:31
3630,3631,SEC_0150,65.82,2838.0,2025-02-27 16:15:38
3631,3632,SEC_0235,38.2,577.0,2025-02-28 17:10:31
3632,3633,SEC_0345,39.12,8964.0,2025-01-16 19:32:25
3633,3634,SEC_0022,,7908.0,2025-02-16 12:04:40
3634,3635,SEC_0348,48.84,8392.0,2025-02-27 08:24:26
3635,3636,SEC_0285,54.33,1756.0,2025-01-06 13:47:54
3636,3637,SEC_0269,50.02,8372.0,2025-01-24 21:28:59
3637,3638,SEC_0466,57.28,2406.0,2025-05-30 21:38:40
3638,3639,SEC_0258,78.77,6884.0,2025-04-30 06:22:30
3639,3640,SEC_0029,64.17,8164.0,2025-05-17 02:21:13
3640,3641,SEC_0213,55.53,6140.0,2025-04-16 09:13:43
3641,3642,SEC_0463,39.17,2989.0,2025-06-03 22:02:13
3642,3643,SEC_0436,43.97,5785.0,2025-04-13 20:33:29
3643,3644,SEC_0283,70.28,-9795.0,2025-05-02 13:07:43
3644,3645,SEC_0050,47.44,1120.0,2025-03-01 07:05:17
3645,3646,SEC_0095,40.84,2215.0,2025-03-25 20:20:43
3646,3647,SEC_0463,102.45,8001.0,2025-06-04 09:48:35
3647,3648,SEC_0499,86.26,8066.0,2025-01-25 08:47:02
3648,3649,SEC_0407,52.6,2902.0,2025-05-06 19:14:42
3649,3650,SEC_0088,39.46,1086.0,2025-03-27 08:07:29
3650,3651,SEC_0044,67.83,174.0,2025-01-11 14:22:13
3651,3652,SEC_0461,47.13,3533.0,2025-01-29 09:44:17
3652,3653,SEC_0278,71.28,1239.0,2025-05-29 15:02:45
3653,3654,SEC_0171,47.15,4835.0,2025-03-15 12:39:21
3654,3655,SEC_0421,89.44,3814.0,2025-01-22 15:07:25
3655,3656,SEC_0189,46.73,7085.0,2025-03-11 19:55:29
3656,3657,SEC_0353,110.99,8013.0,2025-01-13 11:26:36
3657,3658,SEC_0184,57.89,1974.0,2025-03-20 10:52:55
3658,3659,SEC_0003,82.71,3783.0,2025-02-04 13:05:07
3659,3660,SEC_0191,46.43,2245.0,2025-04-23 10:01:50
3660,3661,SEC_0118,36.84,9850.0,2025-02-19 11:08:27
3661,3662,SEC_0019,27.33,8605.0,2025-02-23 23:21:23
3662,3663,SEC_0023,80.08,7222.0,2025-02-04 14:54:30
3663,3664,SEC_0413,55.72,7815.0,2025-03-22 23:42:47
3664,3665,SEC_0030,37.55,1383.0,2025-06-23 21:14:51
3665,3666,SEC_0295,81.08,1124.0,2025-06-29 21:46:04
3666,3667,SEC_0108,77.23,5182.0,2025-01-09 22:31:36
3667,3668,SEC_0367,82.66,4013.0,2025-01-20 20:22:01
3668,3669,SEC_0281,36.53,2244.0,2025-03-13 08:59:19
3669,3670,SEC_0128,79.35,2590.0,2025-03-18 00:50:05
3670,3671,SEC_0229,61.27,9971.0,2025-02-06 14:33:55
3671,3672,SEC_0111,83.79,1130.0,2025-03-22 21:26:57
3672,3673,SEC_0136,64.25,8837.0,2025-06-07 10:53:13
3673,3674,SEC_0362,57.51,9750.0,2025-04-21 01:44:15
3674,3675,SEC_0186,79.68,6300.0,2025-05-25 13:17:08
3675,3676,SEC_0144,70.5,4502.0,2025-05-01 00:52:38
3676,3677,SEC_0072,75.53,7040.0,2025-02-26 09:49:05
3677,3678,SEC_0129,47.16,2774.0,2025-04-14 05:42:22
3678,3679,SEC_0364,,2786.0,2025-05-11 06:16:19
3679,3680,SEC_0261,32.46,6941.0,2025-05-24 09:47:33
3680,3681,SEC_0003,46.15,1707.0,2025-03-02 08:41:13
3681,3682,SEC_0449,69.21,2602.0,2025-03-17 12:17:32
3682,3683,SEC_0388,64.67,8567.0,2025-05-30 07:04:05
3683,3684,SEC_0104,40.7,1613.0,2025-01-17 11:34:13
3684,3685,SEC_0483,80.21,455.0,2025-01-16 00:13:39
3685,3686,SEC_0224,133.21,4298.0,2025-03-03 11:27:08
3686,3687,SEC_0320,41.65,1476.0,2025-06-22 17:51:27
3687,3688,SEC_0362,51.33,-9046.0,2025-02-23 21:36:18
3688,3689,SEC_0354,45.31,8916.0,2025-02-04 11:41:04
3689,3690,SEC_0491,53.07,1392.0,2025-05-18 15:54:41
3690,3691,SEC_0473,59.27,8454.0,2025-03-10 19:38:57
3691,3692,SEC_0010,44.29,8009.0,2025-05-30 17:47:37
3692,3693,SEC_0405,50.25,8735.0,2025-03-30 06:01:10
3693,3694,SEC_0384,56.05,8743.0,2025-06-15 10:14:50
3694,3695,SEC_0302,62.9,5426.0,2025-03-28 13:31:57
3695,3696,SEC_0231,84.77,638.0,2025-03-03 01:02:45
3696,3697,SEC_0219,54.36,8357.0,2025-03-15 07:25:02
3697,3698,SEC_0411,46.13,2806.0,2025-05-12 01:47:51
3698,3699,SEC_0066,67.28,8813.0,2025-01-29 08:24:40
3699,3700,SEC_0425,61.56,-1224.0,2025-06-25 03:09:08
3700,3701,SEC_0112,51.53,3343.0,2025-05-08 11:23:22
3701,3702,SEC_0013,63.15,8243.0,2025-01-31 05:53:38
3702,3703,SEC_0393,48.67,489.0,2025-02-03 12:06:11
3703,3704,SEC_0500,46.57,5143.0,2025-01-12 01:10:37
3704,3705,SEC_0420,30.88,8857.0,2025-05-05 07:18:50
3705,3706,SEC_0086,49.48,,2025-04-12 10:44:23
3706,3707,SEC_0234,32.18,6062.0,2025-04-27 01:25:54
3707,3708,SEC_0090,45.07,2711.0,2025-06-08 23:52:22
3708,3709,SEC_0314,64.96,4362.0,2025-03-28 05:55:25
3709,3710,SEC_0054,34.76,3953.0,2025-01-15 23:03:15
3710,3711,SEC_0012,51.58,881.0,2025-04-07 05:02:52
3711,3712,SEC_0209,55.68,435.0,2025-03-19 22:18:47
3712,3713,SEC_0462,50.83,6125.0,2025-06-11 23:11:44
3713,3714,SEC_0014,47.26,8105.0,2025-01-21 20:01:11
3714,3715,SEC_0121,60.2,5185.0,2025-04-20 06:41:40
3715,3716,SEC_0418,-62.75,1985.0,2025-03-12 13:21:47
3716,3717,SEC_0437,54.62,9985.0,2025-02-27 10:21:53
3717,3718,SEC_0377,48.05,2799.0,2025-02-24 21:12:48
3718,3719,SEC_0020,70.77,7604.0,2025-05-12 12:04:28
3719,3720,SEC_0075,36.85,1494.0,2025-04-03 00:06:13
3720,3721,SEC_0400,67.1,2680.0,2025-05-06 04:25:49
3721,3722,SEC_0243,61.92,1626.0,2025-01-13 15:45:44
3722,3723,SEC_0223,57.96,3018.0,2025-03-13 10:37:28
3723,3724,SEC_0070,54.44,1848.0,2025-01-23 17:09:28
3724,3725,SEC_0312,30.97,3247.0,2025-06-21 15:11:22
3725,3726,SEC_0211,82.78,9731.0,2025-03-25 19:16:35
3726,3727,SEC_0101,70.22,1317.0,2025-06-22 07:15:49
3727,3728,SEC_0186,40.92,9912.0,2025-01-25 13:51:57
3728,3729,SEC_0132,68.56,1951.0,2025-05-04 03:54:51
3729,3730,SEC_0111,57.78,224.0,2025-03-18 14:11:53
3730,3731,SEC_0381,45.84,2027.0,2025-01-12 10:05:09
3731,3732,SEC_0132,78.06,1548.0,2025-05-27 17:56:52
3732,3733,SEC_0020,47.98,3779.0,2025-01-06 12:40:17
3733,3734,SEC_0394,82.01,6512.0,2025-02-18 07:12:38
3734,3735,SEC_0024,64.09,5786.0,2025-05-03 00:21:50
3735,3736,SEC_0227,72.75,7758.0,2025-02-12 16:03:24
3736,3737,SEC_0154,64.96,3724.0,2025-01-14 19:51:28
3737,3738,SEC_0293,64.06,1524.0,2025-01-20 22:04:21
3738,3739,SEC_0230,58.24,1973.0,2025-04-17 03:49:08
3739,3740,SEC_0469,43.9,4605.0,2025-06-24 10:56:52
3740,3741,SEC_0310,55.63,617.0,2025-02-08 06:45:59
3741,3742,SEC_0488,71.87,4516.0,2025-06-25 17:24:24
3742,3743,SEC_0359,67.75,5192.0,2025-01-23 07:43:34
3743,3744,SEC_0405,63.46,5775.0,2025-06-02 13:03:05
3744,3745,SEC_0202,29.12,,2025-06-16 07:05:00
3745,3746,SEC_0038,51.22,2094.0,2025-05-01 06:35:19
3746,3747,SEC_0430,49.63,9957.0,2025-05-30 07:54:05
3747,3748,SEC_0260,39.21,3177.0,2025-05-29 17:23:13
3748,3749,SEC_0188,71.6,9325.0,2025-03-21 11:13:21
3749,3750,SEC_0057,29.74,7485.0,2025-01-29 06:00:59
3750,3751,SEC_0429,70.17,3571.0,2025-02-27 08:19:58
3751,3752,SEC_0020,81.35,1067.0,2025-04-17 07:24:15
3752,3753,SEC_0273,51.27,2147.0,2025-06-14 12:49:27
3753,3754,SEC_0119,53.39,706.0,2025-01-22 15:59:33
3754,3755,SEC_0071,72.99,2359.0,2025-04-09 18:46:15
3755,3756,SEC_0004,43.42,3535.0,2025-01-14 19:51:41
3756,3757,SEC_0221,66.57,3813.0,2025-04-24 14:08:24
3757,3758,SEC_0014,41.46,3769.0,2025-04-19 17:35:20
3758,3759,SEC_0003,37.89,5979.0,2025-04-09 23:19:59
3759,3760,SEC_0216,59.67,2320.0,2025-04-23 23:51:54
3760,3761,SEC_0229,54.16,8164.0,2025-06-13 16:32:53
3761,3762,SEC_0336,32.58,5222.0,2025-03-01 02:58:39
3762,3763,SEC_0186,83.48,210.0,2025-01-25 00:41:27
3763,3764,SEC_0055,48.21,4835.0,2025-01-26 12:44:14
3764,3765,SEC_0500,63.64,2808.0,2025-01-10 16:59:29
3765,3766,SEC_0388,88.37,-3963.0,2025-03-01 10:21:11
3766,3767,SEC_0376,58.81,2391.0,2025-01-25 11:20:00
3767,3768,SEC_0254,80.0,5520.0,2025-03-19 02:02:30
3768,3769,SEC_0024,42.14,4795.0,2025-02-10 19:47:11
3769,3770,SEC_0162,83.62,2445.0,2025-04-18 06:13:52
3770,3771,SEC_0158,42.62,8333.0,2025-04-29 12:35:57
3771,3772,SEC_0082,46.0,8484.0,2025-06-17 18:47:54
3772,3773,SEC_0403,35.29,2865.0,2025-06-25 21:25:52
3773,3774,SEC_0159,59.18,4178.0,2025-01-23 21:46:08
3774,3775,SEC_0188,65.98,2608.0,2025-05-30 16:01:07
3775,3776,SEC_0060,68.72,3937.0,2025-04-14 08:17:00
3776,3777,SEC_0403,35.54,2918.0,2025-04-07 12:38:23
3777,3778,SEC_0305,61.1,2219.0,2025-05-08 01:45:01
3778,3779,SEC_0319,61.78,1798.0,2025-04-14 04:51:55
3779,3780,SEC_0366,65.66,9169.0,2025-06-07 21:37:32
3780,3781,SEC_0211,43.3,8772.0,2025-06-02 01:58:21
3781,3782,SEC_0406,25.75,2574.0,2025-03-11 05:10:51
3782,3783,SEC_0152,67.49,2590.0,2025-02-22 21:55:43
3783,3784,SEC_0109,52.26,3284.0,2025-04-21 11:22:11
3784,3785,SEC_0076,59.39,9992.0,2025-06-28 01:34:21
3785,3786,SEC_0030,53.07,1462.0,2025-06-01 04:02:49
3786,3787,SEC_0314,58.58,4418.0,2025-06-04 02:41:46
3787,3788,SEC_0486,68.11,714.0,2025-04-11 13:09:15
3788,3789,SEC_0117,31.28,2424.0,2025-06-03 03:00:57
3789,3790,SEC_0415,76.88,7221.0,2025-03-14 20:48:11
3790,3791,SEC_0356,51.69,1891.0,2025-06-04 12:14:58
3791,3792,SEC_0192,88.95,3568.0,2025-06-07 21:51:43
3792,3793,SEC_0019,47.57,5376.0,2025-03-02 20:24:41
3793,3794,SEC_0432,44.5,9871.0,2025-04-17 06:42:29
3794,3795,SEC_0173,52.22,2148.0,2025-03-07 10:16:54
3795,3796,SEC_0228,63.43,9110.0,2025-01-13 00:34:18
3796,3797,SEC_0350,50.28,1807.0,2025-05-21 00:59:59
3797,3798,SEC_0183,64.83,4052.0,2025-04-05 12:53:04
3798,3799,SEC_0113,48.61,8752.0,2025-05-11 21:04:45
3799,3800,SEC_0183,55.17,8821.0,2025-06-17 04:27:59
3800,3801,SEC_0481,106.8,3763.0,2025-03-29 23:58:05
3801,3802,SEC_0146,60.78,9199.0,2025-05-25 23:43:01
3802,3803,SEC_0319,62.26,8241.0,2025-05-18 11:02:01
3803,3804,SEC_0116,-35.1,6911.0,2025-05-24 19:08:00
3804,3805,SEC_0113,81.96,6174.0,2025-03-19 16:48:30
3805,3806,SEC_0251,75.18,2133.0,2025-02-01 03:14:49
3806,3807,SEC_0476,44.06,6933.0,2025-04-06 07:47:00
3807,3808,SEC_0251,74.74,1526.0,2025-02-19 18:06:01
3808,3809,SEC_0303,60.28,329.0,2025-01-29 05:39:57
3809,3810,SEC_0459,55.36,2658.0,2025-03-17 22:39:04
3810,3811,SEC_0313,80.42,8780.0,2025-01-01 09:43:42
3811,3812,SEC_0118,46.82,5973.0,2025-04-12 04:09:37
3812,3813,SEC_0301,43.96,5369.0,2025-04-14 17:20:03
3813,3814,SEC_0161,58.11,5972.0,2025-04-07 17:00:35
3814,3815,SEC_0401,63.97,3206.0,2025-05-16 15:44:23
3815,3816,SEC_0198,72.96,6834.0,2025-03-26 05:02:09
3816,3817,SEC_0260,52.18,6142.0,2025-02-27 03:20:42
3817,3818,SEC_0148,42.31,7533.0,2025-01-19 12:52:52
3818,3819,SEC_0240,116.58,7908.0,2025-03-13 15:48:41
3819,3820,SEC_0047,-39.41,1599.0,2025-06-20 14:08:07
3820,3821,SEC_0475,55.51,3852.0,2025-05-11 21:49:51
3821,3822,SEC_0399,68.99,7583.0,2025-04-07 22:32:53
3822,3823,SEC_0198,77.12,7824.0,2025-04-13 22:44:03
3823,3824,SEC_0047,46.06,4608.0,2025-05-18 23:21:40
3824,3825,SEC_0078,31.11,9601.0,2025-02-26 21:22:09
3825,3826,SEC_0124,45.74,5508.0,2025-01-06 17:33:56
3826,3827,SEC_0075,70.7,5935.0,2025-03-23 19:24:18
3827,3828,SEC_0359,66.11,9204.0,2025-05-06 18:25:35
3828,3829,SEC_0137,66.76,5569.0,2025-03-22 14:42:51
3829,3830,SEC_0090,67.59,4660.0,2025-03-11 18:25:22
3830,3831,SEC_0400,81.62,4399.0,2025-06-11 01:07:50
3831,3832,SEC_0325,43.26,-6243.0,2025-04-22 00:16:50
3832,3833,SEC_0500,38.12,9522.0,2025-01-28 19:35:31
3833,3834,SEC_0061,61.02,6612.0,2025-05-26 23:40:06
3834,3835,SEC_0138,39.86,6713.0,2025-02-21 11:21:54
3835,3836,SEC_0050,37.4,2024.0,2025-01-18 12:10:01
3836,3837,SEC_0259,78.82,6177.0,2025-04-02 21:09:13
3837,3838,SEC_0461,58.86,4508.0,2025-03-31 13:41:16
3838,3839,SEC_0107,55.07,3186.0,2025-03-10 00:38:55
3839,3840,SEC_0113,55.41,7724.0,2025-04-23 11:33:08
3840,3841,SEC_0350,,196.0,2025-04-21 17:52:32
3841,3842,SEC_0254,78.66,9983.0,2025-03-12 18:06:35
3842,3843,SEC_0118,34.66,1107.0,2025-05-11 03:33:45
3843,3844,SEC_0493,34.23,2790.0,2025-04-12 05:38:04
3844,3845,SEC_0198,41.23,8731.0,2025-06-26 02:30:10
3845,3846,SEC_0337,59.55,4785.0,2025-04-15 19:36:26
3846,3847,SEC_0365,93.84,719.0,2025-05-12 03:55:17
3847,3848,SEC_0051,70.86,7077.0,2025-04-25 21:50:17
3848,3849,SEC_0245,65.22,3996.0,2025-03-23 04:58:35
3849,3850,SEC_0403,53.31,306.0,2025-03-18 21:35:40
3850,3851,SEC_0426,36.61,5431.0,2025-04-02 13:29:02
3851,3852,SEC_0035,63.72,8580.0,2025-04-12 21:58:21
3852,3853,SEC_0302,100.26,8917.0,2025-03-24 10:30:29
3853,3854,SEC_0410,50.8,8187.0,2025-04-19 11:36:12
3854,3855,SEC_0499,46.15,2597.0,2025-06-06 13:39:42
3855,3856,SEC_0069,50.88,-2436.0,2025-05-22 14:04:30
3856,3857,SEC_0349,65.36,8371.0,2025-01-28 20:23:24
3857,3858,SEC_0320,56.46,1904.0,2025-06-07 07:07:27
3858,3859,SEC_0421,71.74,9897.0,2025-05-09 18:41:43
3859,3860,SEC_0468,54.05,3384.0,2025-04-12 07:43:40
3860,3861,SEC_0049,50.79,4176.0,2025-02-19 14:32:12
3861,3862,SEC_0405,58.48,7182.0,2025-02-28 10:06:51
3862,3863,SEC_0074,46.44,4543.0,2025-04-08 15:35:24
3863,3864,SEC_0192,92.04,5492.0,2025-05-04 00:31:58
3864,3865,SEC_0261,69.89,8288.0,2025-01-01 17:38:59
3865,3866,SEC_0356,39.26,1284.0,2025-03-03 00:28:35
3866,3867,SEC_0070,43.65,248.0,2025-04-28 16:54:35
3867,3868,SEC_0090,64.69,6643.0,2025-05-31 21:06:58
3868,3869,SEC_0260,57.68,982.0,2025-02-12 18:32:48
3869,3870,SEC_0126,59.78,4364.0,2025-02-21 17:41:17
3870,3871,SEC_0231,51.54,1566.0,2025-04-05 14:15:53
3871,3872,SEC_0295,62.59,2142.0,2025-05-30 21:10:26
3872,3873,SEC_0498,51.91,736.0,2025-06-19 01:45:50
3873,3874,SEC_0419,64.65,449.0,2025-01-03 04:46:40
3874,3875,SEC_0129,68.85,7535.0,2025-04-18 09:26:47
3875,3876,SEC_0280,88.41,1836.0,2025-01-05 23:51:14
3876,3877,SEC_0313,46.79,4716.0,2025-03-14 16:12:13
3877,3878,SEC_0100,54.42,614.0,2025-05-04 00:41:15
3878,3879,SEC_0326,37.88,9626.0,2025-03-03 19:27:31
3879,3880,SEC_0297,94.43,6235.0,2025-01-04 07:28:52
3880,3881,SEC_0182,30.19,5629.0,2025-01-29 15:34:14
3881,3882,SEC_0174,90.46,877.0,2025-05-30 19:21:15
3882,3883,SEC_0316,56.15,9326.0,2025-03-11 09:46:02
3883,3884,SEC_0364,61.9,672.0,2025-02-09 19:52:53
3884,3885,SEC_0188,51.95,1631.0,2025-05-09 08:42:41
3885,3886,SEC_0057,55.11,7440.0,2025-04-07 21:11:34
3886,3887,SEC_0031,65.13,361.0,2025-05-22 04:14:07
3887,3888,SEC_0084,33.42,7374.0,2025-06-20 23:14:31
3888,3889,SEC_0152,-44.9,3902.0,2025-01-29 04:13:17
3889,3890,SEC_0473,42.37,798.0,2025-05-30 00:02:51
3890,3891,SEC_0036,62.44,1784.0,2025-03-23 02:41:49
3891,3892,SEC_0213,54.67,7052.0,2025-04-28 09:09:20
3892,3893,SEC_0414,65.72,67.0,2025-01-01 10:18:29
3893,3894,SEC_0408,57.36,5678.0,2025-04-19 03:32:42
3894,3895,SEC_0364,75.01,2091.0,2025-04-10 03:32:24
3895,3896,SEC_0106,43.72,6071.0,2025-05-12 08:31:02
3896,3897,SEC_0414,55.56,5933.0,2025-06-06 01:28:36
3897,3898,SEC_0342,76.16,8426.0,2025-01-09 15:33:16
3898,3899,SEC_0220,71.72,9415.0,2025-04-15 14:33:01
3899,3900,SEC_0391,35.03,1056.0,2025-03-02 21:44:09
3900,3901,SEC_0163,40.19,,2025-01-03 17:16:10
3901,3902,SEC_0439,53.27,3348.0,2025-01-19 01:26:33
3902,3903,SEC_0220,50.88,9362.0,2025-06-13 18:10:32
3903,3904,SEC_0270,53.54,4102.0,2025-05-29 04:38:41
3904,3905,SEC_0120,-69.33,7508.0,2025-06-27 06:01:42
3905,3906,SEC_0394,59.55,8686.0,2025-06-29 16:58:32
3906,3907,SEC_0336,60.6,3180.0,2025-04-24 13:53:34
3907,3908,SEC_0400,66.77,6215.0,2025-03-01 09:40:47
3908,3909,SEC_0182,75.36,1364.0,2025-06-11 13:12:17
3909,3910,SEC_0479,21.83,7268.0,2025-06-28 10:52:28
3910,3911,SEC_0106,48.62,1057.0,2025-04-17 09:45:46
3911,3912,SEC_0217,41.89,143.0,2025-05-22 19:42:01
3912,3913,SEC_0205,62.97,4832.0,2025-04-01 23:56:05
3913,3914,SEC_0070,47.53,7800.0,2025-06-16 06:19:10
3914,3915,SEC_0044,55.85,2265.0,2025-03-18 16:30:32
3915,3916,SEC_0329,70.5,1925.0,2025-05-01 13:44:14
3916,3917,SEC_0301,45.56,2482.0,2025-06-29 01:21:17
3917,3918,SEC_0228,60.88,6978.0,2025-01-10 01:25:22
3918,3919,SEC_0184,87.02,7897.0,2025-04-12 01:52:23
3919,3920,SEC_0107,70.07,3126.0,2025-03-21 02:45:33
3920,3921,SEC_0084,,9134.0,2025-01-23 18:13:08
3921,3922,SEC_0338,50.02,9808.0,2025-05-26 08:17:19
3922,3923,SEC_0250,60.75,7051.0,2025-01-26 08:23:18
3923,3924,SEC_0363,64.45,6012.0,2025-04-06 03:42:52
3924,3925,SEC_0441,50.62,4151.0,2025-04-25 15:00:43
3925,3926,SEC_0021,45.06,9664.0,2025-03-05 03:16:50
3926,3927,SEC_0196,55.72,9251.0,2025-04-16 02:09:43
3927,3928,SEC_0178,39.41,7005.0,2025-04-14 11:09:53
3928,3929,SEC_0417,75.94,9199.0,2025-03-21 23:56:44
3929,3930,SEC_0475,95.64,1221.0,2025-02-14 12:04:07
3930,3931,SEC_0007,61.46,4662.0,2025-06-03 14:57:37
3931,3932,SEC_0070,50.92,4867.0,2025-04-15 19:55:34
3932,3933,SEC_0127,72.4,1798.0,2025-04-08 12:37:37
3933,3934,SEC_0399,68.83,5975.0,2025-04-01 15:50:30
3934,3935,SEC_0466,50.27,2872.0,2025-03-16 15:30:56
3935,3936,SEC_0160,53.82,,2025-05-27 15:10:29
3936,3937,SEC_0248,45.47,,2025-06-29 06:56:41
3937,3938,SEC_0203,57.36,7006.0,2025-03-14 11:52:38
3938,3939,SEC_0148,59.72,6072.0,2025-04-26 12:35:15
3939,3940,SEC_0472,43.21,4613.0,2025-02-01 14:48:10
3940,3941,SEC_0143,39.55,3758.0,2025-03-29 17:13:51
3941,3942,SEC_0432,36.68,2033.0,2025-01-24 13:50:50
3942,3943,SEC_0199,61.87,8897.0,2025-02-01 19:10:40
3943,3944,SEC_0405,54.41,9866.0,2025-06-22 09:57:25
3944,3945,SEC_0426,53.25,4954.0,2025-05-21 19:14:27
3945,3946,SEC_0154,62.76,4315.0,2025-05-24 23:56:14
3946,3947,SEC_0492,41.67,4664.0,2025-03-19 08:37:38
3947,3948,SEC_0376,39.6,9970.0,2025-01-09 11:28:51
3948,3949,SEC_0384,58.69,7052.0,2025-05-14 11:52:53
3949,3950,SEC_0142,32.51,5633.0,2025-01-06 07:35:48
3950,3951,SEC_0313,50.52,5497.0,2025-06-29 06:12:33
3951,3952,SEC_0165,114.43,893.0,2025-04-22 21:03:27
3952,3953,SEC_0314,36.43,972.0,2025-02-22 03:51:10
3953,3954,SEC_0021,47.99,103.0,2025-04-24 08:19:45
3954,3955,SEC_0082,28.88,9300.0,2025-04-16 20:42:02
3955,3956,SEC_0069,50.9,6052.0,2025-02-19 13:02:29
3956,3957,SEC_0131,98.49,5146.0,2025-01-23 00:51:55
3957,3958,SEC_0087,62.81,3247.0,2025-03-14 19:40:13
3958,3959,SEC_0218,45.42,5855.0,2025-04-30 06:33:04
3959,3960,SEC_0421,105.05,3713.0,2025-05-30 08:15:22
3960,3961,SEC_0472,32.37,3418.0,2025-06-18 10:18:30
3961,3962,SEC_0305,62.56,6446.0,2025-06-15 05:52:55
3962,3963,SEC_0403,55.67,5418.0,2025-02-27 01:04:22
3963,3964,SEC_0371,50.7,4152.0,2025-03-13 23:47:54
3964,3965,SEC_0345,69.56,6518.0,2025-06-13 14:27:30
3965,3966,SEC_0341,38.3,3660.0,2025-04-06 06:39:49
3966,3967,SEC_0384,59.97,9112.0,2025-05-26 13:19:26
3967,3968,SEC_0396,57.73,7507.0,2025-01-01 20:41:33
3968,3969,SEC_0445,42.04,4553.0,2025-01-18 13:59:31
3969,3970,SEC_0425,98.0,5674.0,2025-05-27 10:11:00
3970,3971,SEC_0161,51.7,2158.0,2025-06-18 15:12:18
3971,3972,SEC_0178,52.37,-582.0,2025-05-16 03:43:48
3972,3973,SEC_0117,-40.11,796.0,2025-01-04 22:34:13
3973,3974,SEC_0196,51.99,1884.0,2025-03-12 03:12:39
3974,3975,SEC_0383,109.99,6045.0,2025-01-01 00:07:23
3975,3976,SEC_0490,50.61,9002.0,2025-06-02 03:39:01
3976,3977,SEC_0327,63.79,5221.0,2025-06-06 10:55:04
3977,3978,SEC_0086,72.61,573.0,2025-04-05 02:09:34
3978,3979,SEC_0289,51.71,1207.0,2025-01-13 15:32:25
3979,3980,SEC_0081,48.29,3081.0,2025-03-19 00:15:05
3980,3981,SEC_0152,62.91,2461.0,2025-02-21 18:42:37
3981,3982,SEC_0061,50.79,9934.0,2025-01-30 17:16:57
3982,3983,SEC_0061,49.42,4006.0,2025-02-05 01:22:01
3983,3984,SEC_0354,72.38,4926.0,2025-05-03 10:57:39
3984,3985,SEC_0028,53.47,2614.0,2025-03-06 19:41:05
3985,3986,SEC_0442,78.57,1716.0,2025-06-03 12:01:47
3986,3987,SEC_0043,53.11,5246.0,2025-02-13 19:12:56
3987,3988,SEC_0169,36.78,1570.0,2025-06-03 20:35:54
3988,3989,SEC_0423,19.54,677.0,2025-01-10 18:35:27
3989,3990,SEC_0086,31.45,2514.0,2025-02-14 20:40:50
3990,3991,SEC_0177,33.12,8993.0,2025-04-11 03:47:54
3991,3992,SEC_0017,59.14,9334.0,2025-06-17 13:05:26
3992,3993,SEC_0098,40.8,3053.0,2025-04-07 00:57:39
3993,3994,SEC_0454,30.2,2032.0,2025-01-06 15:47:23
3994,3995,SEC_0494,52.5,1509.0,2025-06-23 06:19:39
3995,3996,SEC_0198,39.47,9303.0,2025-03-13 09:56:00
3996,3997,SEC_0098,62.74,4330.0,2025-04-28 13:56:39
3997,3998,SEC_0065,62.27,913.0,2025-01-31 18:40:12
3998,3999,SEC_0330,64.28,5244.0,2025-01-22 20:32:59
3999,4000,SEC_0341,25.34,5323.0,2025-01-29 17:30:43
4000,4001,SEC_0005,55.35,1056.0,2025-04-06 19:34:50
4001,4002,SEC_0002,52.65,7631.0,2025-05-31 10:16:05
4002,4003,SEC_0022,37.85,7108.0,2025-05-15 08:57:10
4003,4004,SEC_0112,28.75,5671.0,2025-02-20 03:02:31
4004,4005,SEC_0057,52.85,1751.0,2025-06-06 05:21:29
4005,4006,SEC_0066,75.13,7576.0,2025-03-18 10:38:25
4006,4007,SEC_0330,25.17,6388.0,2025-01-10 16:49:12
4007,4008,SEC_0098,42.53,3013.0,2025-03-29 20:11:40
4008,4009,SEC_0144,56.8,3429.0,2025-02-13 18:41:54
4009,4010,SEC_0368,76.51,6464.0,2025-02-13 02:28:16
4010,4011,SEC_0435,49.71,5139.0,2025-06-28 09:03:43
4011,4012,SEC_0125,97.45,8549.0,2025-03-03 14:57:53
4012,4013,SEC_0167,31.86,6261.0,2025-02-21 10:17:43
4013,4014,SEC_0086,29.81,5256.0,2025-04-20 03:32:25
4014,4015,SEC_0076,74.09,4392.0,2025-02-06 18:47:17
4015,4016,SEC_0344,26.98,7548.0,2025-05-01 02:40:42
4016,4017,SEC_0495,62.71,7323.0,2025-06-15 07:42:40
4017,4018,SEC_0424,49.98,9810.0,2025-03-21 06:31:52
4018,4019,SEC_0294,41.67,9816.0,2025-01-17 05:59:58
4019,4020,SEC_0444,48.04,5225.0,2025-03-15 17:12:06
4020,4021,SEC_0059,37.09,9858.0,2025-01-23 16:38:17
4021,4022,SEC_0138,49.63,7952.0,2025-01-08 13:18:58
4022,4023,SEC_0099,54.88,9788.0,2025-06-29 03:27:56
4023,4024,SEC_0192,48.19,1990.0,2025-01-01 05:49:26
4024,4025,SEC_0243,45.81,8721.0,2025-01-15 14:20:21
4025,4026,SEC_0319,58.92,2605.0,2025-06-10 01:54:42
4026,4027,SEC_0049,89.83,2408.0,2025-01-08 01:08:23
4027,4028,SEC_0448,50.41,64.0,2025-03-01 07:14:08
4028,4029,SEC_0032,69.83,2813.0,2025-01-05 13:47:48
4029,4030,SEC_0391,40.86,4028.0,2025-06-20 07:04:23
4030,4031,SEC_0277,36.59,102.0,2025-05-16 19:33:06
4031,4032,SEC_0020,62.55,3136.0,2025-05-25 03:19:54
4032,4033,SEC_0154,-50.9,1181.0,2025-01-29 17:10:04
4033,4034,SEC_0383,76.62,5510.0,2025-01-04 21:44:10
4034,4035,SEC_0068,81.26,7531.0,2025-04-01 10:04:43
4035,4036,SEC_0366,70.23,2729.0,2025-01-15 09:52:53
4036,4037,SEC_0372,69.77,7632.0,2025-06-03 05:18:17
4037,4038,SEC_0214,19.54,8591.0,2025-05-01 21:15:54
4038,4039,SEC_0143,62.39,405.0,2025-01-02 15:17:53
4039,4040,SEC_0376,70.73,2874.0,2025-05-26 14:53:28
4040,4041,SEC_0232,37.28,3269.0,2025-04-19 22:21:53
4041,4042,SEC_0213,54.74,2695.0,2025-06-09 01:57:40
4042,4043,SEC_0079,39.93,2468.0,2025-03-11 18:29:06
4043,4044,SEC_0214,74.31,4316.0,2025-06-26 01:15:05
4044,4045,SEC_0116,40.98,1922.0,2025-04-24 02:03:43
4045,4046,SEC_0092,43.04,3960.0,2025-01-28 09:30:51
4046,4047,SEC_0270,47.5,6841.0,2025-05-04 19:02:32
4047,4048,SEC_0411,107.21,9733.0,2025-04-19 19:32:56
4048,4049,SEC_0381,73.8,4849.0,2025-05-11 00:35:34
4049,4050,SEC_0489,88.57,7624.0,2025-02-17 10:05:29
4050,4051,SEC_0168,31.69,3369.0,2025-05-12 15:51:32
4051,4052,SEC_0058,37.31,7873.0,2025-06-03 17:48:56
4052,4053,SEC_0284,-81.58,680.0,2025-01-23 08:55:18
4053,4054,SEC_0026,32.2,7507.0,2025-05-01 20:12:33
4054,4055,SEC_0369,44.63,748.0,2025-04-29 18:33:45
4055,4056,SEC_0447,101.15,1322.0,2025-01-23 08:55:12
4056,4057,SEC_0066,40.89,7928.0,2025-03-02 14:12:09
4057,4058,SEC_0409,31.62,3749.0,2025-03-18 11:44:09
4058,4059,SEC_0248,55.38,5863.0,2025-01-19 17:52:13
4059,4060,SEC_0254,32.01,4790.0,2025-03-07 09:34:27
4060,4061,SEC_0387,79.14,534.0,2025-03-06 13:25:29
4061,4062,SEC_0456,41.74,1819.0,2025-03-08 00:52:07
4062,4063,SEC_0044,39.31,2342.0,2025-05-16 22:36:37
4063,4064,SEC_0097,55.08,6695.0,2025-02-01 21:55:09
4064,4065,SEC_0042,48.36,5007.0,2025-04-07 02:29:05
4065,4066,SEC_0500,58.89,4546.0,2025-04-25 13:22:44
4066,4067,SEC_0227,,9661.0,2025-04-06 13:31:20
4067,4068,SEC_0262,51.15,7228.0,2025-04-07 10:39:59
4068,4069,SEC_0167,38.53,4908.0,2025-01-26 04:13:25
4069,4070,SEC_0436,67.98,7979.0,2025-04-26 11:46:55
4070,4071,SEC_0279,44.34,4486.0,2025-05-14 10:01:57
4071,4072,SEC_0089,42.07,1236.0,2025-05-03 14:48:54
4072,4073,SEC_0379,56.99,9901.0,2025-05-26 22:42:23
4073,4074,SEC_0178,30.61,7656.0,2025-02-22 01:34:52
4074,4075,SEC_0427,61.39,1146.0,2025-03-28 07:50:34
4075,4076,SEC_0403,57.9,7421.0,2025-04-14 02:59:00
4076,4077,SEC_0197,76.44,1476.0,2025-04-17 11:30:54
4077,4078,SEC_0307,46.99,2922.0,2025-06-11 15:46:58
4078,4079,SEC_0267,81.24,5680.0,2025-01-15 08:25:06
4079,4080,SEC_0268,64.0,7697.0,2025-06-17 13:29:19
4080,4081,SEC_0074,54.16,5416.0,2025-04-22 14:44:15
4081,4082,SEC_0008,94.16,4939.0,2025-02-11 19:09:40
4082,4083,SEC_0408,56.18,1605.0,2025-02-09 21:17:07
4083,4084,SEC_0476,46.73,5048.0,2025-02-02 20:50:44
4084,4085,SEC_0297,,8744.0,2025-02-16 04:45:49
4085,4086,SEC_0164,46.45,8176.0,2025-04-16 20:48:04
4086,4087,SEC_0485,61.07,7620.0,2025-03-01 04:58:11
4087,4088,SEC_0085,81.14,6118.0,2025-05-12 07:42:04
4088,4089,SEC_0072,54.47,7930.0,2025-03-07 07:37:23
4089,4090,SEC_0055,56.09,1837.0,2025-01-17 03:50:40
4090,4091,SEC_0393,69.36,5905.0,2025-03-04 16:44:09
4091,4092,SEC_0047,77.96,6477.0,2025-04-06 01:57:07
4092,4093,SEC_0399,47.67,7274.0,2025-06-07 17:42:03
4093,4094,SEC_0432,57.5,9317.0,2025-01-04 23:54:37
4094,4095,SEC_0238,69.45,1383.0,2025-03-24 13:46:27
4095,4096,SEC_0104,60.28,9963.0,2025-06-14 00:04:08
4096,4097,SEC_0210,31.23,3401.0,2025-01-04 04:09:30
4097,4098,SEC_0042,73.32,8057.0,2025-06-16 12:44:03
4098,4099,SEC_0316,63.87,-8227.0,2025-06-13 15:59:34
4099,4100,SEC_0468,65.25,,2025-03-15 10:18:08
4100,4101,SEC_0454,38.18,3345.0,2025-04-07 20:58:05
4101,4102,SEC_0268,57.15,3015.0,2025-02-16 22:51:59
4102,4103,SEC_0386,70.32,7920.0,2025-03-06 04:33:10
4103,4104,SEC_0263,41.92,9973.0,2025-04-08 00:25:01
4104,4105,SEC_0336,45.32,1629.0,2025-01-13 11:53:37
4105,4106,SEC_0387,70.68,6765.0,2025-05-18 15:36:43
4106,4107,SEC_0365,44.7,9522.0,2025-01-21 12:29:30
4107,4108,SEC_0259,51.29,5746.0,2025-01-19 02:42:47
4108,4109,SEC_0283,40.03,9752.0,2025-03-04 08:54:17
4109,4110,SEC_0114,94.25,8997.0,2025-06-08 23:21:38
4110,4111,SEC_0363,63.83,1291.0,2025-03-23 10:46:31
4111,4112,SEC_0040,50.57,7011.0,2025-01-29 02:09:29
4112,4113,SEC_0486,47.81,2587.0,2025-01-14 13:15:19
4113,4114,SEC_0417,37.77,6124.0,2025-05-04 19:45:14
4114,4115,SEC_0220,52.82,4931.0,2025-04-12 03:59:56
4115,4116,SEC_0129,66.65,2551.0,2025-01-13 18:17:56
4116,4117,SEC_0008,42.82,956.0,2025-06-11 17:53:08
4117,4118,SEC_0101,56.35,8772.0,2025-05-18 11:07:19
4118,4119,SEC_0416,48.9,1998.0,2025-02-07 14:11:37
4119,4120,SEC_0380,82.6,6984.0,2025-02-17 20:23:48
4120,4121,SEC_0176,45.1,9858.0,2025-05-31 01:26:32
4121,4122,SEC_0107,68.93,7130.0,2025-04-09 06:43:28
4122,4123,SEC_0101,82.95,2131.0,2025-04-03 09:37:40
4123,4124,SEC_0260,48.76,7210.0,2025-01-24 05:09:06
4124,4125,SEC_0478,45.76,6300.0,2025-03-06 21:11:14
4125,4126,SEC_0454,72.01,3741.0,2025-03-26 15:09:53
4126,4127,SEC_0366,32.0,2501.0,2025-06-22 07:56:34
4127,4128,SEC_0246,62.13,-9835.0,2025-01-14 04:20:06
4128,4129,SEC_0275,-34.04,7452.0,2025-05-12 07:22:22
4129,4130,SEC_0032,78.79,5308.0,2025-05-16 04:05:18
4130,4131,SEC_0137,50.62,6768.0,2025-03-22 01:14:03
4131,4132,SEC_0012,53.13,1498.0,2025-05-15 12:52:07
4132,4133,SEC_0395,43.94,8814.0,2025-03-11 04:44:10
4133,4134,SEC_0302,33.96,3145.0,2025-02-23 10:04:23
4134,4135,SEC_0375,79.82,9652.0,2025-03-23 21:22:08
4135,4136,SEC_0016,51.87,8026.0,2025-06-15 17:26:05
4136,4137,SEC_0129,142.97,293.0,2025-04-28 10:40:10
4137,4138,SEC_0063,,8847.0,2025-04-09 15:03:02
4138,4139,SEC_0109,44.97,-2805.0,2025-05-09 02:25:21
4139,4140,SEC_0375,41.71,7605.0,2025-03-13 12:47:22
4140,4141,SEC_0021,51.79,7140.0,2025-05-19 12:40:14
4141,4142,SEC_0158,87.58,7829.0,2025-05-29 20:06:33
4142,4143,SEC_0269,73.92,6204.0,2025-05-13 21:10:59
4143,4144,SEC_0162,34.77,1622.0,2025-04-02 23:09:08
4144,4145,SEC_0260,78.35,7872.0,2025-04-12 21:07:39
4145,4146,SEC_0412,67.01,4015.0,2025-06-14 04:05:20
4146,4147,SEC_0102,63.08,3506.0,2025-03-06 11:22:53
4147,4148,SEC_0223,44.47,8711.0,2025-06-21 07:38:59
4148,4149,SEC_0059,45.47,2686.0,2025-01-22 20:09:23
4149,4150,SEC_0247,-56.89,28.0,2025-04-04 21:02:48
4150,4151,SEC_0128,46.25,266.0,2025-02-07 16:22:32
4151,4152,SEC_0283,-80.95,9499.0,2025-03-14 13:07:56
4152,4153,SEC_0325,45.66,7106.0,2025-05-07 08:18:04
4153,4154,SEC_0025,30.45,6907.0,2025-06-10 03:23:06
4154,4155,SEC_0131,36.95,5076.0,2025-06-10 19:56:41
4155,4156,SEC_0353,37.66,5820.0,2025-06-24 05:11:12
4156,4157,SEC_0196,50.45,811.0,2025-05-23 17:19:51
4157,4158,SEC_0281,58.25,-4677.0,2025-03-28 23:11:47
4158,4159,SEC_0404,55.49,3391.0,2025-01-09 22:54:59
4159,4160,SEC_0418,62.69,611.0,2025-01-02 02:06:28
4160,4161,SEC_0154,50.62,4547.0,2025-02-09 12:51:29
4161,4162,SEC_0382,51.16,5028.0,2025-03-19 20:59:10
4162,4163,SEC_0133,92.35,5725.0,2025-04-13 07:20:16
4163,4164,SEC_0227,78.38,203.0,2025-01-31 17:19:48
4164,4165,SEC_0189,61.71,402.0,2025-01-12 23:47:50
4165,4166,SEC_0476,71.88,2028.0,2025-03-28 00:19:21
4166,4167,SEC_0477,30.63,9082.0,2025-04-30 12:09:44
4167,4168,SEC_0265,42.66,179.0,2025-03-30 21:08:43
4168,4169,SEC_0372,47.96,5818.0,2025-03-09 02:56:27
4169,4170,SEC_0486,42.81,1980.0,2025-06-09 15:30:20
4170,4171,SEC_0434,34.34,7186.0,2025-02-16 20:16:17
4171,4172,SEC_0134,61.94,3985.0,2025-01-09 23:30:19
4172,4173,SEC_0211,82.74,5666.0,2025-01-02 18:15:35
4173,4174,SEC_0060,54.39,5022.0,2025-06-18 22:36:06
4174,4175,SEC_0428,66.32,5523.0,2025-04-30 06:00:17
4175,4176,SEC_0377,53.91,5513.0,2025-03-31 18:52:52
4176,4177,SEC_0395,47.82,2984.0,2025-02-19 16:59:58
4177,4178,SEC_0450,71.93,8543.0,2025-02-20 13:04:02
4178,4179,SEC_0431,35.57,4283.0,2025-02-01 14:39:13
4179,4180,SEC_0364,31.22,5529.0,2025-02-09 17:32:21
4180,4181,SEC_0364,35.42,-7989.0,2025-05-17 08:40:57
4181,4182,SEC_0457,70.53,7276.0,2025-04-11 22:45:16
4182,4183,SEC_0213,56.05,2788.0,2025-03-03 00:26:13
4183,4184,SEC_0216,61.13,4627.0,2025-06-06 19:04:26
4184,4185,SEC_0226,90.29,6562.0,2025-03-31 08:17:55
4185,4186,SEC_0470,-38.51,6353.0,2025-05-11 08:26:08
4186,4187,SEC_0131,78.36,-4809.0,2025-06-13 02:08:20
4187,4188,SEC_0076,48.48,8630.0,2025-04-01 01:27:44
4188,4189,SEC_0476,46.32,5889.0,2025-05-04 02:33:14
4189,4190,SEC_0286,55.94,5738.0,2025-02-13 06:35:41
4190,4191,SEC_0474,58.63,2359.0,2025-04-16 22:22:50
4191,4192,SEC_0496,51.26,8575.0,2025-06-08 22:40:55
4192,4193,SEC_0277,65.57,5391.0,2025-04-14 19:14:09
4193,4194,SEC_0156,56.01,4217.0,2025-04-20 21:21:03
4194,4195,SEC_0248,51.43,407.0,2025-05-02 18:36:08
4195,4196,SEC_0218,48.19,4341.0,2025-01-25 23:26:32
4196,4197,SEC_0190,58.65,66.0,2025-02-24 17:42:42
4197,4198,SEC_0417,36.34,228.0,2025-06-02 08:17:41
4198,4199,SEC_0469,39.55,2185.0,2025-01-13 00:24:06
4199,4200,SEC_0163,48.9,6801.0,2025-05-05 16:55:31
4200,4201,SEC_0180,64.29,9705.0,2025-04-05 03:03:30
4201,4202,SEC_0034,103.84,7752.0,2025-05-14 05:58:33
4202,4203,SEC_0041,52.05,9122.0,2025-02-16 13:24:00
4203,4204,SEC_0307,32.06,5824.0,2025-02-12 07:02:50
4204,4205,SEC_0431,43.07,1181.0,2025-04-23 20:43:27
4205,4206,SEC_0338,66.53,9232.0,2025-06-24 07:08:09
4206,4207,SEC_0314,,1102.0,2025-03-21 13:23:38
4207,4208,SEC_0075,,2100.0,2025-06-11 18:20:48
4208,4209,SEC_0441,66.43,514.0,2025-02-02 03:02:43
4209,4210,SEC_0279,62.77,1833.0,2025-02-07 12:08:19
4210,4211,SEC_0176,35.1,7138.0,2025-05-31 13:20:24
4211,4212,SEC_0384,41.74,-5808.0,2025-06-03 16:09:45
4212,4213,SEC_0150,79.31,3117.0,2025-02-06 05:55:12
4213,4214,SEC_0273,70.52,5851.0,2025-03-29 02:13:35
4214,4215,SEC_0325,38.12,7599.0,2025-06-04 21:24:26
4215,4216,SEC_0108,30.06,4344.0,2025-03-02 18:30:27
4216,4217,SEC_0139,59.18,4629.0,2025-01-25 06:19:14
4217,4218,SEC_0350,49.96,6185.0,2025-04-23 04:43:36
4218,4219,SEC_0271,57.66,8982.0,2025-03-25 06:35:56
4219,4220,SEC_0347,66.05,1301.0,2025-01-29 10:30:44
4220,4221,SEC_0419,40.98,1948.0,2025-01-08 09:29:50
4221,4222,SEC_0289,47.96,,2025-01-21 23:46:00
4222,4223,SEC_0212,41.69,9287.0,2025-01-01 16:18:17
4223,4224,SEC_0381,42.14,1359.0,2025-02-18 23:03:27
4224,4225,SEC_0272,64.68,3657.0,2025-05-28 22:29:57
4225,4226,SEC_0418,57.01,308.0,2025-05-04 15:47:04
4226,4227,SEC_0066,34.16,1451.0,2025-02-28 03:15:43
4227,4228,SEC_0483,67.87,7367.0,2025-03-07 00:22:56
4228,4229,SEC_0424,49.16,2124.0,2025-02-06 23:55:40
4229,4230,SEC_0248,68.81,4883.0,2025-06-18 18:23:15
4230,4231,SEC_0156,40.27,2843.0,2025-04-14 13:23:47
4231,4232,SEC_0047,41.36,1665.0,2025-06-16 18:51:09
4232,4233,SEC_0423,,-6374.0,2025-03-08 13:51:53
4233,4234,SEC_0454,39.29,3949.0,2025-03-20 02:38:01
4234,4235,SEC_0201,50.28,9587.0,2025-04-03 17:13:25
4235,4236,SEC_0148,37.98,4073.0,2025-03-28 22:35:37
4236,4237,SEC_0124,48.55,3635.0,2025-03-23 19:09:02
4237,4238,SEC_0001,54.08,215.0,2025-05-04 17:14:38
4238,4239,SEC_0456,54.85,3073.0,2025-05-02 06:45:48
4239,4240,SEC_0247,48.94,4473.0,2025-01-18 02:19:37
4240,4241,SEC_0343,60.34,2460.0,2025-05-20 08:36:36
4241,4242,SEC_0128,57.07,3707.0,2025-05-26 14:30:38
4242,4243,SEC_0191,53.15,1207.0,2025-01-23 07:00:48
4243,4244,SEC_0067,45.25,8602.0,2025-01-07 22:05:25
4244,4245,SEC_0004,75.22,3470.0,2025-01-16 18:08:18
4245,4246,SEC_0442,61.31,8408.0,2025-01-09 10:29:23
4246,4247,SEC_0409,40.01,4848.0,2025-05-04 04:57:47
4247,4248,SEC_0303,66.33,349.0,2025-01-13 22:55:20
4248,4249,SEC_0294,71.0,3652.0,2025-04-04 20:11:13
4249,4250,SEC_0143,53.28,2879.0,2025-06-19 07:44:16
4250,4251,SEC_0191,54.35,4750.0,2025-01-26 03:38:33
4251,4252,SEC_0021,29.44,3995.0,2025-01-16 12:00:05
4252,4253,SEC_0227,42.39,3.0,2025-02-25 17:57:31
4253,4254,SEC_0313,70.32,1118.0,2025-03-28 14:58:06
4254,4255,SEC_0117,43.17,9275.0,2025-02-26 23:03:42
4255,4256,SEC_0437,52.04,6884.0,2025-04-14 07:49:36
4256,4257,SEC_0302,42.2,1518.0,2025-05-22 17:50:56
4257,4258,SEC_0500,58.51,4847.0,2025-05-28 17:53:17
4258,4259,SEC_0142,61.44,3580.0,2025-05-09 03:52:22
4259,4260,SEC_0484,61.94,2380.0,2025-05-10 11:16:17
4260,4261,SEC_0460,38.79,9205.0,2025-04-04 16:57:39
4261,4262,SEC_0401,56.37,4265.0,2025-03-31 03:48:03
4262,4263,SEC_0039,87.62,-2824.0,2025-02-07 14:50:41
4263,4264,SEC_0393,68.34,849.0,2025-05-11 20:54:13
4264,4265,SEC_0355,56.15,9897.0,2025-02-22 13:06:33
4265,4266,SEC_0252,30.59,5037.0,2025-01-28 11:44:45
4266,4267,SEC_0333,50.66,206.0,2025-06-03 02:21:37
4267,4268,SEC_0207,89.47,521.0,2025-05-12 14:37:47
4268,4269,SEC_0210,81.09,-3577.0,2025-02-15 05:13:11
4269,4270,SEC_0115,62.7,5114.0,2025-03-13 15:18:11
4270,4271,SEC_0225,44.0,6259.0,2025-05-14 08:05:52
4271,4272,SEC_0134,55.46,6808.0,2025-01-07 08:56:15
4272,4273,SEC_0251,68.86,2135.0,2025-05-17 16:58:14
4273,4274,SEC_0219,,4839.0,2025-04-18 19:24:46
4274,4275,SEC_0407,59.97,2476.0,2025-02-23 13:01:57
4275,4276,SEC_0443,70.56,5818.0,2025-02-12 16:18:03
4276,4277,SEC_0091,53.65,4546.0,2025-01-19 00:53:49
4277,4278,SEC_0354,52.94,7794.0,2025-01-12 02:56:21
4278,4279,SEC_0376,47.58,786.0,2025-03-06 17:27:54
4279,4280,SEC_0046,62.01,8144.0,2025-04-22 08:56:50
4280,4281,SEC_0038,73.71,7709.0,2025-04-02 22:10:17
4281,4282,SEC_0142,67.53,4098.0,2025-06-12 04:42:30
4282,4283,SEC_0100,37.89,5198.0,2025-01-15 09:43:33
4283,4284,SEC_0328,38.5,2158.0,2025-06-25 22:52:09
4284,4285,SEC_0190,76.03,8871.0,2025-06-02 16:36:57
4285,4286,SEC_0035,57.57,3529.0,2025-02-21 19:58:48
4286,4287,SEC_0147,58.25,3560.0,2025-05-29 14:42:58
4287,4288,SEC_0030,57.85,8135.0,2025-04-09 11:23:46
4288,4289,SEC_0334,92.34,8563.0,2025-05-13 07:08:35
4289,4290,SEC_0084,47.76,2938.0,2025-01-04 13:02:40
4290,4291,SEC_0369,76.32,8173.0,2025-06-19 14:51:29
4291,4292,SEC_0281,58.56,8139.0,2025-05-01 03:46:17
4292,4293,SEC_0424,33.78,5142.0,2025-02-18 04:42:13
4293,4294,SEC_0344,42.63,722.0,2025-05-29 23:17:15
4294,4295,SEC_0270,45.51,924.0,2025-02-28 08:37:32
4295,4296,SEC_0154,75.79,5392.0,2025-02-19 02:37:25
4296,4297,SEC_0102,78.9,7658.0,2025-04-25 12:43:55
4297,4298,SEC_0215,60.71,836.0,2025-02-21 17:36:48
4298,4299,SEC_0150,46.67,2494.0,2025-03-02 12:39:17
4299,4300,SEC_0432,41.54,2980.0,2025-01-19 01:16:45
4300,4301,SEC_0083,76.81,2425.0,2025-01-24 21:23:38
4301,4302,SEC_0110,37.14,4522.0,2025-04-11 21:34:51
4302,4303,SEC_0435,52.92,2377.0,2025-02-10 08:56:30
4303,4304,SEC_0387,110.98,454.0,2025-02-18 05:49:45
4304,4305,SEC_0426,46.71,3460.0,2025-05-07 01:49:56
4305,4306,SEC_0275,37.28,3548.0,2025-06-24 13:05:00
4306,4307,SEC_0201,32.15,1149.0,2025-02-01 08:54:59
4307,4308,SEC_0284,112.3,523.0,2025-02-09 19:58:29
4308,4309,SEC_0468,60.62,4578.0,2025-04-03 23:50:02
4309,4310,SEC_0173,42.07,-122.0,2025-01-26 21:31:39
4310,4311,SEC_0327,51.59,3619.0,2025-05-16 08:44:20
4311,4312,SEC_0206,44.75,-6631.0,2025-02-12 10:55:24
4312,4313,SEC_0063,31.22,3723.0,2025-06-04 08:07:49
4313,4314,SEC_0073,69.16,,2025-03-04 14:08:13
4314,4315,SEC_0251,55.15,5931.0,2025-06-24 19:48:13
4315,4316,SEC_0124,67.46,6724.0,2025-05-18 14:10:17
4316,4317,SEC_0375,54.71,4814.0,2025-04-04 19:01:30
4317,4318,SEC_0121,56.79,-3308.0,2025-04-14 17:10:58
4318,4319,SEC_0275,27.93,3643.0,2025-05-02 03:31:10
4319,4320,SEC_0431,71.69,2818.0,2025-02-15 02:27:34
4320,4321,SEC_0500,39.39,7422.0,2025-05-05 18:28:23
4321,4322,SEC_0398,42.54,7048.0,2025-06-25 21:58:44
4322,4323,SEC_0120,46.6,9677.0,2025-01-01 04:52:52
4323,4324,SEC_0422,29.44,8469.0,2025-05-19 02:38:19
4324,4325,SEC_0437,45.84,5589.0,2025-05-29 17:01:39
4325,4326,SEC_0317,44.9,7388.0,2025-06-21 00:03:05
4326,4327,SEC_0164,48.75,9441.0,2025-04-08 21:57:08
4327,4328,SEC_0424,32.77,9317.0,2025-05-29 19:50:51
4328,4329,SEC_0465,72.12,-9850.0,2025-01-07 20:12:25
4329,4330,SEC_0286,61.52,9946.0,2025-04-05 05:27:54
4330,4331,SEC_0265,42.13,3403.0,2025-05-23 10:26:47
4331,4332,SEC_0320,45.86,4333.0,2025-03-28 13:10:44
4332,4333,SEC_0161,70.21,8944.0,2025-02-18 22:10:16
4333,4334,SEC_0376,50.54,165.0,2025-04-20 06:57:32
4334,4335,SEC_0308,37.63,6990.0,2025-05-12 22:36:43
4335,4336,SEC_0089,53.25,9885.0,2025-02-26 02:41:00
4336,4337,SEC_0142,39.4,1957.0,2025-06-29 22:12:30
4337,4338,SEC_0203,44.15,3861.0,2025-02-09 14:09:36
4338,4339,SEC_0309,-53.78,2776.0,2025-06-26 17:45:26
4339,4340,SEC_0227,74.93,1769.0,2025-02-25 08:58:12
4340,4341,SEC_0489,100.18,6227.0,2025-02-11 00:37:02
4341,4342,SEC_0443,82.17,6622.0,2025-01-02 11:57:23
4342,4343,SEC_0334,53.43,783.0,2025-03-18 14:28:02
4343,4344,SEC_0222,107.47,7821.0,2025-03-29 03:08:11
4344,4345,SEC_0041,64.55,9147.0,2025-05-28 13:41:29
4345,4346,SEC_0196,40.69,9852.0,2025-06-09 11:45:31
4346,4347,SEC_0068,,141.0,2025-06-05 03:30:41
4347,4348,SEC_0476,44.83,720.0,2025-06-04 05:20:04
4348,4349,SEC_0264,37.55,1651.0,2025-02-03 16:58:57
4349,4350,SEC_0002,38.39,7886.0,2025-06-18 03:43:50
4350,4351,SEC_0361,52.24,3574.0,2025-05-27 15:04:37
4351,4352,SEC_0125,68.46,1016.0,2025-04-12 16:59:40
4352,4353,SEC_0110,75.22,4384.0,2025-03-25 21:50:33
4353,4354,SEC_0086,37.58,8535.0,2025-02-01 01:01:10
4354,4355,SEC_0425,49.85,,2025-06-09 13:46:03
4355,4356,SEC_0120,63.18,6354.0,2025-02-03 02:43:52
4356,4357,SEC_0127,57.14,9168.0,2025-05-10 05:13:48
4357,4358,SEC_0255,67.25,3121.0,2025-03-03 20:56:17
4358,4359,SEC_0183,47.92,1824.0,2025-01-10 11:08:08
4359,4360,SEC_0016,79.99,4427.0,2025-04-23 21:45:42
4360,4361,SEC_0477,54.53,11.0,2025-06-11 04:29:53
4361,4362,SEC_0062,68.53,4605.0,2025-04-01 13:19:11
4362,4363,SEC_0369,48.7,9661.0,2025-03-04 19:06:33
4363,4364,SEC_0432,55.56,9306.0,2025-01-19 13:09:55
4364,4365,SEC_0158,33.82,8814.0,2025-03-27 00:40:33
4365,4366,SEC_0268,42.48,901.0,2025-02-26 00:53:04
4366,4367,SEC_0035,51.3,3748.0,2025-01-29 17:51:33
4367,4368,SEC_0267,56.26,1472.0,2025-01-02 03:47:21
4368,4369,SEC_0064,122.04,6862.0,2025-03-16 13:09:33
4369,4370,SEC_0494,48.69,3104.0,2025-01-18 13:26:50
4370,4371,SEC_0050,36.13,8519.0,2025-02-18 08:13:02
4371,4372,SEC_0469,90.99,74.0,2025-04-30 00:50:28
4372,4373,SEC_0255,75.46,-251.0,2025-05-07 17:53:15
4373,4374,SEC_0149,38.59,2498.0,2025-03-28 18:31:14
4374,4375,SEC_0325,62.78,4629.0,2025-04-22 11:19:06
4375,4376,SEC_0304,70.14,8488.0,2025-04-30 23:27:28
4376,4377,SEC_0276,57.35,298.0,2025-06-01 14:14:16
4377,4378,SEC_0357,60.2,8494.0,2025-04-29 04:19:51
4378,4379,SEC_0451,45.17,8777.0,2025-02-16 06:08:37
4379,4380,SEC_0172,63.51,6518.0,2025-05-27 00:12:27
4380,4381,SEC_0417,47.12,1635.0,2025-06-05 16:18:59
4381,4382,SEC_0201,24.69,5006.0,2025-01-18 12:48:47
4382,4383,SEC_0445,,6030.0,2025-05-20 16:30:52
4383,4384,SEC_0393,33.02,8245.0,2025-03-04 17:52:17
4384,4385,SEC_0324,-74.0,5616.0,2025-06-25 06:18:19
4385,4386,SEC_0035,38.89,-2845.0,2025-05-12 10:49:23
4386,4387,SEC_0465,26.16,5624.0,2025-04-03 23:26:53
4387,4388,SEC_0482,32.11,4591.0,2025-01-17 01:39:40
4388,4389,SEC_0216,53.92,4949.0,2025-01-03 12:00:06
4389,4390,SEC_0480,57.74,5191.0,2025-02-24 04:18:38
4390,4391,SEC_0065,35.74,7885.0,2025-01-24 21:45:12
4391,4392,SEC_0008,39.58,6333.0,2025-06-27 06:49:32
4392,4393,SEC_0301,-54.47,663.0,2025-03-27 09:54:25
4393,4394,SEC_0343,73.09,8200.0,2025-05-17 00:56:40
4394,4395,SEC_0431,37.98,6476.0,2025-02-07 19:43:52
4395,4396,SEC_0424,61.18,3088.0,2025-06-10 23:20:39
4396,4397,SEC_0332,32.41,4762.0,2025-05-16 05:24:48
4397,4398,SEC_0438,60.03,669.0,2025-01-26 03:03:32
4398,4399,SEC_0076,68.49,9478.0,2025-01-28 09:25:03
4399,4400,SEC_0174,63.9,3621.0,2025-02-05 08:31:09
4400,4401,SEC_0047,73.58,161.0,2025-06-05 04:06:17
4401,4402,SEC_0015,72.12,6461.0,2025-01-31 09:21:00
4402,4403,SEC_0361,95.02,,2025-05-07 15:17:30
4403,4404,SEC_0147,56.41,2534.0,2025-01-04 22:16:51
4404,4405,SEC_0026,95.1,6511.0,2025-03-01 01:29:58
4405,4406,SEC_0308,41.13,4447.0,2025-02-18 19:20:58
4406,4407,SEC_0093,51.34,5555.0,2025-06-22 07:52:46
4407,4408,SEC_0406,52.75,-2919.0,2025-02-25 12:06:53
4408,4409,SEC_0232,39.93,,2025-06-26 17:43:19
4409,4410,SEC_0021,26.89,316.0,2025-05-21 15:19:25
4410,4411,SEC_0307,70.87,4833.0,2025-05-19 08:31:53
4411,4412,SEC_0038,41.31,2212.0,2025-01-14 08:05:14
4412,4413,SEC_0276,48.41,7070.0,2025-04-30 06:25:19
4413,4414,SEC_0157,,8512.0,2025-01-02 16:50:52
4414,4415,SEC_0179,64.82,5134.0,2025-03-05 16:07:03
4415,4416,SEC_0132,-92.03,6423.0,2025-05-17 08:21:37
4416,4417,SEC_0311,56.61,4528.0,2025-05-01 20:36:02
4417,4418,SEC_0455,-64.5,2716.0,2025-02-03 23:05:32
4418,4419,SEC_0348,50.8,8826.0,2025-04-02 09:50:38
4419,4420,SEC_0028,42.33,9898.0,2025-01-22 07:39:02
4420,4421,SEC_0260,64.43,6666.0,2025-04-30 04:40:03
4421,4422,SEC_0406,47.91,7108.0,2025-02-22 16:30:29
4422,4423,SEC_0076,66.24,5133.0,2025-02-19 10:43:19
4423,4424,SEC_0429,46.01,8865.0,2025-03-01 07:31:03
4424,4425,SEC_0067,51.8,8663.0,2025-03-16 04:23:02
4425,4426,SEC_0342,53.06,6783.0,2025-06-11 00:14:20
4426,4427,SEC_0492,75.42,2608.0,2025-04-28 20:32:11
4427,4428,SEC_0194,48.07,3333.0,2025-02-27 21:59:45
4428,4429,SEC_0472,-77.95,4698.0,2025-02-21 07:21:21
4429,4430,SEC_0162,41.62,9575.0,2025-05-06 22:34:11
4430,4431,SEC_0347,59.2,6746.0,2025-01-12 14:40:32
4431,4432,SEC_0439,44.42,5635.0,2025-03-04 02:36:52
4432,4433,SEC_0361,76.3,6261.0,2025-03-20 21:28:29
4433,4434,SEC_0257,-42.71,1186.0,2025-03-01 18:52:22
4434,4435,SEC_0072,44.03,6996.0,2025-04-01 16:11:07
4435,4436,SEC_0087,37.45,6110.0,2025-04-09 01:20:25
4436,4437,SEC_0422,56.31,6442.0,2025-05-08 04:36:58
4437,4438,SEC_0262,65.19,916.0,2025-06-28 18:27:32
4438,4439,SEC_0214,63.11,7465.0,2025-02-24 04:42:37
4439,4440,SEC_0153,52.29,1618.0,2025-05-15 20:37:42
4440,4441,SEC_0210,44.78,9876.0,2025-01-16 01:12:52
4441,4442,SEC_0401,50.22,2426.0,2025-02-26 13:38:18
4442,4443,SEC_0061,50.8,426.0,2025-05-12 14:36:25
4443,4444,SEC_0268,58.9,1788.0,2025-04-23 13:45:27
4444,4445,SEC_0262,57.69,2585.0,2025-06-15 19:26:30
4445,4446,SEC_0218,92.01,4649.0,2025-04-19 20:52:31
4446,4447,SEC_0283,55.25,169.0,2025-02-25 21:13:04
4447,4448,SEC_0136,60.84,515.0,2025-01-28 06:21:14
4448,4449,SEC_0467,55.78,3436.0,2025-06-22 22:29:20
4449,4450,SEC_0380,49.5,4526.0,2025-02-17 22:10:51
4450,4451,SEC_0362,60.72,2617.0,2025-03-13 09:47:59
4451,4452,SEC_0449,48.13,8883.0,2025-05-12 21:11:32
4452,4453,SEC_0441,53.65,3205.0,2025-03-07 04:55:09
4453,4454,SEC_0093,77.31,7766.0,2025-04-12 13:33:51
4454,4455,SEC_0109,47.2,8545.0,2025-05-30 18:00:49
4455,4456,SEC_0241,61.33,1118.0,2025-05-18 18:10:48
4456,4457,SEC_0355,25.94,1406.0,2025-04-16 08:01:37
4457,4458,SEC_0424,51.65,5415.0,2025-06-08 02:49:15
4458,4459,SEC_0142,47.1,6342.0,2025-04-21 16:27:04
4459,4460,SEC_0291,56.6,4175.0,2025-06-06 00:23:05
4460,4461,SEC_0432,50.86,678.0,2025-05-03 18:54:25
4461,4462,SEC_0237,56.97,8743.0,2025-04-08 03:54:54
4462,4463,SEC_0340,48.74,,2025-06-18 03:53:39
4463,4464,SEC_0312,61.31,214.0,2025-02-26 10:25:54
4464,4465,SEC_0177,-32.64,1667.0,2025-01-26 20:06:13
4465,4466,SEC_0141,56.45,9086.0,2025-05-04 13:40:19
4466,4467,SEC_0189,41.22,4255.0,2025-01-02 04:55:52
4467,4468,SEC_0486,77.51,2787.0,2025-05-15 17:24:56
4468,4469,SEC_0049,41.02,8214.0,2025-04-01 23:03:40
4469,4470,SEC_0302,73.59,5861.0,2025-06-02 11:44:41
4470,4471,SEC_0369,54.41,1262.0,2025-02-08 04:18:53
4471,4472,SEC_0190,31.54,1173.0,2025-06-15 01:19:20
4472,4473,SEC_0136,41.98,4881.0,2025-03-05 01:24:18
4473,4474,SEC_0043,70.41,2055.0,2025-04-23 11:16:50
4474,4475,SEC_0404,69.22,2816.0,2025-03-31 06:34:27
4475,4476,SEC_0380,-36.97,4675.0,2025-02-27 17:28:40
4476,4477,SEC_0353,87.26,5197.0,2025-03-01 02:51:57
4477,4478,SEC_0090,54.2,4585.0,2025-01-13 18:36:05
4478,4479,SEC_0295,,5022.0,2025-04-03 23:30:16
4479,4480,SEC_0341,37.96,6231.0,2025-03-28 04:01:27
4480,4481,SEC_0245,47.62,9980.0,2025-05-27 04:59:02
4481,4482,SEC_0433,61.85,2632.0,2025-04-05 19:57:48
4482,4483,SEC_0192,49.7,6346.0,2025-02-01 19:38:12
4483,4484,SEC_0318,22.73,8097.0,2025-02-11 01:34:36
4484,4485,SEC_0106,51.56,6301.0,2025-05-14 21:43:42
4485,4486,SEC_0363,30.28,7349.0,2025-01-06 17:47:36
4486,4487,SEC_0310,39.6,5845.0,2025-04-15 08:35:47
4487,4488,SEC_0382,35.84,2177.0,2025-05-17 16:49:02
4488,4489,SEC_0233,76.69,5363.0,2025-03-25 23:21:49
4489,4490,SEC_0265,84.26,8098.0,2025-06-29 06:26:59
4490,4491,SEC_0344,60.49,5600.0,2025-03-15 00:40:23
4491,4492,SEC_0037,,9069.0,2025-01-21 08:48:38
4492,4493,SEC_0305,55.06,4259.0,2025-04-17 21:50:27
4493,4494,SEC_0041,76.67,9147.0,2025-03-08 18:53:14
4494,4495,SEC_0017,30.11,4120.0,2025-06-19 06:54:08
4495,4496,SEC_0344,39.55,6641.0,2025-02-23 09:24:41
4496,4497,SEC_0277,73.79,4289.0,2025-05-12 18:42:48
4497,4498,SEC_0307,78.55,878.0,2025-04-18 08:42:43
4498,4499,SEC_0059,65.16,4486.0,2025-01-01 10:12:18
4499,4500,SEC_0423,39.91,2545.0,2025-01-23 02:46:42
4500,4501,SEC_0183,73.47,5060.0,2025-05-12 19:08:24
4501,4502,SEC_0041,82.14,7165.0,2025-04-05 10:08:39
4502,4503,SEC_0039,67.73,2601.0,2025-02-10 14:31:21
4503,4504,SEC_0397,25.84,3529.0,2025-01-10 07:41:26
4504,4505,SEC_0192,56.68,2409.0,2025-05-31 19:46:14
4505,4506,SEC_0267,65.08,4861.0,2025-01-24 07:39:15
4506,4507,SEC_0494,46.77,3949.0,2025-05-13 23:22:58
4507,4508,SEC_0147,57.74,9431.0,2025-02-25 14:16:43
4508,4509,SEC_0395,46.8,2335.0,2025-02-20 22:26:27
4509,4510,SEC_0333,42.16,768.0,2025-03-01 16:12:21
4510,4511,SEC_0127,85.9,4884.0,2025-05-05 19:30:19
4511,4512,SEC_0046,58.24,4207.0,2025-01-06 06:50:04
4512,4513,SEC_0045,39.18,5949.0,2025-02-28 13:08:45
4513,4514,SEC_0001,36.13,7086.0,2025-04-10 23:33:39
4514,4515,SEC_0168,42.17,745.0,2025-03-03 00:20:17
4515,4516,SEC_0108,42.24,4175.0,2025-01-22 00:15:42
4516,4517,SEC_0019,57.05,9710.0,2025-01-02 14:36:13
4517,4518,SEC_0332,63.16,7199.0,2025-03-03 15:26:14
4518,4519,SEC_0072,63.14,2557.0,2025-02-24 01:53:09
4519,4520,SEC_0456,43.6,5067.0,2025-06-01 19:40:01
4520,4521,SEC_0445,71.97,7798.0,2025-06-13 08:54:12
4521,4522,SEC_0109,78.91,4162.0,2025-04-22 20:14:13
4522,4523,SEC_0268,50.5,9587.0,2025-03-07 02:43:48
4523,4524,SEC_0445,40.06,287.0,2025-06-06 14:57:07
4524,4525,SEC_0240,56.27,3248.0,2025-04-30 11:15:54
4525,4526,SEC_0417,104.38,5100.0,2025-05-23 04:40:42
4526,4527,SEC_0301,39.75,4.0,2025-02-26 00:46:32
4527,4528,SEC_0090,46.63,5936.0,2025-04-12 07:37:06
4528,4529,SEC_0103,55.55,-412.0,2025-06-08 11:02:57
4529,4530,SEC_0476,64.23,4346.0,2025-01-25 17:04:08
4530,4531,SEC_0250,30.09,-3728.0,2025-01-21 19:44:30
4531,4532,SEC_0453,80.78,1357.0,2025-03-20 01:46:31
4532,4533,SEC_0008,80.45,8350.0,2025-01-03 21:36:56
4533,4534,SEC_0153,48.07,1601.0,2025-01-10 01:10:01
4534,4535,SEC_0347,122.98,7158.0,2025-02-03 20:21:51
4535,4536,SEC_0174,78.91,5707.0,2025-04-19 21:01:30
4536,4537,SEC_0343,77.66,5560.0,2025-01-18 19:52:02
4537,4538,SEC_0158,77.97,7197.0,2025-06-01 07:08:32
4538,4539,SEC_0493,77.29,5074.0,2025-06-06 15:05:46
4539,4540,SEC_0431,54.24,2383.0,2025-01-15 11:35:44
4540,4541,SEC_0215,52.65,153.0,2025-03-28 23:24:34
4541,4542,SEC_0177,41.14,9822.0,2025-01-30 03:13:39
4542,4543,SEC_0175,45.91,2797.0,2025-03-27 04:46:57
4543,4544,SEC_0340,49.74,7283.0,2025-05-25 23:49:43
4544,4545,SEC_0338,55.68,6952.0,2025-03-29 06:59:57
4545,4546,SEC_0146,88.19,2806.0,2025-01-24 09:53:00
4546,4547,SEC_0450,29.06,4081.0,2025-03-02 03:05:38
4547,4548,SEC_0324,81.73,9248.0,2025-04-11 22:30:52
4548,4549,SEC_0478,40.3,5851.0,2025-06-06 22:58:59
4549,4550,SEC_0161,52.91,7363.0,2025-06-07 21:18:45
4550,4551,SEC_0127,43.93,1329.0,2025-04-10 00:03:05
4551,4552,SEC_0420,95.23,2393.0,2025-02-14 01:21:48
4552,4553,SEC_0082,46.99,3154.0,2025-04-04 11:43:49
4553,4554,SEC_0485,63.84,8193.0,2025-05-11 07:11:45
4554,4555,SEC_0147,64.84,167.0,2025-03-03 20:09:57
4555,4556,SEC_0239,38.55,3255.0,2025-06-20 00:30:43
4556,4557,SEC_0412,53.04,5061.0,2025-05-20 16:47:48
4557,4558,SEC_0424,78.36,1886.0,2025-02-19 14:15:58
4558,4559,SEC_0084,42.02,4369.0,2025-05-19 19:50:14
4559,4560,SEC_0113,70.01,7530.0,2025-06-09 19:18:07
4560,4561,SEC_0225,49.44,900.0,2025-02-07 05:59:11
4561,4562,SEC_0332,77.41,2249.0,2025-04-24 16:44:37
4562,4563,SEC_0378,92.23,3413.0,2025-03-31 14:34:01
4563,4564,SEC_0243,29.89,6450.0,2025-05-28 13:46:06
4564,4565,SEC_0143,36.55,9412.0,2025-05-31 05:04:37
4565,4566,SEC_0041,47.87,-3133.0,2025-01-18 16:10:13
4566,4567,SEC_0423,84.74,8156.0,2025-01-22 17:12:35
4567,4568,SEC_0258,64.05,8137.0,2025-01-20 17:17:22
4568,4569,SEC_0447,37.58,360.0,2025-02-22 04:34:40
4569,4570,SEC_0285,66.93,6451.0,2025-04-10 16:03:14
4570,4571,SEC_0105,41.51,7648.0,2025-03-08 03:40:47
4571,4572,SEC_0202,70.89,8526.0,2025-01-05 18:41:22
4572,4573,SEC_0450,64.18,731.0,2025-02-06 10:33:44
4573,4574,SEC_0307,41.45,7068.0,2025-04-19 01:58:05
4574,4575,SEC_0331,53.53,9690.0,2025-01-25 10:02:58
4575,4576,SEC_0461,78.84,1418.0,2025-06-21 23:20:23
4576,4577,SEC_0266,30.95,-7768.0,2025-04-08 16:58:31
4577,4578,SEC_0398,59.76,7889.0,2025-02-05 19:51:46
4578,4579,SEC_0210,39.17,3764.0,2025-02-09 23:04:25
4579,4580,SEC_0051,54.33,9936.0,2025-02-27 06:47:53
4580,4581,SEC_0118,62.64,6929.0,2025-02-11 07:43:55
4581,4582,SEC_0201,99.88,5697.0,2025-04-05 14:11:11
4582,4583,SEC_0377,54.17,879.0,2025-03-12 04:06:36
4583,4584,SEC_0039,84.75,5483.0,2025-05-21 13:59:49
4584,4585,SEC_0028,42.43,2885.0,2025-03-28 12:54:22
4585,4586,SEC_0259,47.06,2298.0,2025-03-03 10:16:15
4586,4587,SEC_0084,65.11,8853.0,2025-05-10 07:42:51
4587,4588,SEC_0454,58.0,7372.0,2025-06-23 13:16:55
4588,4589,SEC_0155,49.48,3986.0,2025-03-23 19:17:43
4589,4590,SEC_0117,49.07,-1270.0,2025-01-06 16:16:25
4590,4591,SEC_0002,81.45,1295.0,2025-03-05 02:04:31
4591,4592,SEC_0093,50.07,1010.0,2025-03-16 01:17:45
4592,4593,SEC_0166,40.2,1758.0,2025-05-24 18:22:32
4593,4594,SEC_0387,42.25,7777.0,2025-06-22 08:35:52
4594,4595,SEC_0400,66.75,9384.0,2025-01-10 16:50:06
4595,4596,SEC_0350,107.44,6579.0,2025-01-17 00:48:55
4596,4597,SEC_0296,46.66,8181.0,2025-01-18 06:50:33
4597,4598,SEC_0258,-104.02,9246.0,2025-04-06 18:50:42
4598,4599,SEC_0081,54.42,,2025-03-11 02:20:54
4599,4600,SEC_0425,50.2,5717.0,2025-04-19 08:56:19
4600,4601,SEC_0268,41.55,2405.0,2025-06-11 11:13:53
4601,4602,SEC_0419,51.45,3563.0,2025-02-25 00:56:29
4602,4603,SEC_0235,43.52,1272.0,2025-05-28 04:30:47
4603,4604,SEC_0321,42.48,9912.0,2025-04-07 20:45:53
4604,4605,SEC_0311,33.26,8445.0,2025-05-20 06:50:08
4605,4606,SEC_0301,92.74,2769.0,2025-06-02 04:52:27
4606,4607,SEC_0463,75.14,9752.0,2025-04-13 21:37:51
4607,4608,SEC_0474,59.23,7802.0,2025-05-25 19:11:07
4608,4609,SEC_0357,,8929.0,2025-06-29 19:32:04
4609,4610,SEC_0213,54.51,6143.0,2025-01-14 02:30:33
4610,4611,SEC_0062,43.25,1929.0,2025-03-16 13:45:32
4611,4612,SEC_0049,38.86,6267.0,2025-03-20 18:40:40
4612,4613,SEC_0127,67.71,5414.0,2025-03-15 02:59:00
4613,4614,SEC_0223,50.47,6829.0,2025-04-16 03:58:18
4614,4615,SEC_0409,60.2,2191.0,2025-02-23 01:37:21
4615,4616,SEC_0279,33.16,1003.0,2025-04-08 18:38:49
4616,4617,SEC_0408,49.67,6655.0,2025-04-13 19:38:43
4617,4618,SEC_0294,38.63,8095.0,2025-03-29 00:57:11
4618,4619,SEC_0284,63.13,6068.0,2025-03-28 02:53:10
4619,4620,SEC_0277,73.6,3753.0,2025-01-13 07:40:04
4620,4621,SEC_0438,84.6,6201.0,2025-03-13 06:07:31
4621,4622,SEC_0107,45.21,4138.0,2025-01-13 04:38:53
4622,4623,SEC_0146,38.92,3703.0,2025-01-10 07:38:23
4623,4624,SEC_0420,48.15,5944.0,2025-06-06 22:23:16
4624,4625,SEC_0099,44.27,4439.0,2025-02-07 19:56:06
4625,4626,SEC_0429,62.14,4428.0,2025-01-02 05:03:16
4626,4627,SEC_0375,35.84,5557.0,2025-03-20 11:45:11
4627,4628,SEC_0073,32.26,8533.0,2025-03-22 08:16:38
4628,4629,SEC_0437,-49.21,2389.0,2025-03-01 20:12:38
4629,4630,SEC_0486,67.89,6993.0,2025-05-09 06:58:00
4630,4631,SEC_0122,40.12,6326.0,2025-05-17 07:01:11
4631,4632,SEC_0030,70.44,1701.0,2025-01-21 15:04:44
4632,4633,SEC_0188,60.92,5384.0,2025-06-25 07:53:31
4633,4634,SEC_0364,86.84,1234.0,2025-05-12 08:08:07
4634,4635,SEC_0354,42.92,2299.0,2025-01-31 04:39:49
4635,4636,SEC_0288,33.72,8330.0,2025-03-19 08:29:58
4636,4637,SEC_0451,65.34,2931.0,2025-03-11 23:04:55
4637,4638,SEC_0195,59.38,1834.0,2025-01-31 10:38:52
4638,4639,SEC_0156,58.02,2140.0,2025-05-23 22:09:08
4639,4640,SEC_0172,39.87,8400.0,2025-05-31 01:20:57
4640,4641,SEC_0335,68.89,9880.0,2025-03-18 22:37:37
4641,4642,SEC_0041,45.15,6437.0,2025-01-14 21:03:57
4642,4643,SEC_0063,58.01,2209.0,2025-05-28 00:26:30
4643,4644,SEC_0023,47.57,7554.0,2025-05-15 00:30:17
4644,4645,SEC_0360,60.72,5623.0,2025-03-05 16:01:54
4645,4646,SEC_0075,38.15,9043.0,2025-05-30 18:59:21
4646,4647,SEC_0048,63.43,6287.0,2025-05-20 04:31:06
4647,4648,SEC_0160,,7937.0,2025-01-28 10:59:51
4648,4649,SEC_0313,56.53,3691.0,2025-05-13 19:13:41
4649,4650,SEC_0118,-89.4,2610.0,2025-03-27 06:17:46
4650,4651,SEC_0100,58.1,6179.0,2025-04-10 03:58:39
4651,4652,SEC_0380,71.93,224.0,2025-06-06 07:08:13
4652,4653,SEC_0417,56.13,3775.0,2025-03-25 22:38:59
4653,4654,SEC_0408,70.02,9604.0,2025-02-25 04:01:05
4654,4655,SEC_0167,34.47,7917.0,2025-01-02 01:18:04
4655,4656,SEC_0290,55.14,8515.0,2025-05-07 18:10:46
4656,4657,SEC_0440,38.94,5974.0,2025-02-02 09:01:04
4657,4658,SEC_0156,56.95,9704.0,2025-06-17 13:35:18
4658,4659,SEC_0421,,2087.0,2025-02-22 00:26:20
4659,4660,SEC_0007,69.56,6897.0,2025-03-21 17:58:33
4660,4661,SEC_0196,63.24,-7484.0,2025-03-01 01:18:04
4661,4662,SEC_0421,49.35,7664.0,2025-04-21 15:32:57
4662,4663,SEC_0056,43.55,7285.0,2025-05-29 15:01:58
4663,4664,SEC_0321,27.04,5462.0,2025-02-15 07:18:01
4664,4665,SEC_0193,55.74,2288.0,2025-01-07 19:55:08
4665,4666,SEC_0047,76.81,8879.0,2025-02-01 13:01:54
4666,4667,SEC_0148,-56.4,9661.0,2025-02-13 11:47:47
4667,4668,SEC_0275,53.23,4836.0,2025-03-18 12:12:43
4668,4669,SEC_0157,56.99,9189.0,2025-02-07 09:14:43
4669,4670,SEC_0202,48.6,2535.0,2025-05-27 02:26:43
4670,4671,SEC_0444,57.89,5531.0,2025-06-25 17:23:27
4671,4672,SEC_0402,48.35,623.0,2025-01-06 10:57:44
4672,4673,SEC_0476,41.69,1076.0,2025-06-11 22:56:05
4673,4674,SEC_0419,53.38,6877.0,2025-04-19 02:00:09
4674,4675,SEC_0427,53.03,8496.0,2025-05-07 06:26:07
4675,4676,SEC_0495,95.83,8856.0,2025-02-17 07:03:20
4676,4677,SEC_0479,42.88,5238.0,2025-04-11 09:47:07
4677,4678,SEC_0475,52.05,3995.0,2025-05-27 06:08:35
4678,4679,SEC_0126,50.55,2695.0,2025-05-11 16:32:22
4679,4680,SEC_0395,47.74,4305.0,2025-06-28 14:47:24
4680,4681,SEC_0305,63.68,3199.0,2025-01-29 03:43:07
4681,4682,SEC_0369,106.85,5413.0,2025-02-10 14:05:29
4682,4683,SEC_0294,49.59,8711.0,2025-02-27 14:55:26
4683,4684,SEC_0064,63.74,7390.0,2025-06-28 10:40:11
4684,4685,SEC_0325,30.76,4434.0,2025-01-29 05:30:35
4685,4686,SEC_0392,-48.52,5910.0,2025-06-14 02:41:35
4686,4687,SEC_0418,87.06,8018.0,2025-03-30 18:15:52
4687,4688,SEC_0176,53.7,3811.0,2025-06-05 13:03:59
4688,4689,SEC_0116,63.48,913.0,2025-01-05 00:15:53
4689,4690,SEC_0440,45.29,7443.0,2025-04-23 03:53:22
4690,4691,SEC_0204,58.98,4903.0,2025-06-03 08:17:32
4691,4692,SEC_0486,89.11,3189.0,2025-03-11 15:45:22
4692,4693,SEC_0321,38.55,9508.0,2025-02-20 03:53:57
4693,4694,SEC_0031,105.21,3229.0,2025-01-06 17:26:47
4694,4695,SEC_0388,34.34,572.0,2025-05-26 23:10:24
4695,4696,SEC_0113,47.2,7769.0,2025-04-20 10:33:07
4696,4697,SEC_0365,42.49,5136.0,2025-01-19 16:50:47
4697,4698,SEC_0434,50.31,8290.0,2025-06-17 08:47:49
4698,4699,SEC_0325,42.32,4034.0,2025-03-25 00:29:33
4699,4700,SEC_0414,41.37,1640.0,2025-02-03 22:31:43
4700,4701,SEC_0376,38.24,6444.0,2025-01-29 03:02:25
4701,4702,SEC_0344,66.24,4843.0,2025-06-27 06:55:03
4702,4703,SEC_0443,50.84,5542.0,2025-06-01 01:31:56
4703,4704,SEC_0067,47.0,4028.0,2025-04-17 01:41:20
4704,4705,SEC_0075,59.42,261.0,2025-05-27 21:13:47
4705,4706,SEC_0045,34.87,9128.0,2025-04-23 13:19:44
4706,4707,SEC_0260,59.85,1798.0,2025-01-15 19:13:10
4707,4708,SEC_0154,53.08,332.0,2025-04-19 09:10:07
4708,4709,SEC_0155,53.58,4211.0,2025-06-07 20:52:29
4709,4710,SEC_0430,63.8,8460.0,2025-05-22 09:47:21
4710,4711,SEC_0363,89.39,2060.0,2025-05-07 10:54:26
4711,4712,SEC_0448,60.15,73.0,2025-03-21 16:48:27
4712,4713,SEC_0475,51.42,5112.0,2025-05-03 09:24:27
4713,4714,SEC_0234,38.29,2922.0,2025-05-09 08:08:07
4714,4715,SEC_0051,26.65,3889.0,2025-02-05 02:55:43
4715,4716,SEC_0306,56.73,178.0,2025-03-11 08:31:52
4716,4717,SEC_0262,37.42,2000.0,2025-06-24 19:23:03
4717,4718,SEC_0315,,8964.0,2025-03-06 15:22:40
4718,4719,SEC_0125,49.14,9138.0,2025-06-03 02:55:12
4719,4720,SEC_0399,58.67,7427.0,2025-05-11 10:53:25
4720,4721,SEC_0245,68.26,4496.0,2025-05-31 14:09:31
4721,4722,SEC_0030,75.07,270.0,2025-01-09 04:03:44
4722,4723,SEC_0426,71.0,1656.0,2025-01-22 01:08:39
4723,4724,SEC_0485,71.58,2534.0,2025-02-04 07:08:30
4724,4725,SEC_0122,35.15,4983.0,2025-01-08 01:01:32
4725,4726,SEC_0125,52.2,4362.0,2025-05-20 22:28:13
4726,4727,SEC_0037,64.97,6119.0,2025-01-02 10:14:23
4727,4728,SEC_0170,55.36,8697.0,2025-04-20 04:57:41
4728,4729,SEC_0124,52.12,2405.0,2025-06-16 19:51:48
4729,4730,SEC_0357,55.06,2202.0,2025-04-19 06:19:24
4730,4731,SEC_0035,58.77,6020.0,2025-06-05 06:17:25
4731,4732,SEC_0087,53.35,5660.0,2025-04-25 07:51:31
4732,4733,SEC_0134,42.36,1154.0,2025-01-11 10:00:00
4733,4734,SEC_0196,32.76,4162.0,2025-03-10 01:48:38
4734,4735,SEC_0274,,1337.0,2025-05-02 21:52:09
4735,4736,SEC_0201,55.55,8599.0,2025-03-25 06:43:04
4736,4737,SEC_0369,55.37,3479.0,2025-01-21 14:01:07
4737,4738,SEC_0285,72.67,277.0,2025-01-31 07:57:00
4738,4739,SEC_0077,76.64,6759.0,2025-06-17 10:07:31
4739,4740,SEC_0059,52.92,3481.0,2025-01-01 08:01:51
4740,4741,SEC_0431,53.03,2362.0,2025-03-16 06:03:52
4741,4742,SEC_0126,64.84,5369.0,2025-05-05 03:44:30
4742,4743,SEC_0500,62.05,8653.0,2025-04-10 21:24:19
4743,4744,SEC_0401,47.81,2447.0,2025-01-28 09:10:17
4744,4745,SEC_0109,66.53,9775.0,2025-06-20 08:39:47
4745,4746,SEC_0224,52.25,7602.0,2025-05-07 12:37:27
4746,4747,SEC_0496,52.59,5052.0,2025-03-30 08:28:10
4747,4748,SEC_0278,62.18,3518.0,2025-01-01 10:25:39
4748,4749,SEC_0068,49.88,4803.0,2025-04-29 17:44:40
4749,4750,SEC_0069,56.17,2376.0,2025-02-13 00:00:42
4750,4751,SEC_0165,59.7,7851.0,2025-05-07 10:46:47
4751,4752,SEC_0489,-69.77,6745.0,2025-06-26 19:14:44
4752,4753,SEC_0305,68.34,6390.0,2025-06-26 08:45:28
4753,4754,SEC_0397,59.15,6249.0,2025-04-19 23:12:39
4754,4755,SEC_0162,24.96,972.0,2025-02-18 13:59:57
4755,4756,SEC_0365,58.73,7137.0,2025-04-12 08:55:53
4756,4757,SEC_0342,61.52,9518.0,2025-06-21 11:09:55
4757,4758,SEC_0309,65.38,8345.0,2025-02-03 14:13:07
4758,4759,SEC_0379,40.98,3961.0,2025-02-28 10:54:56
4759,4760,SEC_0343,28.89,3087.0,2025-05-26 03:22:03
4760,4761,SEC_0435,69.54,8922.0,2025-05-26 22:24:44
4761,4762,SEC_0387,37.81,3968.0,2025-03-24 13:00:07
4762,4763,SEC_0042,78.78,4952.0,2025-06-26 03:22:03
4763,4764,SEC_0354,45.9,4003.0,2025-05-15 19:32:43
4764,4765,SEC_0416,40.12,2333.0,2025-06-27 08:16:04
4765,4766,SEC_0109,60.64,9766.0,2025-04-18 09:48:15
4766,4767,SEC_0051,65.68,4376.0,2025-03-09 14:53:41
4767,4768,SEC_0250,64.52,686.0,2025-05-18 08:44:13
4768,4769,SEC_0497,63.46,3889.0,2025-02-24 08:20:15
4769,4770,SEC_0341,44.15,9772.0,2025-04-24 21:13:56
4770,4771,SEC_0430,34.53,969.0,2025-02-26 15:06:17
4771,4772,SEC_0383,48.57,7321.0,2025-01-25 19:34:39
4772,4773,SEC_0492,38.72,2034.0,2025-05-04 02:11:23
4773,4774,SEC_0021,62.16,7076.0,2025-06-05 21:23:43
4774,4775,SEC_0300,70.97,5262.0,2025-01-08 13:50:16
4775,4776,SEC_0139,57.5,8960.0,2025-01-05 06:22:58
4776,4777,SEC_0359,54.58,646.0,2025-03-12 19:03:53
4777,4778,SEC_0324,49.74,4122.0,2025-06-24 03:51:44
4778,4779,SEC_0499,73.27,8113.0,2025-06-04 21:33:14
4779,4780,SEC_0385,31.53,9272.0,2025-01-08 01:18:44
4780,4781,SEC_0092,38.02,6437.0,2025-05-19 13:59:15
4781,4782,SEC_0447,94.45,8829.0,2025-06-22 23:59:17
4782,4783,SEC_0280,37.47,7098.0,2025-03-18 04:56:21
4783,4784,SEC_0125,64.03,8293.0,2025-03-21 17:17:32
4784,4785,SEC_0483,68.1,5587.0,2025-06-15 15:56:41
4785,4786,SEC_0397,30.63,869.0,2025-02-11 07:17:57
4786,4787,SEC_0111,32.45,5915.0,2025-05-11 05:52:34
4787,4788,SEC_0354,79.79,8214.0,2025-02-17 22:22:37
4788,4789,SEC_0139,40.78,-6356.0,2025-05-21 03:26:54
4789,4790,SEC_0484,41.11,1904.0,2025-06-16 13:01:58
4790,4791,SEC_0435,46.7,2577.0,2025-05-10 19:46:10
4791,4792,SEC_0273,40.81,4110.0,2025-03-31 12:18:13
4792,4793,SEC_0099,63.94,4615.0,2025-02-26 22:58:04
4793,4794,SEC_0252,38.3,8015.0,2025-03-12 01:12:44
4794,4795,SEC_0338,30.27,3294.0,2025-04-05 23:01:01
4795,4796,SEC_0104,77.24,1936.0,2025-06-20 20:34:33
4796,4797,SEC_0214,38.87,616.0,2025-05-25 16:01:51
4797,4798,SEC_0249,43.57,5058.0,2025-04-22 07:09:20
4798,4799,SEC_0152,70.03,8479.0,2025-01-31 02:15:42
4799,4800,SEC_0250,-55.76,1924.0,2025-02-10 09:07:09
4800,4801,SEC_0275,76.23,6456.0,2025-02-04 01:34:54
4801,4802,SEC_0165,70.35,7605.0,2025-06-07 16:28:39
4802,4803,SEC_0487,47.65,8153.0,2025-05-12 14:37:26
4803,4804,SEC_0341,74.19,2774.0,2025-01-23 15:52:27
4804,4805,SEC_0008,57.42,5194.0,2025-05-02 10:09:44
4805,4806,SEC_0284,45.63,9185.0,2025-01-03 01:16:30
4806,4807,SEC_0005,59.57,9777.0,2025-01-22 16:22:37
4807,4808,SEC_0145,36.86,1904.0,2025-02-10 03:43:58
4808,4809,SEC_0101,70.12,-9068.0,2025-03-07 20:23:46
4809,4810,SEC_0164,67.44,144.0,2025-04-26 09:41:47
4810,4811,SEC_0374,56.61,7497.0,2025-06-19 06:07:45
4811,4812,SEC_0147,-30.71,2257.0,2025-06-05 10:05:28
4812,4813,SEC_0064,77.19,9315.0,2025-03-08 07:09:20
4813,4814,SEC_0091,62.25,700.0,2025-05-03 13:42:35
4814,4815,SEC_0117,54.22,6319.0,2025-03-06 03:00:25
4815,4816,SEC_0354,51.72,271.0,2025-05-11 03:56:54
4816,4817,SEC_0267,46.48,8255.0,2025-01-21 12:29:33
4817,4818,SEC_0310,49.24,1008.0,2025-06-18 09:38:01
4818,4819,SEC_0173,68.77,7204.0,2025-03-19 11:17:17
4819,4820,SEC_0047,46.76,3725.0,2025-06-28 22:06:56
4820,4821,SEC_0140,50.29,6600.0,2025-02-13 03:06:54
4821,4822,SEC_0246,52.55,9485.0,2025-05-25 06:47:17
4822,4823,SEC_0149,52.98,6488.0,2025-05-14 22:14:24
4823,4824,SEC_0246,45.36,7918.0,2025-01-05 23:27:15
4824,4825,SEC_0395,51.88,4510.0,2025-05-09 00:37:10
4825,4826,SEC_0487,60.52,5401.0,2025-04-05 16:26:41
4826,4827,SEC_0476,41.62,4321.0,2025-04-22 11:42:58
4827,4828,SEC_0005,51.95,9370.0,2025-03-25 05:53:39
4828,4829,SEC_0465,97.45,5473.0,2025-03-26 02:11:27
4829,4830,SEC_0184,53.57,7207.0,2025-01-12 10:47:17
4830,4831,SEC_0020,41.3,6873.0,2025-04-18 02:35:08
4831,4832,SEC_0425,39.88,7924.0,2025-04-11 03:37:15
4832,4833,SEC_0046,37.35,4717.0,2025-02-05 07:53:28
4833,4834,SEC_0012,88.96,7119.0,2025-06-01 03:24:19
4834,4835,SEC_0070,73.88,2621.0,2025-05-30 09:58:22
4835,4836,SEC_0017,37.08,2537.0,2025-02-22 16:55:07
4836,4837,SEC_0371,58.21,5104.0,2025-02-18 07:42:30
4837,4838,SEC_0147,78.84,7081.0,2025-01-06 23:45:55
4838,4839,SEC_0154,53.94,5318.0,2025-02-06 20:48:53
4839,4840,SEC_0304,47.11,1196.0,2025-04-23 19:10:28
4840,4841,SEC_0108,106.94,8700.0,2025-03-26 15:48:59
4841,4842,SEC_0236,30.83,405.0,2025-04-09 16:59:55
4842,4843,SEC_0308,120.27,1295.0,2025-05-28 21:08:10
4843,4844,SEC_0352,-55.59,6055.0,2025-02-10 14:55:53
4844,4845,SEC_0070,80.41,3626.0,2025-02-07 08:06:43
4845,4846,SEC_0183,38.08,7869.0,2025-05-22 08:22:46
4846,4847,SEC_0250,-43.92,,2025-04-06 22:44:37
4847,4848,SEC_0228,39.49,4760.0,2025-06-03 13:29:03
4848,4849,SEC_0102,52.97,5746.0,2025-02-14 03:04:38
4849,4850,SEC_0075,59.88,7565.0,2025-02-21 19:04:53
4850,4851,SEC_0417,75.19,3638.0,2025-03-01 04:13:51
4851,4852,SEC_0446,32.67,,2025-02-05 22:52:27
4852,4853,SEC_0216,57.23,1407.0,2025-02-15 19:10:57
4853,4854,SEC_0407,71.41,5515.0,2025-04-14 08:05:33
4854,4855,SEC_0399,75.54,1578.0,2025-06-10 04:16:54
4855,4856,SEC_0411,47.84,7773.0,2025-01-16 16:15:11
4856,4857,SEC_0203,48.02,5380.0,2025-03-31 20:53:43
4857,4858,SEC_0192,53.11,5312.0,2025-03-15 09:00:54
4858,4859,SEC_0249,57.73,8829.0,2025-02-04 14:18:43
4859,4860,SEC_0499,80.7,5548.0,2025-03-18 13:33:39
4860,4861,SEC_0242,37.98,808.0,2025-03-13 10:10:03
4861,4862,SEC_0465,43.13,2396.0,2025-05-13 16:19:48
4862,4863,SEC_0179,36.62,4525.0,2025-01-10 08:02:53
4863,4864,SEC_0437,62.07,1416.0,2025-02-13 23:11:36
4864,4865,SEC_0462,75.98,,2025-05-26 08:23:32
4865,4866,SEC_0219,35.65,2450.0,2025-02-27 13:23:13
4866,4867,SEC_0082,56.07,3497.0,2025-03-08 13:54:04
4867,4868,SEC_0092,74.34,7104.0,2025-06-06 10:08:02
4868,4869,SEC_0435,69.09,4733.0,2025-03-20 03:18:31
4869,4870,SEC_0175,68.84,7023.0,2025-03-19 02:07:05
4870,4871,SEC_0239,38.21,7496.0,2025-06-10 17:14:36
4871,4872,SEC_0260,68.77,8707.0,2025-05-27 21:21:37
4872,4873,SEC_0391,51.64,5100.0,2025-06-17 01:31:25
4873,4874,SEC_0365,75.27,7333.0,2025-04-29 12:19:47
4874,4875,SEC_0163,62.47,3295.0,2025-02-20 00:56:20
4875,4876,SEC_0048,42.75,2909.0,2025-02-01 14:16:43
4876,4877,SEC_0329,59.36,5417.0,2025-01-24 06:12:35
4877,4878,SEC_0328,69.79,9559.0,2025-02-12 20:09:35
4878,4879,SEC_0116,46.9,8533.0,2025-02-15 21:29:00
4879,4880,SEC_0429,56.75,9753.0,2025-03-20 20:58:53
4880,4881,SEC_0337,36.56,5671.0,2025-03-05 00:48:47
4881,4882,SEC_0337,64.37,2469.0,2025-05-22 10:25:08
4882,4883,SEC_0369,53.68,2429.0,2025-03-27 13:13:19
4883,4884,SEC_0225,71.82,3689.0,2025-04-04 12:24:58
4884,4885,SEC_0352,63.83,6149.0,2025-06-29 07:30:36
4885,4886,SEC_0328,48.32,2028.0,2025-01-09 20:54:26
4886,4887,SEC_0147,-42.36,7172.0,2025-03-07 21:38:40
4887,4888,SEC_0063,39.53,316.0,2025-04-29 18:49:01
4888,4889,SEC_0294,46.89,3990.0,2025-06-17 18:05:23
4889,4890,SEC_0323,71.25,9294.0,2025-04-10 05:58:32
4890,4891,SEC_0443,32.24,531.0,2025-05-29 01:12:32
4891,4892,SEC_0325,40.02,7885.0,2025-05-23 13:04:47
4892,4893,SEC_0013,70.65,1860.0,2025-06-05 16:06:46
4893,4894,SEC_0431,81.34,4758.0,2025-01-16 23:05:38
4894,4895,SEC_0494,40.65,7873.0,2025-01-06 01:38:39
4895,4896,SEC_0189,39.88,9412.0,2025-04-25 22:40:23
4896,4897,SEC_0287,83.27,9959.0,2025-06-27 15:23:49
4897,4898,SEC_0208,,1068.0,2025-02-15 11:32:28
4898,4899,SEC_0114,41.75,728.0,2025-06-19 23:01:04
4899,4900,SEC_0480,74.69,244.0,2025-03-06 04:43:58
4900,4901,SEC_0022,63.5,9978.0,2025-03-20 10:26:01
4901,4902,SEC_0349,68.1,712.0,2025-06-14 18:57:56
4902,4903,SEC_0214,42.41,7925.0,2025-01-05 18:55:25
4903,4904,SEC_0171,61.1,9701.0,2025-03-20 12:59:55
4904,4905,SEC_0323,79.35,8463.0,2025-02-07 04:13:48
4905,4906,SEC_0054,66.17,9990.0,2025-04-25 00:21:59
4906,4907,SEC_0394,71.95,2561.0,2025-04-28 13:10:18
4907,4908,SEC_0298,,-5140.0,2025-01-20 02:02:38
4908,4909,SEC_0320,62.07,3561.0,2025-03-30 16:33:38
4909,4910,SEC_0126,46.08,4004.0,2025-01-09 06:44:43
4910,4911,SEC_0277,71.03,2178.0,2025-03-04 03:52:27
4911,4912,SEC_0464,39.18,838.0,2025-04-22 01:20:03
4912,4913,SEC_0204,51.08,3715.0,2025-01-26 22:53:58
4913,4914,SEC_0194,65.13,3079.0,2025-03-23 09:49:34
4914,4915,SEC_0169,20.8,9969.0,2025-06-15 07:43:38
4915,4916,SEC_0152,58.89,5033.0,2025-03-18 16:32:15
4916,4917,SEC_0035,59.73,1651.0,2025-06-28 14:56:21
4917,4918,SEC_0184,38.83,2949.0,2025-04-07 22:33:34
4918,4919,SEC_0286,60.21,2521.0,2025-04-01 10:21:33
4919,4920,SEC_0057,57.8,7270.0,2025-04-27 22:15:18
4920,4921,SEC_0222,55.16,-7598.0,2025-03-13 15:22:20
4921,4922,SEC_0303,78.01,9365.0,2025-03-19 22:48:08
4922,4923,SEC_0163,71.07,363.0,2025-02-01 13:03:45
4923,4924,SEC_0019,66.15,8842.0,2025-03-18 10:28:18
4924,4925,SEC_0370,40.15,2257.0,2025-03-15 12:10:27
4925,4926,SEC_0264,54.31,7353.0,2025-06-16 22:55:17
4926,4927,SEC_0282,77.89,9328.0,2025-05-10 19:33:50
4927,4928,SEC_0113,51.19,4359.0,2025-04-17 14:52:20
4928,4929,SEC_0488,87.03,5298.0,2025-03-11 19:29:25
4929,4930,SEC_0327,66.74,4862.0,2025-02-21 14:03:06
4930,4931,SEC_0030,91.18,876.0,2025-03-09 02:29:21
4931,4932,SEC_0135,39.64,5956.0,2025-05-16 01:01:51
4932,4933,SEC_0067,52.12,7130.0,2025-04-22 09:17:09
4933,4934,SEC_0065,53.62,3852.0,2025-05-08 05:51:52
4934,4935,SEC_0292,65.49,9345.0,2025-05-23 13:29:24
4935,4936,SEC_0025,43.75,7806.0,2025-05-15 04:12:00
4936,4937,SEC_0037,33.71,6657.0,2025-02-25 04:45:35
4937,4938,SEC_0001,61.16,1923.0,2025-04-02 23:53:32
4938,4939,SEC_0399,48.91,-8821.0,2025-04-25 22:20:39
4939,4940,SEC_0037,,9917.0,2025-05-07 07:40:03
4940,4941,SEC_0141,44.35,1129.0,2025-04-07 09:48:07
4941,4942,SEC_0232,56.67,4562.0,2025-05-28 12:24:12
4942,4943,SEC_0136,39.53,8956.0,2025-05-19 16:23:58
4943,4944,SEC_0389,51.51,1020.0,2025-05-18 09:25:07
4944,4945,SEC_0188,42.58,5025.0,2025-02-21 05:01:30
4945,4946,SEC_0128,45.48,7575.0,2025-06-23 16:09:43
4946,4947,SEC_0201,60.71,3928.0,2025-03-14 16:27:36
4947,4948,SEC_0127,66.38,2842.0,2025-01-20 05:42:12
4948,4949,SEC_0257,49.81,5478.0,2025-04-20 12:05:24
4949,4950,SEC_0164,72.99,8867.0,2025-04-02 10:40:01
4950,4951,SEC_0035,,1009.0,2025-02-28 10:46:16
4951,4952,SEC_0194,34.61,1227.0,2025-05-17 22:14:18
4952,4953,SEC_0191,36.57,1636.0,2025-03-28 15:15:15
4953,4954,SEC_0104,39.54,7262.0,2025-06-14 09:44:02
4954,4955,SEC_0023,36.82,8516.0,2025-01-28 17:30:09
4955,4956,SEC_0265,100.12,7530.0,2025-02-07 06:50:42
4956,4957,SEC_0290,34.29,1686.0,2025-03-08 06:30:07
4957,4958,SEC_0430,72.33,3713.0,2025-01-15 14:50:59
4958,4959,SEC_0462,54.19,7059.0,2025-05-01 00:41:44
4959,4960,SEC_0384,58.4,8734.0,2025-03-05 14:39:01
4960,4961,SEC_0260,41.61,2945.0,2025-06-23 07:37:29
4961,4962,SEC_0414,60.2,1328.0,2025-06-16 10:47:10
4962,4963,SEC_0479,41.51,5907.0,2025-01-11 19:12:04
4963,4964,SEC_0358,72.01,8831.0,2025-02-09 16:58:36
4964,4965,SEC_0075,-73.82,2261.0,2025-05-27 05:45:12
4965,4966,SEC_0355,52.43,1430.0,2025-06-03 02:06:47
4966,4967,SEC_0072,53.47,9154.0,2025-06-09 15:42:29
4967,4968,SEC_0259,62.17,2963.0,2025-01-19 17:40:50
4968,4969,SEC_0398,61.22,7387.0,2025-04-22 08:19:02
4969,4970,SEC_0188,74.24,2469.0,2025-06-26 19:19:58
4970,4971,SEC_0461,73.61,3229.0,2025-03-15 21:52:12
4971,4972,SEC_0173,54.13,8321.0,2025-01-28 16:58:01
4972,4973,SEC_0480,47.32,4400.0,2025-03-20 17:03:55
4973,4974,SEC_0290,69.65,3967.0,2025-03-04 06:46:23
4974,4975,SEC_0045,52.1,9109.0,2025-06-27 14:57:18
4975,4976,SEC_0061,56.49,5282.0,2025-05-14 11:39:54
4976,4977,SEC_0083,64.01,5018.0,2025-01-29 02:21:49
4977,4978,SEC_0123,73.16,5156.0,2025-05-21 16:46:07
4978,4979,SEC_0358,59.04,1251.0,2025-01-22 02:17:18
4979,4980,SEC_0016,,4689.0,2025-04-04 17:23:03
4980,4981,SEC_0066,93.61,4074.0,2025-04-23 01:35:01
4981,4982,SEC_0424,86.41,3788.0,2025-06-11 09:03:41
4982,4983,SEC_0145,40.23,9132.0,2025-01-20 19:25:45
4983,4984,SEC_0375,41.53,5659.0,2025-02-22 23:02:11
4984,4985,SEC_0162,-43.13,9194.0,2025-04-11 05:41:29
4985,4986,SEC_0234,70.43,3773.0,2025-06-11 05:33:03
4986,4987,SEC_0380,94.68,2213.0,2025-04-30 14:41:15
4987,4988,SEC_0144,46.9,6868.0,2025-01-04 12:10:46
4988,4989,SEC_0358,57.44,6964.0,2025-04-23 07:48:54
4989,4990,SEC_0188,43.56,9803.0,2025-01-07 15:44:23
4990,4991,SEC_0322,90.93,-9820.0,2025-01-05 11:49:05
4991,4992,SEC_0450,69.93,5694.0,2025-02-26 15:32:30
4992,4993,SEC_0474,42.63,3992.0,2025-04-21 15:18:18
4993,4994,SEC_0013,29.06,9296.0,2025-03-22 03:55:41
4994,4995,SEC_0184,74.54,2188.0,2025-04-13 05:14:58
4995,4996,SEC_0111,45.98,3033.0,2025-03-04 05:04:07
4996,4997,SEC_0415,70.3,3904.0,2025-01-03 12:13:39
4997,4998,SEC_0290,59.63,8221.0,2025-05-30 10:11:58
4998,4999,SEC_0295,31.49,,2025-05-17 00:20:13
4999,5000,SEC_0451,42.86,3671.0,2025-06-23 21:38:43
5000,5001,SEC_0392,49.09,5728.0,2025-05-08 16:28:33
5001,5002,SEC_0215,44.58,4895.0,2025-06-17 10:32:44
5002,5003,SEC_0462,56.53,5519.0,2025-06-18 19:47:01
5003,5004,SEC_0120,61.58,2337.0,2025-02-02 19:17:09
5004,5005,SEC_0382,93.39,3324.0,2025-06-01 12:36:48
5005,5006,SEC_0055,62.91,7121.0,2025-03-24 21:36:31
5006,5007,SEC_0027,85.4,7860.0,2025-05-31 02:14:51
5007,5008,SEC_0118,47.32,100.0,2025-05-13 02:22:31
5008,5009,SEC_0221,77.44,3657.0,2025-05-23 16:00:50
5009,5010,SEC_0231,48.7,6787.0,2025-06-27 10:03:28
5010,5011,SEC_0053,41.47,694.0,2025-04-23 17:00:57
5011,5012,SEC_0295,40.94,4802.0,2025-02-04 18:27:12
5012,5013,SEC_0321,24.72,8210.0,2025-03-03 21:06:28
5013,5014,SEC_0401,70.54,,2025-03-20 01:22:12
5014,5015,SEC_0233,37.07,-2771.0,2025-03-12 15:06:40
5015,5016,SEC_0158,83.3,1031.0,2025-04-09 12:58:28
5016,5017,SEC_0437,51.82,-4476.0,2025-02-22 05:50:46
5017,5018,SEC_0269,34.25,4210.0,2025-03-15 00:12:04
5018,5019,SEC_0021,39.04,6996.0,2025-02-12 00:03:31
5019,5020,SEC_0403,57.81,1620.0,2025-06-20 17:58:04
5020,5021,SEC_0053,31.06,9043.0,2025-01-25 18:43:20
5021,5022,SEC_0275,65.17,9168.0,2025-01-18 23:22:55
5022,5023,SEC_0313,34.64,2517.0,2025-05-12 07:03:03
5023,5024,SEC_0281,43.74,9708.0,2025-04-11 21:55:57
5024,5025,SEC_0214,57.95,7996.0,2025-03-21 15:44:48
5025,5026,SEC_0031,62.82,1126.0,2025-02-19 03:23:40
5026,5027,SEC_0337,69.36,8685.0,2025-05-02 13:01:23
5027,5028,SEC_0183,36.89,6907.0,2025-05-26 11:43:34
5028,5029,SEC_0023,-49.77,5605.0,2025-04-09 11:54:24
5029,5030,SEC_0032,75.78,3037.0,2025-03-25 23:04:27
5030,5031,SEC_0446,49.78,2527.0,2025-05-17 13:24:39
5031,5032,SEC_0074,59.64,167.0,2025-06-01 10:26:23
5032,5033,SEC_0010,57.32,4190.0,2025-01-03 20:31:09
5033,5034,SEC_0484,80.67,7349.0,2025-03-25 20:32:47
5034,5035,SEC_0456,47.48,576.0,2025-05-20 06:08:58
5035,5036,SEC_0054,35.98,7172.0,2025-01-15 15:14:41
5036,5037,SEC_0052,40.84,8798.0,2025-03-21 16:46:15
5037,5038,SEC_0148,57.78,-3344.0,2025-06-19 22:04:30
5038,5039,SEC_0160,34.09,1819.0,2025-01-04 02:47:38
5039,5040,SEC_0370,46.37,9348.0,2025-06-06 00:08:12
5040,5041,SEC_0014,55.85,9008.0,2025-02-02 23:04:03
5041,5042,SEC_0178,43.38,6024.0,2025-01-23 04:47:51
5042,5043,SEC_0412,60.22,9728.0,2025-05-17 05:47:44
5043,5044,SEC_0366,67.85,7980.0,2025-01-10 01:23:58
5044,5045,SEC_0500,62.58,9155.0,2025-06-06 10:00:43
5045,5046,SEC_0053,34.32,5172.0,2025-06-19 11:18:44
5046,5047,SEC_0408,55.91,5410.0,2025-06-24 02:15:36
5047,5048,SEC_0335,57.24,4542.0,2025-01-30 21:52:38
5048,5049,SEC_0022,48.7,6381.0,2025-03-17 19:35:30
5049,5050,SEC_0030,59.98,3861.0,2025-01-17 08:38:39
5050,5051,SEC_0191,59.34,1515.0,2025-06-19 19:32:19
5051,5052,SEC_0260,53.13,1068.0,2025-01-07 23:17:45
5052,5053,SEC_0205,40.4,882.0,2025-05-14 09:59:18
5053,5054,SEC_0059,54.16,6910.0,2025-01-27 03:20:13
5054,5055,SEC_0471,95.59,5033.0,2025-02-18 13:08:05
5055,5056,SEC_0264,48.54,6503.0,2025-02-14 03:25:00
5056,5057,SEC_0466,74.75,,2025-03-15 01:56:12
5057,5058,SEC_0012,55.24,9742.0,2025-03-25 09:21:23
5058,5059,SEC_0119,42.94,4558.0,2025-02-19 00:15:22
5059,5060,SEC_0415,49.95,8293.0,2025-06-25 15:08:49
5060,5061,SEC_0462,54.32,3533.0,2025-02-24 22:07:05
5061,5062,SEC_0290,66.46,2817.0,2025-05-23 17:28:27
5062,5063,SEC_0338,111.5,6412.0,2025-05-14 06:09:22
5063,5064,SEC_0248,55.5,408.0,2025-06-22 06:51:58
5064,5065,SEC_0354,37.74,7205.0,2025-01-12 10:05:26
5065,5066,SEC_0127,33.24,2516.0,2025-04-12 05:31:26
5066,5067,SEC_0075,48.11,8134.0,2025-03-28 18:44:39
5067,5068,SEC_0361,38.92,1740.0,2025-03-21 20:48:15
5068,5069,SEC_0204,64.55,4053.0,2025-01-16 02:30:39
5069,5070,SEC_0049,64.69,259.0,2025-03-14 08:26:57
5070,5071,SEC_0079,52.26,8701.0,2025-06-03 19:51:12
5071,5072,SEC_0441,66.5,5787.0,2025-06-29 09:01:55
5072,5073,SEC_0479,55.67,3684.0,2025-05-15 17:53:52
5073,5074,SEC_0241,95.61,4721.0,2025-05-04 05:19:44
5074,5075,SEC_0349,65.88,3727.0,2025-06-13 14:01:02
5075,5076,SEC_0154,,679.0,2025-03-15 12:51:13
5076,5077,SEC_0274,35.36,9476.0,2025-06-06 13:01:41
5077,5078,SEC_0096,38.42,9099.0,2025-03-02 02:59:13
5078,5079,SEC_0214,63.03,8460.0,2025-05-10 18:11:08
5079,5080,SEC_0294,-34.3,6127.0,2025-06-01 13:58:38
5080,5081,SEC_0209,45.27,4907.0,2025-05-25 00:59:40
5081,5082,SEC_0343,77.78,7899.0,2025-03-21 10:03:39
5082,5083,SEC_0088,44.98,1201.0,2025-02-18 00:26:35
5083,5084,SEC_0306,37.98,5356.0,2025-04-01 08:42:23
5084,5085,SEC_0264,66.7,1117.0,2025-02-07 23:30:50
5085,5086,SEC_0425,101.7,6345.0,2025-03-11 03:37:00
5086,5087,SEC_0390,42.84,5931.0,2025-04-24 23:33:53
5087,5088,SEC_0325,78.82,9091.0,2025-02-10 14:45:59
5088,5089,SEC_0428,41.27,1059.0,2025-02-15 10:49:56
5089,5090,SEC_0377,52.79,7285.0,2025-03-11 09:04:29
5090,5091,SEC_0320,53.48,688.0,2025-02-27 14:07:58
5091,5092,SEC_0157,43.18,5578.0,2025-04-03 19:33:43
5092,5093,SEC_0156,71.0,5591.0,2025-06-19 02:27:11
5093,5094,SEC_0139,34.4,8153.0,2025-04-01 22:31:07
5094,5095,SEC_0121,57.89,7064.0,2025-04-28 05:43:41
5095,5096,SEC_0065,75.36,8980.0,2025-05-25 15:56:11
5096,5097,SEC_0107,69.24,8396.0,2025-06-08 07:04:45
5097,5098,SEC_0147,63.27,2492.0,2025-02-26 20:04:59
5098,5099,SEC_0137,87.85,4823.0,2025-01-09 05:54:41
5099,5100,SEC_0411,51.12,7005.0,2025-03-17 16:03:25
5100,5101,SEC_0162,34.56,7012.0,2025-03-05 17:40:06
5101,5102,SEC_0428,56.86,5701.0,2025-05-13 23:35:52
5102,5103,SEC_0452,52.58,4863.0,2025-01-18 19:05:47
5103,5104,SEC_0100,-28.94,5351.0,2025-04-07 01:28:23
5104,5105,SEC_0338,38.96,9419.0,2025-03-02 17:34:52
5105,5106,SEC_0399,37.5,9106.0,2025-04-07 16:18:48
5106,5107,SEC_0307,42.76,9612.0,2025-05-14 01:51:56
5107,5108,SEC_0141,49.14,356.0,2025-06-23 15:11:35
5108,5109,SEC_0083,49.71,3473.0,2025-03-22 04:39:47
5109,5110,SEC_0177,43.22,8433.0,2025-03-12 08:06:07
5110,5111,SEC_0198,37.48,7711.0,2025-03-03 19:04:09
5111,5112,SEC_0112,61.14,8813.0,2025-04-04 11:12:06
5112,5113,SEC_0056,56.54,855.0,2025-06-29 16:24:46
5113,5114,SEC_0460,57.05,6364.0,2025-03-28 14:15:20
5114,5115,SEC_0179,93.1,6705.0,2025-06-14 06:33:44
5115,5116,SEC_0421,57.33,3625.0,2025-02-05 15:20:35
5116,5117,SEC_0401,48.91,5447.0,2025-02-26 01:04:30
5117,5118,SEC_0186,52.89,-9253.0,2025-03-13 16:27:02
5118,5119,SEC_0471,56.24,8574.0,2025-03-11 22:10:13
5119,5120,SEC_0218,65.68,6032.0,2025-02-10 15:16:43
5120,5121,SEC_0413,53.87,6183.0,2025-05-12 15:52:43
5121,5122,SEC_0417,30.48,1133.0,2025-05-09 07:24:30
5122,5123,SEC_0316,47.89,,2025-03-14 11:21:22
5123,5124,SEC_0475,54.62,3136.0,2025-04-04 03:27:53
5124,5125,SEC_0217,80.74,2080.0,2025-01-11 14:49:57
5125,5126,SEC_0120,43.13,945.0,2025-05-02 05:52:23
5126,5127,SEC_0439,33.43,5841.0,2025-03-15 09:38:41
5127,5128,SEC_0394,55.66,3963.0,2025-04-23 09:19:58
5128,5129,SEC_0175,70.8,6675.0,2025-02-17 08:28:43
5129,5130,SEC_0023,48.52,,2025-02-11 14:30:42
5130,5131,SEC_0213,111.6,3751.0,2025-02-19 23:30:31
5131,5132,SEC_0405,103.99,4185.0,2025-06-08 10:45:19
5132,5133,SEC_0235,53.42,7179.0,2025-02-23 13:37:02
5133,5134,SEC_0013,57.74,5169.0,2025-02-22 02:53:07
5134,5135,SEC_0101,82.32,4992.0,2025-02-03 21:58:11
5135,5136,SEC_0417,53.15,8147.0,2025-02-05 14:21:21
5136,5137,SEC_0024,42.9,5291.0,2025-04-14 09:50:38
5137,5138,SEC_0364,71.28,4239.0,2025-05-23 23:36:58
5138,5139,SEC_0011,62.76,8399.0,2025-04-05 12:34:01
5139,5140,SEC_0273,42.85,8166.0,2025-03-17 02:02:19
5140,5141,SEC_0452,59.37,3535.0,2025-06-19 07:35:56
5141,5142,SEC_0431,52.04,2053.0,2025-02-21 08:05:20
5142,5143,SEC_0281,48.64,8152.0,2025-04-26 02:54:46
5143,5144,SEC_0094,43.13,29.0,2025-05-05 10:17:17
5144,5145,SEC_0201,56.62,9406.0,2025-03-29 06:38:27
5145,5146,SEC_0021,50.41,8380.0,2025-03-15 19:02:13
5146,5147,SEC_0340,59.47,1861.0,2025-03-13 10:18:31
5147,5148,SEC_0467,69.82,7935.0,2025-05-10 02:05:30
5148,5149,SEC_0211,58.53,2573.0,2025-04-22 03:51:02
5149,5150,SEC_0140,58.83,8052.0,2025-03-29 08:16:44
5150,5151,SEC_0293,46.42,6129.0,2025-05-19 09:10:05
5151,5152,SEC_0298,77.66,4015.0,2025-05-05 16:17:57
5152,5153,SEC_0401,42.33,4253.0,2025-04-03 14:56:42
5153,5154,SEC_0101,33.66,2128.0,2025-05-06 03:57:07
5154,5155,SEC_0304,,2708.0,2025-01-28 05:58:48
5155,5156,SEC_0359,74.46,9934.0,2025-02-17 07:30:50
5156,5157,SEC_0028,62.66,-1814.0,2025-06-20 01:58:44
5157,5158,SEC_0041,80.93,-7817.0,2025-04-26 19:38:48
5158,5159,SEC_0355,36.71,8352.0,2025-01-09 08:10:03
5159,5160,SEC_0303,109.52,8536.0,2025-05-19 07:22:00
5160,5161,SEC_0496,50.14,8397.0,2025-06-13 12:20:51
5161,5162,SEC_0146,32.2,8497.0,2025-02-16 03:07:13
5162,5163,SEC_0256,105.5,-8592.0,2025-05-03 08:46:48
5163,5164,SEC_0462,36.85,6250.0,2025-06-16 21:55:30
5164,5165,SEC_0227,48.45,6486.0,2025-02-05 06:53:02
5165,5166,SEC_0236,51.33,9178.0,2025-02-01 09:32:36
5166,5167,SEC_0361,62.38,1806.0,2025-01-20 11:29:24
5167,5168,SEC_0380,43.06,5048.0,2025-01-04 22:07:45
5168,5169,SEC_0455,74.57,5541.0,2025-03-30 22:15:43
5169,5170,SEC_0489,68.45,2097.0,2025-05-07 09:56:17
5170,5171,SEC_0013,54.91,5338.0,2025-03-19 13:33:13
5171,5172,SEC_0210,81.23,1460.0,2025-02-13 13:35:39
5172,5173,SEC_0229,53.5,6935.0,2025-04-05 16:04:44
5173,5174,SEC_0397,50.26,,2025-03-27 09:16:16
5174,5175,SEC_0100,-99.43,8423.0,2025-06-24 10:45:53
5175,5176,SEC_0031,59.66,3783.0,2025-04-21 23:39:25
5176,5177,SEC_0386,40.62,3501.0,2025-04-12 20:56:31
5177,5178,SEC_0016,42.31,9075.0,2025-02-26 05:19:22
5178,5179,SEC_0137,54.91,5606.0,2025-01-09 04:04:22
5179,5180,SEC_0329,26.59,6420.0,2025-01-09 01:41:04
5180,5181,SEC_0166,45.16,8625.0,2025-03-01 03:37:50
5181,5182,SEC_0459,52.98,9401.0,2025-04-20 01:57:36
5182,5183,SEC_0310,51.93,7890.0,2025-03-24 20:14:00
5183,5184,SEC_0440,37.44,,2025-05-09 22:44:28
5184,5185,SEC_0470,47.72,1818.0,2025-02-20 08:49:35
5185,5186,SEC_0481,77.78,7571.0,2025-03-23 18:15:29
5186,5187,SEC_0100,73.11,5104.0,2025-01-10 10:21:46
5187,5188,SEC_0109,56.19,618.0,2025-05-31 03:10:23
5188,5189,SEC_0343,53.48,8510.0,2025-05-19 22:51:26
5189,5190,SEC_0173,52.01,6286.0,2025-05-15 02:49:55
5190,5191,SEC_0237,58.61,457.0,2025-01-14 10:27:54
5191,5192,SEC_0162,56.3,501.0,2025-05-14 05:23:30
5192,5193,SEC_0393,60.17,8075.0,2025-01-10 07:49:01
5193,5194,SEC_0216,63.47,2316.0,2025-06-07 08:33:30
5194,5195,SEC_0264,37.97,3875.0,2025-05-16 12:02:43
5195,5196,SEC_0263,49.75,6631.0,2025-04-18 09:47:38
5196,5197,SEC_0292,57.94,4974.0,2025-01-02 21:18:02
5197,5198,SEC_0274,40.86,4775.0,2025-04-24 22:38:07
5198,5199,SEC_0003,44.61,1004.0,2025-04-29 14:06:46
5199,5200,SEC_0028,51.14,6849.0,2025-04-23 00:45:13
5200,5201,SEC_0326,51.9,4197.0,2025-01-28 09:43:57
5201,5202,SEC_0492,58.26,6716.0,2025-03-16 13:00:49
5202,5203,SEC_0428,42.33,1067.0,2025-01-01 12:12:17
5203,5204,SEC_0149,73.0,4717.0,2025-06-03 19:42:32
5204,5205,SEC_0028,51.77,9821.0,2025-02-03 20:08:53
5205,5206,SEC_0488,57.03,6609.0,2025-05-07 12:47:54
5206,5207,SEC_0310,48.86,3235.0,2025-01-24 20:44:14
5207,5208,SEC_0438,58.6,6495.0,2025-05-13 18:26:06
5208,5209,SEC_0065,90.14,4499.0,2025-02-01 06:07:50
5209,5210,SEC_0356,48.73,5268.0,2025-05-05 20:35:00
5210,5211,SEC_0021,-46.37,6172.0,2025-04-04 00:56:28
5211,5212,SEC_0252,42.56,8096.0,2025-06-25 20:47:16
5212,5213,SEC_0235,53.63,3670.0,2025-06-27 11:35:26
5213,5214,SEC_0227,53.44,4716.0,2025-04-20 01:57:55
5214,5215,SEC_0013,55.45,9658.0,2025-05-28 21:05:43
5215,5216,SEC_0313,62.83,-6070.0,2025-04-28 16:49:26
5216,5217,SEC_0049,60.5,1962.0,2025-02-14 01:32:09
5217,5218,SEC_0118,54.23,876.0,2025-05-03 08:28:01
5218,5219,SEC_0054,98.12,8735.0,2025-02-23 03:28:14
5219,5220,SEC_0138,67.17,3517.0,2025-04-15 15:13:37
5220,5221,SEC_0053,39.38,3866.0,2025-04-20 22:55:17
5221,5222,SEC_0044,34.34,4500.0,2025-05-14 21:20:27
5222,5223,SEC_0303,44.31,9211.0,2025-06-24 06:38:34
5223,5224,SEC_0053,57.16,7234.0,2025-04-24 15:20:16
5224,5225,SEC_0074,43.21,9621.0,2025-05-17 12:38:23
5225,5226,SEC_0046,45.23,5948.0,2025-04-20 06:21:27
5226,5227,SEC_0013,55.03,575.0,2025-01-16 17:02:53
5227,5228,SEC_0165,49.27,1459.0,2025-03-01 11:29:45
5228,5229,SEC_0102,29.54,-7396.0,2025-06-28 17:42:47
5229,5230,SEC_0280,75.43,9692.0,2025-02-21 16:38:58
5230,5231,SEC_0258,70.35,9684.0,2025-03-08 05:53:16
5231,5232,SEC_0470,37.13,3173.0,2025-06-27 19:17:10
5232,5233,SEC_0337,55.54,2471.0,2025-06-26 19:44:48
5233,5234,SEC_0356,39.06,3428.0,2025-04-19 18:34:52
5234,5235,SEC_0398,45.48,7799.0,2025-03-09 01:33:18
5235,5236,SEC_0138,63.17,7737.0,2025-02-09 03:47:06
5236,5237,SEC_0163,69.62,4207.0,2025-02-08 02:47:56
5237,5238,SEC_0409,69.13,2201.0,2025-04-13 18:29:41
5238,5239,SEC_0387,58.76,2965.0,2025-06-19 00:55:04
5239,5240,SEC_0111,80.04,6906.0,2025-04-05 09:03:16
5240,5241,SEC_0102,45.46,3314.0,2025-05-17 12:23:24
5241,5242,SEC_0017,48.59,2928.0,2025-04-15 18:15:43
5242,5243,SEC_0268,25.07,8874.0,2025-02-24 16:53:49
5243,5244,SEC_0182,53.1,8471.0,2025-01-22 12:08:36
5244,5245,SEC_0372,64.97,4459.0,2025-06-13 16:27:20
5245,5246,SEC_0024,59.48,1649.0,2025-06-04 22:39:55
5246,5247,SEC_0029,45.28,5528.0,2025-03-06 00:33:44
5247,5248,SEC_0171,70.34,9351.0,2025-03-29 22:47:33
5248,5249,SEC_0409,53.4,8185.0,2025-04-05 05:34:12
5249,5250,SEC_0228,68.71,2342.0,2025-04-08 14:36:25
5250,5251,SEC_0378,63.17,1519.0,2025-04-06 15:17:05
5251,5252,SEC_0188,83.71,,2025-04-24 05:45:46
5252,5253,SEC_0346,60.45,871.0,2025-03-23 06:22:15
5253,5254,SEC_0230,65.56,5539.0,2025-02-24 05:44:59
5254,5255,SEC_0321,53.36,9534.0,2025-02-15 11:38:54
5255,5256,SEC_0340,46.95,5478.0,2025-03-17 20:30:30
5256,5257,SEC_0119,,9364.0,2025-04-19 22:17:17
5257,5258,SEC_0156,85.7,1129.0,2025-05-25 11:45:43
5258,5259,SEC_0272,45.39,,2025-01-31 01:47:30
5259,5260,SEC_0175,50.68,1285.0,2025-04-09 21:53:50
5260,5261,SEC_0465,55.04,-8763.0,2025-04-22 15:11:14
5261,5262,SEC_0104,67.05,2865.0,2025-05-11 08:30:41
5262,5263,SEC_0092,60.56,-6046.0,2025-06-18 23:40:00
5263,5264,SEC_0186,71.8,1978.0,2025-01-08 19:41:54
5264,5265,SEC_0460,98.71,8639.0,2025-01-15 17:53:06
5265,5266,SEC_0283,45.08,9473.0,2025-01-22 02:31:02
5266,5267,SEC_0181,65.56,5040.0,2025-02-20 15:15:11
5267,5268,SEC_0170,60.11,7040.0,2025-03-14 22:46:51
5268,5269,SEC_0187,54.91,8829.0,2025-04-06 22:09:34
5269,5270,SEC_0175,65.49,2974.0,2025-03-23 15:55:21
5270,5271,SEC_0222,50.4,4627.0,2025-05-18 12:39:12
5271,5272,SEC_0233,60.15,119.0,2025-04-26 20:59:26
5272,5273,SEC_0162,36.91,-8000.0,2025-03-28 07:30:15
5273,5274,SEC_0421,46.45,2293.0,2025-01-24 17:14:56
5274,5275,SEC_0134,74.76,2105.0,2025-04-05 04:17:38
5275,5276,SEC_0391,-73.9,1068.0,2025-03-29 10:39:31
5276,5277,SEC_0480,59.02,424.0,2025-02-07 19:34:50
5277,5278,SEC_0224,47.66,3820.0,2025-01-09 15:31:51
5278,5279,SEC_0153,69.94,7704.0,2025-02-03 01:06:52
5279,5280,SEC_0033,79.12,1281.0,2025-06-14 23:42:41
5280,5281,SEC_0055,48.24,3433.0,2025-06-05 10:29:40
5281,5282,SEC_0442,35.29,-763.0,2025-05-15 22:42:55
5282,5283,SEC_0007,62.47,1630.0,2025-05-03 09:29:56
5283,5284,SEC_0244,71.82,5500.0,2025-06-02 04:56:28
5284,5285,SEC_0313,65.12,8635.0,2025-03-13 10:50:26
5285,5286,SEC_0126,87.32,3015.0,2025-06-05 01:22:01
5286,5287,SEC_0012,87.43,1498.0,2025-05-22 05:46:30
5287,5288,SEC_0016,49.82,8281.0,2025-06-20 21:54:35
5288,5289,SEC_0208,57.96,9172.0,2025-02-25 01:37:20
5289,5290,SEC_0043,47.04,8654.0,2025-03-15 20:28:01
5290,5291,SEC_0373,40.18,3553.0,2025-05-16 10:02:50
5291,5292,SEC_0484,40.89,7638.0,2025-01-04 23:30:53
5292,5293,SEC_0461,67.7,8572.0,2025-05-18 21:01:31
5293,5294,SEC_0135,59.79,4497.0,2025-01-15 12:02:32
5294,5295,SEC_0228,71.31,4647.0,2025-01-12 12:32:29
5295,5296,SEC_0111,116.69,2984.0,2025-01-26 19:13:55
5296,5297,SEC_0307,63.43,3061.0,2025-03-23 10:20:39
5297,5298,SEC_0457,43.1,7835.0,2025-01-27 22:05:12
5298,5299,SEC_0160,74.48,6805.0,2025-03-14 00:16:06
5299,5300,SEC_0331,42.86,7511.0,2025-02-11 21:59:12
5300,5301,SEC_0264,92.25,2951.0,2025-05-18 05:53:57
5301,5302,SEC_0225,30.22,4541.0,2025-01-12 07:58:37
5302,5303,SEC_0471,46.34,7419.0,2025-02-03 07:03:54
5303,5304,SEC_0217,65.8,6064.0,2025-05-03 12:58:31
5304,5305,SEC_0456,77.73,7662.0,2025-01-10 09:11:53
5305,5306,SEC_0045,44.56,3422.0,2025-01-26 09:22:06
5306,5307,SEC_0214,42.2,1991.0,2025-05-25 09:24:39
5307,5308,SEC_0059,57.08,3857.0,2025-06-21 13:02:52
5308,5309,SEC_0132,96.8,1483.0,2025-05-28 10:27:23
5309,5310,SEC_0104,34.41,2546.0,2025-01-07 19:34:37
5310,5311,SEC_0195,49.69,4221.0,2025-04-13 16:32:56
5311,5312,SEC_0413,59.03,643.0,2025-05-10 05:55:20
5312,5313,SEC_0489,43.0,3919.0,2025-04-26 15:29:03
5313,5314,SEC_0157,42.96,1587.0,2025-03-14 11:12:30
5314,5315,SEC_0098,-50.91,2410.0,2025-05-24 19:09:55
5315,5316,SEC_0226,59.61,6505.0,2025-03-31 02:08:53
5316,5317,SEC_0412,51.49,55.0,2025-06-09 08:05:38
5317,5318,SEC_0205,84.75,842.0,2025-03-15 22:50:40
5318,5319,SEC_0079,65.22,6929.0,2025-02-02 00:16:28
5319,5320,SEC_0124,61.25,-4588.0,2025-06-03 09:25:00
5320,5321,SEC_0471,74.31,9177.0,2025-02-06 11:31:17
5321,5322,SEC_0428,61.57,2907.0,2025-06-24 00:24:32
5322,5323,SEC_0218,47.8,5089.0,2025-06-07 05:21:28
5323,5324,SEC_0004,50.45,-5057.0,2025-05-24 05:22:29
5324,5325,SEC_0090,38.91,5983.0,2025-05-13 08:17:20
5325,5326,SEC_0104,99.63,2273.0,2025-02-17 12:53:14
5326,5327,SEC_0393,72.18,6142.0,2025-04-25 14:30:52
5327,5328,SEC_0119,25.33,8016.0,2025-03-25 11:45:06
5328,5329,SEC_0133,81.45,-8295.0,2025-02-16 05:05:20
5329,5330,SEC_0312,35.17,9162.0,2025-03-25 14:45:21
5330,5331,SEC_0096,-63.83,1072.0,2025-04-27 02:12:47
5331,5332,SEC_0468,28.19,737.0,2025-03-24 13:07:33
5332,5333,SEC_0434,48.02,9558.0,2025-02-19 10:39:34
5333,5334,SEC_0331,81.64,6377.0,2025-01-28 01:26:56
5334,5335,SEC_0143,83.01,7750.0,2025-03-29 13:44:25
5335,5336,SEC_0288,59.86,3631.0,2025-05-30 03:17:08
5336,5337,SEC_0028,69.15,228.0,2025-06-18 03:45:25
5337,5338,SEC_0278,35.73,6666.0,2025-05-10 08:58:22
5338,5339,SEC_0233,64.17,5712.0,2025-03-28 11:33:23
5339,5340,SEC_0017,70.48,6157.0,2025-01-02 02:50:28
5340,5341,SEC_0059,118.03,3571.0,2025-02-19 16:34:20
5341,5342,SEC_0090,45.29,8637.0,2025-04-03 10:36:44
5342,5343,SEC_0492,54.87,7994.0,2025-02-24 14:17:30
5343,5344,SEC_0199,55.89,1620.0,2025-02-07 22:29:42
5344,5345,SEC_0362,67.33,2205.0,2025-01-14 06:44:15
5345,5346,SEC_0441,71.1,2704.0,2025-01-07 22:12:28
5346,5347,SEC_0026,75.06,,2025-05-09 05:44:51
5347,5348,SEC_0025,73.43,7575.0,2025-06-04 01:22:41
5348,5349,SEC_0394,-35.01,9374.0,2025-01-12 17:55:40
5349,5350,SEC_0301,24.93,798.0,2025-03-13 01:27:21
5350,5351,SEC_0339,46.79,9027.0,2025-01-06 00:28:44
5351,5352,SEC_0267,54.02,3000.0,2025-06-25 10:04:15
5352,5353,SEC_0461,45.42,2765.0,2025-05-11 21:56:26
5353,5354,SEC_0181,47.56,3685.0,2025-06-23 04:22:41
5354,5355,SEC_0456,49.36,8200.0,2025-05-01 23:58:36
5355,5356,SEC_0360,64.92,6240.0,2025-03-01 23:08:59
5356,5357,SEC_0068,40.04,-3875.0,2025-06-18 15:00:03
5357,5358,SEC_0495,53.34,3330.0,2025-05-08 17:54:46
5358,5359,SEC_0351,53.46,6070.0,2025-03-21 20:39:47
5359,5360,SEC_0412,64.48,5585.0,2025-02-25 03:31:18
5360,5361,SEC_0459,77.37,8806.0,2025-05-25 21:34:18
5361,5362,SEC_0491,90.49,8881.0,2025-05-26 22:55:51
5362,5363,SEC_0321,43.65,-9090.0,2025-04-13 13:25:26
5363,5364,SEC_0049,29.96,8302.0,2025-01-15 10:12:17
5364,5365,SEC_0175,50.78,1161.0,2025-04-15 12:35:54
5365,5366,SEC_0052,33.9,3611.0,2025-04-28 11:26:24
5366,5367,SEC_0102,124.01,4745.0,2025-01-03 11:14:28
5367,5368,SEC_0216,42.02,7332.0,2025-03-31 22:43:40
5368,5369,SEC_0438,64.66,2004.0,2025-04-04 23:51:59
5369,5370,SEC_0188,72.26,8036.0,2025-03-07 16:09:16
5370,5371,SEC_0057,60.47,1528.0,2025-02-05 22:31:39
5371,5372,SEC_0047,101.8,7319.0,2025-01-17 10:17:48
5372,5373,SEC_0159,51.38,7235.0,2025-03-21 12:04:54
5373,5374,SEC_0489,-42.5,5170.0,2025-03-09 15:19:07
5374,5375,SEC_0174,41.85,4611.0,2025-03-27 13:34:40
5375,5376,SEC_0242,68.37,6722.0,2025-04-03 07:31:06
5376,5377,SEC_0282,51.58,8698.0,2025-06-15 02:24:39
5377,5378,SEC_0241,41.85,4251.0,2025-05-21 13:15:46
5378,5379,SEC_0370,62.33,6627.0,2025-05-23 19:04:18
5379,5380,SEC_0005,67.54,2856.0,2025-04-03 08:38:11
5380,5381,SEC_0084,59.23,3965.0,2025-02-11 00:53:27
5381,5382,SEC_0308,71.51,7936.0,2025-05-08 05:28:13
5382,5383,SEC_0361,56.06,1675.0,2025-01-10 04:10:21
5383,5384,SEC_0459,45.69,9383.0,2025-02-11 04:46:57
5384,5385,SEC_0248,69.65,2393.0,2025-03-19 09:51:01
5385,5386,SEC_0054,41.8,6879.0,2025-02-05 11:01:03
5386,5387,SEC_0161,38.91,1922.0,2025-01-20 09:13:29
5387,5388,SEC_0434,77.23,4434.0,2025-01-12 02:00:08
5388,5389,SEC_0422,49.19,1828.0,2025-01-04 23:19:21
5389,5390,SEC_0411,89.99,717.0,2025-02-04 20:20:08
5390,5391,SEC_0226,70.6,,2025-06-11 19:31:00
5391,5392,SEC_0015,48.08,4861.0,2025-05-01 09:26:38
5392,5393,SEC_0224,63.17,8277.0,2025-06-06 06:42:58
5393,5394,SEC_0061,116.57,3769.0,2025-01-07 23:53:18
5394,5395,SEC_0122,68.46,8929.0,2025-06-21 16:37:09
5395,5396,SEC_0277,65.01,2708.0,2025-06-07 17:07:23
5396,5397,SEC_0046,45.68,8419.0,2025-05-03 11:12:40
5397,5398,SEC_0453,94.95,3358.0,2025-02-09 12:03:59
5398,5399,SEC_0390,81.08,9500.0,2025-04-05 13:30:07
5399,5400,SEC_0294,45.8,7861.0,2025-05-11 16:35:17
5400,5401,SEC_0062,95.98,4205.0,2025-03-04 01:54:59
5401,5402,SEC_0086,57.36,4231.0,2025-03-19 14:40:59
5402,5403,SEC_0446,42.43,5034.0,2025-02-28 10:45:02
5403,5404,SEC_0210,45.62,4387.0,2025-03-10 08:48:12
5404,5405,SEC_0078,71.04,8158.0,2025-02-04 17:14:28
5405,5406,SEC_0202,42.52,7676.0,2025-02-19 14:20:06
5406,5407,SEC_0302,39.22,9845.0,2025-03-03 23:24:57
5407,5408,SEC_0397,47.86,1868.0,2025-01-06 18:25:17
5408,5409,SEC_0223,50.06,,2025-05-29 06:29:16
5409,5410,SEC_0222,44.61,7197.0,2025-01-21 22:27:14
5410,5411,SEC_0003,47.65,27.0,2025-06-09 21:37:01
5411,5412,SEC_0478,71.89,6157.0,2025-03-23 04:23:39
5412,5413,SEC_0006,58.97,9125.0,2025-03-28 11:28:00
5413,5414,SEC_0093,46.77,6589.0,2025-01-22 00:34:31
5414,5415,SEC_0008,48.02,5768.0,2025-04-14 04:51:00
5415,5416,SEC_0428,52.48,467.0,2025-03-24 14:42:55
5416,5417,SEC_0493,53.39,7690.0,2025-06-09 13:51:37
5417,5418,SEC_0235,53.46,2701.0,2025-05-13 08:48:08
5418,5419,SEC_0108,71.1,9691.0,2025-05-26 04:46:41
5419,5420,SEC_0161,57.92,8810.0,2025-03-11 08:36:16
5420,5421,SEC_0209,58.44,3778.0,2025-06-12 22:23:37
5421,5422,SEC_0240,83.77,2688.0,2025-06-15 04:59:53
5422,5423,SEC_0331,95.87,5333.0,2025-02-20 11:57:31
5423,5424,SEC_0333,37.74,6807.0,2025-03-29 23:42:34
5424,5425,SEC_0050,34.0,5057.0,2025-01-21 12:54:00
5425,5426,SEC_0011,49.16,9697.0,2025-04-21 06:34:05
5426,5427,SEC_0351,69.06,180.0,2025-05-07 23:43:00
5427,5428,SEC_0156,61.12,7997.0,2025-01-17 22:18:43
5428,5429,SEC_0492,74.91,5465.0,2025-05-09 05:41:07
5429,5430,SEC_0070,48.54,6721.0,2025-05-02 07:57:47
5430,5431,SEC_0169,30.36,922.0,2025-02-14 04:26:20
5431,5432,SEC_0272,36.23,3093.0,2025-04-16 08:01:11
5432,5433,SEC_0068,64.68,5528.0,2025-02-10 05:10:39
5433,5434,SEC_0355,75.08,9703.0,2025-04-30 11:21:36
5434,5435,SEC_0252,30.81,7466.0,2025-01-18 10:46:08
5435,5436,SEC_0048,83.36,2720.0,2025-01-17 19:30:22
5436,5437,SEC_0184,62.76,-8114.0,2025-02-28 04:55:51
5437,5438,SEC_0320,53.46,9216.0,2025-01-30 20:37:34
5438,5439,SEC_0187,45.24,152.0,2025-06-16 13:29:21
5439,5440,SEC_0090,88.0,8205.0,2025-03-27 06:17:29
5440,5441,SEC_0446,71.46,8907.0,2025-06-05 15:40:53
5441,5442,SEC_0332,63.26,3626.0,2025-04-29 23:24:49
5442,5443,SEC_0139,43.84,8441.0,2025-01-22 05:14:44
5443,5444,SEC_0357,88.61,1145.0,2025-04-29 03:26:42
5444,5445,SEC_0089,55.1,4483.0,2025-03-01 19:16:54
5445,5446,SEC_0274,59.72,4535.0,2025-03-25 17:54:48
5446,5447,SEC_0019,55.81,721.0,2025-06-21 05:40:49
5447,5448,SEC_0471,43.39,4569.0,2025-01-06 04:26:14
5448,5449,SEC_0311,60.09,3230.0,2025-02-10 21:55:43
5449,5450,SEC_0358,67.29,1007.0,2025-01-10 14:22:20
5450,5451,SEC_0374,47.82,4729.0,2025-01-31 19:32:44
5451,5452,SEC_0466,58.57,7100.0,2025-01-19 12:08:55
5452,5453,SEC_0154,55.56,7117.0,2025-01-30 21:36:57
5453,5454,SEC_0390,71.85,3814.0,2025-05-07 18:59:42
5454,5455,SEC_0260,49.91,-538.0,2025-04-20 10:40:23
5455,5456,SEC_0108,58.44,2686.0,2025-05-31 09:59:18
5456,5457,SEC_0371,62.25,1981.0,2025-01-06 00:59:41
5457,5458,SEC_0285,49.58,5907.0,2025-04-04 11:39:58
5458,5459,SEC_0059,42.62,540.0,2025-01-08 06:16:43
5459,5460,SEC_0125,44.76,7047.0,2025-05-12 07:32:35
5460,5461,SEC_0354,61.73,7262.0,2025-06-03 01:29:39
5461,5462,SEC_0273,50.88,8676.0,2025-01-21 23:39:37
5462,5463,SEC_0107,50.67,9221.0,2025-06-24 06:44:28
5463,5464,SEC_0299,65.45,,2025-03-06 00:25:12
5464,5465,SEC_0245,74.13,52.0,2025-05-06 15:00:14
5465,5466,SEC_0336,78.06,8435.0,2025-01-07 20:39:07
5466,5467,SEC_0450,45.43,1687.0,2025-03-22 01:57:29
5467,5468,SEC_0418,72.01,2822.0,2025-04-16 15:11:36
5468,5469,SEC_0247,102.05,6564.0,2025-02-19 18:28:04
5469,5470,SEC_0008,56.7,8121.0,2025-05-07 19:43:18
5470,5471,SEC_0141,53.41,8097.0,2025-02-13 04:47:02
5471,5472,SEC_0362,50.17,8617.0,2025-02-19 15:59:52
5472,5473,SEC_0008,39.68,8887.0,2025-04-13 20:21:31
5473,5474,SEC_0478,70.29,8546.0,2025-06-14 06:54:39
5474,5475,SEC_0352,53.48,3691.0,2025-03-27 17:04:14
5475,5476,SEC_0484,52.2,1690.0,2025-05-20 19:20:38
5476,5477,SEC_0495,67.1,8485.0,2025-03-13 11:51:35
5477,5478,SEC_0094,68.98,717.0,2025-05-30 18:17:42
5478,5479,SEC_0321,45.59,7284.0,2025-03-04 09:30:18
5479,5480,SEC_0427,45.92,4576.0,2025-06-09 19:14:11
5480,5481,SEC_0039,45.31,4573.0,2025-03-24 07:12:59
5481,5482,SEC_0081,102.93,638.0,2025-04-17 15:58:42
5482,5483,SEC_0187,85.04,7980.0,2025-04-19 02:34:46
5483,5484,SEC_0084,67.5,9492.0,2025-06-14 07:04:29
5484,5485,SEC_0088,48.78,3949.0,2025-03-13 08:12:42
5485,5486,SEC_0242,50.55,8882.0,2025-06-26 23:28:58
5486,5487,SEC_0342,60.89,5551.0,2025-02-20 23:59:40
5487,5488,SEC_0093,105.93,8904.0,2025-04-03 10:23:36
5488,5489,SEC_0086,59.54,8631.0,2025-02-09 08:45:48
5489,5490,SEC_0044,63.6,,2025-05-22 07:22:05
5490,5491,SEC_0137,25.41,5551.0,2025-06-20 16:48:58
5491,5492,SEC_0421,58.98,4239.0,2025-04-14 02:59:29
5492,5493,SEC_0074,35.94,1784.0,2025-03-28 06:41:33
5493,5494,SEC_0036,47.18,9060.0,2025-04-25 06:34:46
5494,5495,SEC_0101,55.37,1489.0,2025-04-18 20:53:07
5495,5496,SEC_0476,49.87,7161.0,2025-03-31 09:19:43
5496,5497,SEC_0156,45.11,468.0,2025-06-08 11:57:10
5497,5498,SEC_0426,45.24,5584.0,2025-02-25 18:42:03
5498,5499,SEC_0255,51.25,1418.0,2025-02-13 12:31:32
5499,5500,SEC_0171,50.58,5906.0,2025-05-09 08:28:54
5500,5501,SEC_0469,-54.93,1777.0,2025-04-27 22:10:45
5501,5502,SEC_0216,53.71,1082.0,2025-06-04 15:25:16
5502,5503,SEC_0170,80.13,2926.0,2025-02-14 13:30:09
5503,5504,SEC_0252,29.52,4085.0,2025-04-05 07:49:15
5504,5505,SEC_0360,58.76,7629.0,2025-03-20 11:11:34
5505,5506,SEC_0322,55.77,6196.0,2025-05-11 17:51:48
5506,5507,SEC_0055,52.44,1012.0,2025-05-17 14:26:06
5507,5508,SEC_0456,44.18,7903.0,2025-04-26 10:52:24
5508,5509,SEC_0432,52.2,814.0,2025-02-06 13:50:36
5509,5510,SEC_0091,33.45,273.0,2025-01-05 02:59:08
5510,5511,SEC_0278,58.09,3645.0,2025-04-03 06:53:46
5511,5512,SEC_0101,61.34,1717.0,2025-02-08 19:02:08
5512,5513,SEC_0155,44.2,6277.0,2025-05-28 14:12:00
5513,5514,SEC_0377,97.73,6233.0,2025-01-24 06:57:50
5514,5515,SEC_0349,52.66,6829.0,2025-04-11 03:53:53
5515,5516,SEC_0451,55.32,357.0,2025-02-21 08:42:31
5516,5517,SEC_0364,81.51,204.0,2025-02-13 23:11:42
5517,5518,SEC_0141,103.82,,2025-04-25 15:19:06
5518,5519,SEC_0173,38.98,1597.0,2025-03-19 23:15:36
5519,5520,SEC_0010,45.92,6615.0,2025-04-30 12:34:34
5520,5521,SEC_0228,52.94,497.0,2025-02-13 13:56:42
5521,5522,SEC_0265,43.69,63.0,2025-03-17 12:22:35
5522,5523,SEC_0438,70.37,1580.0,2025-02-12 02:48:54
5523,5524,SEC_0248,42.27,8732.0,2025-03-05 14:41:20
5524,5525,SEC_0247,79.84,4294.0,2025-05-31 17:43:07
5525,5526,SEC_0155,65.83,4877.0,2025-06-18 12:58:36
5526,5527,SEC_0034,77.42,7851.0,2025-02-05 20:03:35
5527,5528,SEC_0499,42.33,4126.0,2025-02-05 15:27:02
5528,5529,SEC_0129,48.66,2714.0,2025-03-02 06:04:12
5529,5530,SEC_0160,71.48,5329.0,2025-04-24 18:28:11
5530,5531,SEC_0089,67.69,9273.0,2025-02-02 04:29:40
5531,5532,SEC_0093,50.1,7888.0,2025-03-13 15:06:03
5532,5533,SEC_0327,52.28,3380.0,2025-04-25 11:47:34
5533,5534,SEC_0241,47.93,1599.0,2025-06-27 00:50:17
5534,5535,SEC_0323,-51.86,7634.0,2025-02-04 13:28:47
5535,5536,SEC_0468,40.87,9821.0,2025-06-29 16:20:58
5536,5537,SEC_0404,38.86,3179.0,2025-06-12 22:49:19
5537,5538,SEC_0117,73.82,8045.0,2025-04-29 01:09:53
5538,5539,SEC_0094,51.34,5114.0,2025-01-26 23:34:48
5539,5540,SEC_0163,77.12,3373.0,2025-04-17 08:24:33
5540,5541,SEC_0099,65.29,6764.0,2025-05-18 01:06:57
5541,5542,SEC_0113,59.96,1070.0,2025-03-08 19:21:40
5542,5543,SEC_0359,44.12,2777.0,2025-01-25 11:02:37
5543,5544,SEC_0091,37.97,1193.0,2025-05-06 09:16:14
5544,5545,SEC_0346,47.6,814.0,2025-01-01 14:11:51
5545,5546,SEC_0206,86.45,1153.0,2025-06-20 11:33:25
5546,5547,SEC_0017,71.29,5833.0,2025-04-08 21:48:47
5547,5548,SEC_0274,-46.29,1884.0,2025-02-13 11:16:43
5548,5549,SEC_0173,47.77,,2025-02-20 07:15:20
5549,5550,SEC_0116,41.32,3672.0,2025-02-23 02:52:53
5550,5551,SEC_0349,34.33,2813.0,2025-04-06 13:45:24
5551,5552,SEC_0468,56.29,6563.0,2025-06-05 22:24:16
5552,5553,SEC_0181,91.61,7014.0,2025-06-06 08:26:15
5553,5554,SEC_0091,91.95,5178.0,2025-04-30 15:16:50
5554,5555,SEC_0082,65.52,4086.0,2025-04-26 06:29:31
5555,5556,SEC_0324,-45.57,384.0,2025-06-12 04:57:16
5556,5557,SEC_0449,35.34,2851.0,2025-06-11 05:02:46
5557,5558,SEC_0114,74.75,6722.0,2025-06-23 09:58:02
5558,5559,SEC_0257,62.44,7084.0,2025-02-07 03:47:45
5559,5560,SEC_0058,49.66,1050.0,2025-01-14 19:08:29
5560,5561,SEC_0154,47.23,1834.0,2025-01-23 12:08:30
5561,5562,SEC_0365,65.37,,2025-03-23 01:04:00
5562,5563,SEC_0404,42.61,4468.0,2025-05-05 05:01:46
5563,5564,SEC_0116,58.66,2976.0,2025-02-03 14:59:10
5564,5565,SEC_0343,37.87,5156.0,2025-02-22 02:24:14
5565,5566,SEC_0266,106.54,7699.0,2025-01-20 06:45:16
5566,5567,SEC_0315,44.43,8001.0,2025-06-20 14:05:05
5567,5568,SEC_0203,66.32,1291.0,2025-01-29 11:24:05
5568,5569,SEC_0041,38.11,7962.0,2025-05-09 17:41:37
5569,5570,SEC_0105,51.99,7600.0,2025-01-07 14:25:52
5570,5571,SEC_0389,71.19,7187.0,2025-04-11 16:58:40
5571,5572,SEC_0378,75.97,7507.0,2025-01-17 07:02:05
5572,5573,SEC_0193,68.65,2188.0,2025-03-17 03:31:31
5573,5574,SEC_0401,,8259.0,2025-03-22 12:46:47
5574,5575,SEC_0278,44.71,9585.0,2025-02-22 17:32:37
5575,5576,SEC_0354,39.52,7792.0,2025-02-04 07:48:51
5576,5577,SEC_0237,85.72,6771.0,2025-03-23 00:03:01
5577,5578,SEC_0425,56.32,9894.0,2025-04-01 19:00:53
5578,5579,SEC_0221,-59.53,8771.0,2025-06-11 05:02:16
5579,5580,SEC_0068,77.45,7935.0,2025-01-17 23:04:47
5580,5581,SEC_0197,65.11,1606.0,2025-01-29 13:58:43
5581,5582,SEC_0256,52.55,7988.0,2025-04-04 06:29:57
5582,5583,SEC_0139,68.26,7166.0,2025-05-03 23:03:10
5583,5584,SEC_0312,45.3,6055.0,2025-03-30 22:32:25
5584,5585,SEC_0435,34.28,4506.0,2025-04-27 20:06:56
5585,5586,SEC_0149,83.39,7248.0,2025-05-07 14:41:10
5586,5587,SEC_0099,46.44,5808.0,2025-06-26 23:51:50
5587,5588,SEC_0076,49.83,6257.0,2025-06-13 20:59:54
5588,5589,SEC_0282,51.17,-8052.0,2025-03-02 01:45:04
5589,5590,SEC_0371,45.57,4285.0,2025-01-03 07:13:43
5590,5591,SEC_0403,75.97,-2155.0,2025-02-03 00:29:33
5591,5592,SEC_0109,61.09,7743.0,2025-02-16 11:31:16
5592,5593,SEC_0188,49.84,2805.0,2025-04-28 00:56:12
5593,5594,SEC_0199,37.24,2221.0,2025-06-13 06:21:50
5594,5595,SEC_0303,59.81,9191.0,2025-05-23 14:31:04
5595,5596,SEC_0327,26.18,722.0,2025-04-22 21:41:27
5596,5597,SEC_0154,58.55,9407.0,2025-02-27 19:35:14
5597,5598,SEC_0040,81.69,9886.0,2025-04-23 02:20:00
5598,5599,SEC_0133,55.67,6975.0,2025-05-31 08:14:42
5599,5600,SEC_0405,78.41,5804.0,2025-05-02 01:40:13
5600,5601,SEC_0462,37.76,3395.0,2025-06-11 01:20:17
5601,5602,SEC_0132,100.64,4026.0,2025-06-02 02:23:45
5602,5603,SEC_0279,75.88,-8129.0,2025-05-22 03:00:42
5603,5604,SEC_0362,62.98,5157.0,2025-05-08 23:17:50
5604,5605,SEC_0084,45.63,4813.0,2025-04-01 19:07:47
5605,5606,SEC_0399,43.41,8651.0,2025-05-03 14:03:45
5606,5607,SEC_0242,53.45,9894.0,2025-01-24 01:49:43
5607,5608,SEC_0116,78.32,8819.0,2025-05-31 02:50:44
5608,5609,SEC_0109,36.79,2457.0,2025-02-01 21:36:16
5609,5610,SEC_0221,54.77,207.0,2025-06-17 22:27:01
5610,5611,SEC_0392,68.05,1357.0,2025-02-20 10:07:55
5611,5612,SEC_0041,72.15,7462.0,2025-02-12 04:28:22
5612,5613,SEC_0368,67.99,7157.0,2025-04-27 05:51:27
5613,5614,SEC_0147,35.68,8152.0,2025-02-28 06:17:00
5614,5615,SEC_0112,76.67,6523.0,2025-04-19 04:47:11
5615,5616,SEC_0103,55.71,2674.0,2025-04-15 13:34:56
5616,5617,SEC_0046,39.42,1050.0,2025-03-14 21:19:56
5617,5618,SEC_0412,54.2,6824.0,2025-03-26 00:37:31
5618,5619,SEC_0494,30.34,2592.0,2025-03-14 18:24:18
5619,5620,SEC_0475,64.94,6877.0,2025-02-11 22:10:16
5620,5621,SEC_0324,52.55,4005.0,2025-05-25 20:54:07
5621,5622,SEC_0378,37.3,5974.0,2025-02-16 21:29:32
5622,5623,SEC_0271,50.05,8283.0,2025-05-29 22:13:17
5623,5624,SEC_0483,44.16,8668.0,2025-03-26 00:34:14
5624,5625,SEC_0421,45.01,8057.0,2025-01-22 04:50:37
5625,5626,SEC_0385,27.71,2047.0,2025-03-05 23:10:52
5626,5627,SEC_0195,33.06,5308.0,2025-02-04 16:13:02
5627,5628,SEC_0367,50.96,7737.0,2025-05-07 05:30:19
5628,5629,SEC_0280,48.4,3691.0,2025-01-26 00:14:59
5629,5630,SEC_0283,73.13,3267.0,2025-04-25 17:39:10
5630,5631,SEC_0040,45.17,4630.0,2025-06-08 17:43:33
5631,5632,SEC_0447,46.61,2746.0,2025-05-26 02:53:25
5632,5633,SEC_0189,47.27,7024.0,2025-05-27 09:21:50
5633,5634,SEC_0164,51.46,8277.0,2025-03-24 10:30:58
5634,5635,SEC_0482,-56.12,2640.0,2025-06-09 09:08:17
5635,5636,SEC_0477,48.33,4937.0,2025-06-16 00:07:32
5636,5637,SEC_0024,64.8,77.0,2025-01-15 18:08:07
5637,5638,SEC_0024,108.86,6474.0,2025-01-10 15:07:30
5638,5639,SEC_0490,42.62,3505.0,2025-04-24 11:22:28
5639,5640,SEC_0004,61.41,2425.0,2025-06-22 09:01:17
5640,5641,SEC_0323,55.08,6485.0,2025-01-04 15:34:07
5641,5642,SEC_0290,74.75,-5297.0,2025-04-07 14:56:18
5642,5643,SEC_0441,58.03,6568.0,2025-01-25 08:20:45
5643,5644,SEC_0433,43.91,6087.0,2025-04-12 06:13:10
5644,5645,SEC_0471,38.49,2222.0,2025-03-08 16:51:42
5645,5646,SEC_0181,65.57,406.0,2025-02-09 01:24:31
5646,5647,SEC_0248,-39.44,2130.0,2025-01-01 07:12:37
5647,5648,SEC_0116,77.88,6835.0,2025-06-06 07:15:33
5648,5649,SEC_0279,64.45,398.0,2025-06-13 12:33:36
5649,5650,SEC_0365,56.04,9993.0,2025-03-09 21:30:25
5650,5651,SEC_0069,36.83,3474.0,2025-06-04 21:10:45
5651,5652,SEC_0351,66.86,4990.0,2025-05-20 12:40:39
5652,5653,SEC_0254,88.68,3927.0,2025-03-10 06:43:48
5653,5654,SEC_0181,48.06,1945.0,2025-04-13 04:31:07
5654,5655,SEC_0318,43.7,8630.0,2025-02-09 08:03:16
5655,5656,SEC_0169,53.11,5392.0,2025-05-18 04:31:59
5656,5657,SEC_0313,62.81,5400.0,2025-06-07 11:48:40
5657,5658,SEC_0249,46.55,223.0,2025-03-23 15:56:37
5658,5659,SEC_0188,71.5,1611.0,2025-02-01 02:36:12
5659,5660,SEC_0054,96.86,7831.0,2025-05-05 04:24:44
5660,5661,SEC_0326,60.28,4605.0,2025-01-30 18:05:40
5661,5662,SEC_0357,49.53,4001.0,2025-01-13 22:54:17
5662,5663,SEC_0313,62.3,2665.0,2025-05-28 19:10:13
5663,5664,SEC_0138,77.73,1066.0,2025-06-12 21:38:36
5664,5665,SEC_0168,57.28,5365.0,2025-01-08 06:06:03
5665,5666,SEC_0391,63.15,9469.0,2025-06-04 01:46:23
5666,5667,SEC_0103,67.45,5394.0,2025-03-02 11:54:21
5667,5668,SEC_0422,41.99,7103.0,2025-04-02 19:09:30
5668,5669,SEC_0085,62.66,7502.0,2025-03-14 23:55:07
5669,5670,SEC_0317,36.5,604.0,2025-04-12 07:39:52
5670,5671,SEC_0212,44.81,5131.0,2025-02-10 01:05:58
5671,5672,SEC_0003,76.99,6296.0,2025-05-22 00:11:27
5672,5673,SEC_0384,70.9,8381.0,2025-01-18 15:23:30
5673,5674,SEC_0179,50.35,7104.0,2025-02-01 05:33:29
5674,5675,SEC_0342,91.08,8868.0,2025-04-02 00:54:49
5675,5676,SEC_0303,36.85,,2025-05-29 19:58:44
5676,5677,SEC_0452,51.34,1845.0,2025-02-19 23:33:55
5677,5678,SEC_0476,59.3,47.0,2025-06-18 20:57:30
5678,5679,SEC_0332,23.51,820.0,2025-04-11 05:14:28
5679,5680,SEC_0038,52.08,3808.0,2025-01-15 03:48:55
5680,5681,SEC_0499,38.96,3023.0,2025-01-24 19:47:22
5681,5682,SEC_0420,39.23,1081.0,2025-03-06 05:14:37
5682,5683,SEC_0239,50.32,3147.0,2025-05-07 06:36:53
5683,5684,SEC_0169,31.57,1278.0,2025-04-23 04:01:07
5684,5685,SEC_0453,42.85,6742.0,2025-06-06 07:36:20
5685,5686,SEC_0397,31.8,2218.0,2025-06-10 01:09:46
5686,5687,SEC_0343,56.66,5266.0,2025-01-26 04:06:14
5687,5688,SEC_0314,56.33,2887.0,2025-01-07 23:00:13
5688,5689,SEC_0306,49.18,5635.0,2025-02-02 01:16:07
5689,5690,SEC_0030,73.62,8988.0,2025-04-19 22:01:40
5690,5691,SEC_0190,-49.96,3329.0,2025-04-20 04:26:29
5691,5692,SEC_0357,54.22,7294.0,2025-06-12 22:38:58
5692,5693,SEC_0025,41.6,3007.0,2025-04-01 03:12:06
5693,5694,SEC_0112,27.36,6959.0,2025-06-12 08:03:35
5694,5695,SEC_0411,52.27,7973.0,2025-06-10 10:24:21
5695,5696,SEC_0435,50.26,4144.0,2025-03-15 11:48:27
5696,5697,SEC_0206,91.19,5518.0,2025-06-28 04:34:42
5697,5698,SEC_0185,66.7,1219.0,2025-03-19 12:01:20
5698,5699,SEC_0382,48.23,8019.0,2025-01-17 23:09:54
5699,5700,SEC_0496,56.97,9953.0,2025-05-27 14:23:06
5700,5701,SEC_0379,71.67,8917.0,2025-06-24 04:06:29
5701,5702,SEC_0047,63.75,1345.0,2025-04-18 02:11:54
5702,5703,SEC_0374,90.08,138.0,2025-06-11 16:43:15
5703,5704,SEC_0228,43.09,4451.0,2025-01-12 12:05:36
5704,5705,SEC_0039,73.15,4907.0,2025-05-12 06:01:57
5705,5706,SEC_0016,48.09,2760.0,2025-05-20 17:53:04
5706,5707,SEC_0022,57.86,59.0,2025-01-23 10:09:47
5707,5708,SEC_0213,46.19,771.0,2025-01-02 12:09:27
5708,5709,SEC_0310,-52.32,389.0,2025-03-23 11:42:58
5709,5710,SEC_0149,58.18,3423.0,2025-06-24 15:42:07
5710,5711,SEC_0456,65.23,7013.0,2025-01-29 18:35:14
5711,5712,SEC_0241,55.61,4853.0,2025-05-12 00:22:37
5712,5713,SEC_0272,25.9,596.0,2025-03-11 23:39:28
5713,5714,SEC_0059,53.35,8628.0,2025-01-07 01:17:38
5714,5715,SEC_0287,84.87,9666.0,2025-05-30 11:47:18
5715,5716,SEC_0426,53.23,1983.0,2025-02-08 21:06:33
5716,5717,SEC_0202,85.59,8966.0,2025-06-04 09:59:19
5717,5718,SEC_0032,52.66,8210.0,2025-06-11 22:54:34
5718,5719,SEC_0443,34.07,4331.0,2025-01-03 11:31:42
5719,5720,SEC_0162,47.95,5430.0,2025-04-20 16:32:23
5720,5721,SEC_0255,46.18,1693.0,2025-03-11 22:59:30
5721,5722,SEC_0254,50.97,2771.0,2025-06-03 19:36:04
5722,5723,SEC_0009,38.26,4377.0,2025-03-03 06:59:12
5723,5724,SEC_0465,54.45,4927.0,2025-01-22 01:28:30
5724,5725,SEC_0139,49.48,,2025-04-30 05:40:07
5725,5726,SEC_0480,80.35,9331.0,2025-03-03 08:08:49
5726,5727,SEC_0010,37.98,7565.0,2025-02-11 16:20:57
5727,5728,SEC_0214,58.77,1696.0,2025-01-30 02:17:36
5728,5729,SEC_0273,61.76,1587.0,2025-05-04 19:42:20
5729,5730,SEC_0324,68.89,4681.0,2025-02-27 03:45:16
5730,5731,SEC_0048,48.96,5448.0,2025-04-03 03:54:43
5731,5732,SEC_0436,58.34,,2025-04-24 00:55:20
5732,5733,SEC_0111,60.7,7966.0,2025-05-29 10:03:55
5733,5734,SEC_0153,33.3,2269.0,2025-04-03 02:45:11
5734,5735,SEC_0123,49.49,7250.0,2025-01-02 06:26:55
5735,5736,SEC_0405,54.07,7462.0,2025-06-24 03:40:02
5736,5737,SEC_0357,56.0,3487.0,2025-06-10 02:46:49
5737,5738,SEC_0102,55.8,5802.0,2025-03-26 04:39:07
5738,5739,SEC_0241,,2750.0,2025-06-02 13:18:29
5739,5740,SEC_0321,-97.64,7786.0,2025-05-28 08:22:39
5740,5741,SEC_0191,45.67,6976.0,2025-02-07 19:18:03
5741,5742,SEC_0217,-61.21,1406.0,2025-03-15 07:24:08
5742,5743,SEC_0051,80.67,3576.0,2025-06-01 20:35:05
5743,5744,SEC_0292,31.83,2728.0,2025-02-07 06:59:03
5744,5745,SEC_0081,59.17,6488.0,2025-05-01 02:24:09
5745,5746,SEC_0489,32.98,6292.0,2025-04-11 03:03:00
5746,5747,SEC_0383,105.18,2502.0,2025-03-12 17:21:31
5747,5748,SEC_0088,63.86,938.0,2025-03-26 22:12:12
5748,5749,SEC_0194,61.32,,2025-03-14 09:01:15
5749,5750,SEC_0104,31.12,3391.0,2025-01-08 07:35:52
5750,5751,SEC_0271,46.93,5817.0,2025-01-14 02:28:40
5751,5752,SEC_0096,47.0,1217.0,2025-02-02 03:06:26
5752,5753,SEC_0423,,1204.0,2025-02-06 10:55:07
5753,5754,SEC_0379,67.95,1891.0,2025-01-01 12:52:23
5754,5755,SEC_0198,33.25,8583.0,2025-05-02 08:54:59
5755,5756,SEC_0001,62.86,7689.0,2025-03-02 09:03:53
5756,5757,SEC_0495,-34.78,6501.0,2025-02-11 04:28:22
5757,5758,SEC_0407,33.49,6717.0,2025-01-22 16:13:45
5758,5759,SEC_0378,62.55,3747.0,2025-04-07 04:08:55
5759,5760,SEC_0167,68.27,8291.0,2025-05-23 03:37:58
5760,5761,SEC_0126,62.65,2196.0,2025-01-23 15:22:12
5761,5762,SEC_0313,95.95,4666.0,2025-06-11 05:56:26
5762,5763,SEC_0081,60.98,9194.0,2025-03-10 15:21:52
5763,5764,SEC_0418,57.46,7350.0,2025-01-01 10:22:19
5764,5765,SEC_0251,37.91,9763.0,2025-03-10 01:32:39
5765,5766,SEC_0169,70.62,-4399.0,2025-01-03 10:34:28
5766,5767,SEC_0477,33.27,3630.0,2025-03-22 11:30:10
5767,5768,SEC_0073,100.09,7767.0,2025-02-06 13:28:33
5768,5769,SEC_0141,70.9,6148.0,2025-02-04 19:41:38
5769,5770,SEC_0070,126.08,-1064.0,2025-05-16 03:53:00
5770,5771,SEC_0262,61.36,8831.0,2025-05-03 14:05:44
5771,5772,SEC_0340,71.96,9335.0,2025-03-19 13:44:01
5772,5773,SEC_0308,50.24,8744.0,2025-06-19 08:18:21
5773,5774,SEC_0245,53.89,3276.0,2025-02-10 06:00:25
5774,5775,SEC_0003,39.83,977.0,2025-05-25 23:10:24
5775,5776,SEC_0337,35.36,4070.0,2025-03-28 16:10:23
5776,5777,SEC_0063,-57.79,6403.0,2025-06-07 13:11:10
5777,5778,SEC_0049,53.8,346.0,2025-04-26 15:57:05
5778,5779,SEC_0076,39.54,4943.0,2025-01-31 13:40:44
5779,5780,SEC_0368,41.69,2943.0,2025-05-31 22:41:05
5780,5781,SEC_0175,55.13,7405.0,2025-03-15 00:25:31
5781,5782,SEC_0109,39.33,1077.0,2025-03-17 04:25:46
5782,5783,SEC_0183,60.76,9364.0,2025-04-10 21:31:10
5783,5784,SEC_0192,39.7,3771.0,2025-04-14 21:02:44
5784,5785,SEC_0065,58.95,5653.0,2025-01-22 23:19:12
5785,5786,SEC_0337,38.66,8425.0,2025-04-30 05:38:20
5786,5787,SEC_0451,38.71,8049.0,2025-01-25 06:28:59
5787,5788,SEC_0474,26.88,451.0,2025-02-19 23:10:54
5788,5789,SEC_0271,52.03,,2025-03-24 07:08:09
5789,5790,SEC_0100,84.46,351.0,2025-04-06 21:25:11
5790,5791,SEC_0032,83.03,9501.0,2025-01-19 19:32:49
5791,5792,SEC_0352,60.17,4005.0,2025-06-29 15:35:17
5792,5793,SEC_0128,,4679.0,2025-04-28 04:28:33
5793,5794,SEC_0452,70.33,245.0,2025-02-12 23:50:33
5794,5795,SEC_0402,,4646.0,2025-02-10 02:49:47
5795,5796,SEC_0369,48.33,4735.0,2025-03-22 08:53:04
5796,5797,SEC_0339,78.43,441.0,2025-02-09 14:53:09
5797,5798,SEC_0043,65.67,9660.0,2025-04-29 23:28:45
5798,5799,SEC_0372,98.34,5916.0,2025-02-24 09:02:45
5799,5800,SEC_0419,35.81,412.0,2025-05-25 10:42:38
5800,5801,SEC_0488,36.66,814.0,2025-06-04 12:25:54
5801,5802,SEC_0078,38.56,4679.0,2025-05-14 04:02:52
5802,5803,SEC_0314,50.12,1731.0,2025-01-31 19:37:59
5803,5804,SEC_0289,87.92,6644.0,2025-04-07 14:07:20
5804,5805,SEC_0270,45.28,1975.0,2025-05-29 21:05:38
5805,5806,SEC_0162,45.57,550.0,2025-03-06 10:32:24
5806,5807,SEC_0189,61.88,1938.0,2025-01-29 22:50:47
5807,5808,SEC_0247,70.31,204.0,2025-06-26 00:13:56
5808,5809,SEC_0388,27.91,3589.0,2025-06-16 10:30:45
5809,5810,SEC_0216,74.58,7084.0,2025-03-16 18:07:55
5810,5811,SEC_0315,44.86,2537.0,2025-02-22 08:43:55
5811,5812,SEC_0413,52.95,5789.0,2025-03-08 01:04:32
5812,5813,SEC_0339,83.55,8299.0,2025-05-16 05:35:48
5813,5814,SEC_0390,51.17,3812.0,2025-01-26 14:17:29
5814,5815,SEC_0377,34.48,2702.0,2025-05-08 13:54:23
5815,5816,SEC_0481,35.09,7826.0,2025-05-24 08:32:25
5816,5817,SEC_0433,54.12,5975.0,2025-06-21 22:07:07
5817,5818,SEC_0168,49.39,3937.0,2025-05-30 06:40:22
5818,5819,SEC_0339,55.58,4091.0,2025-04-05 13:00:32
5819,5820,SEC_0193,48.41,9150.0,2025-02-26 11:26:17
5820,5821,SEC_0453,79.24,6957.0,2025-06-17 18:46:00
5821,5822,SEC_0283,55.01,9253.0,2025-06-14 11:23:56
5822,5823,SEC_0336,32.17,2547.0,2025-01-02 12:08:54
5823,5824,SEC_0390,69.75,3737.0,2025-01-22 10:51:10
5824,5825,SEC_0488,96.73,1673.0,2025-06-01 13:30:11
5825,5826,SEC_0013,57.2,402.0,2025-01-24 03:59:22
5826,5827,SEC_0240,58.54,8794.0,2025-05-25 22:58:43
5827,5828,SEC_0320,43.21,4314.0,2025-06-24 11:23:38
5828,5829,SEC_0446,50.77,6353.0,2025-02-20 05:02:38
5829,5830,SEC_0483,63.49,8480.0,2025-02-04 08:46:33
5830,5831,SEC_0147,76.67,88.0,2025-02-09 12:28:06
5831,5832,SEC_0204,-62.41,7147.0,2025-05-12 23:46:45
5832,5833,SEC_0080,94.2,6280.0,2025-04-19 01:25:22
5833,5834,SEC_0379,56.24,2206.0,2025-01-01 18:24:29
5834,5835,SEC_0043,39.0,2968.0,2025-01-10 06:19:36
5835,5836,SEC_0458,39.33,4251.0,2025-02-11 14:52:15
5836,5837,SEC_0089,79.07,3535.0,2025-01-25 07:02:38
5837,5838,SEC_0148,,8412.0,2025-03-01 07:38:13
5838,5839,SEC_0095,33.34,9675.0,2025-01-29 13:36:10
5839,5840,SEC_0452,51.27,3239.0,2025-06-10 01:37:29
5840,5841,SEC_0428,51.83,8514.0,2025-02-19 00:13:50
5841,5842,SEC_0151,43.58,2739.0,2025-02-28 13:47:39
5842,5843,SEC_0002,35.76,4937.0,2025-03-13 08:50:41
5843,5844,SEC_0376,43.29,1837.0,2025-02-06 19:12:00
5844,5845,SEC_0022,41.02,2560.0,2025-02-01 14:10:18
5845,5846,SEC_0371,36.02,1569.0,2025-05-30 16:25:40
5846,5847,SEC_0313,70.02,4721.0,2025-01-28 22:27:37
5847,5848,SEC_0485,59.44,7958.0,2025-05-20 23:42:26
5848,5849,SEC_0328,,8545.0,2025-06-28 08:48:51
5849,5850,SEC_0007,29.34,9221.0,2025-04-27 22:47:32
5850,5851,SEC_0206,49.91,6526.0,2025-04-08 20:07:15
5851,5852,SEC_0440,63.84,7936.0,2025-04-17 01:47:52
5852,5853,SEC_0375,43.78,9120.0,2025-03-23 03:20:59
5853,5854,SEC_0451,38.67,8222.0,2025-01-30 01:39:30
5854,5855,SEC_0114,52.62,7515.0,2025-02-01 09:47:48
5855,5856,SEC_0272,60.37,7066.0,2025-06-14 15:37:58
5856,5857,SEC_0083,29.96,6738.0,2025-02-04 01:37:47
5857,5858,SEC_0179,81.96,2541.0,2025-06-27 02:15:07
5858,5859,SEC_0210,37.53,3820.0,2025-06-06 05:52:15
5859,5860,SEC_0500,48.09,8687.0,2025-03-21 19:21:42
5860,5861,SEC_0464,77.82,,2025-02-24 11:38:53
5861,5862,SEC_0328,56.69,9065.0,2025-03-25 04:29:09
5862,5863,SEC_0124,75.86,835.0,2025-01-04 11:50:06
5863,5864,SEC_0481,87.02,3325.0,2025-06-17 04:29:10
5864,5865,SEC_0113,35.24,630.0,2025-02-12 22:31:06
5865,5866,SEC_0012,71.57,2987.0,2025-01-11 14:27:15
5866,5867,SEC_0126,81.26,8222.0,2025-04-10 21:12:10
5867,5868,SEC_0053,48.78,8080.0,2025-01-02 10:40:25
5868,5869,SEC_0331,49.96,7934.0,2025-03-18 20:08:08
5869,5870,SEC_0389,30.76,3783.0,2025-04-23 16:05:25
5870,5871,SEC_0283,69.01,8999.0,2025-03-24 13:39:42
5871,5872,SEC_0140,25.52,6486.0,2025-03-06 18:21:04
5872,5873,SEC_0401,73.01,5407.0,2025-03-28 17:02:00
5873,5874,SEC_0390,35.68,3469.0,2025-01-30 22:34:02
5874,5875,SEC_0097,82.86,7145.0,2025-01-02 14:15:33
5875,5876,SEC_0005,61.49,8413.0,2025-02-20 17:20:05
5876,5877,SEC_0057,73.9,5276.0,2025-04-03 20:10:39
5877,5878,SEC_0412,42.78,5868.0,2025-03-19 19:41:55
5878,5879,SEC_0334,36.6,9536.0,2025-04-26 00:48:51
5879,5880,SEC_0069,32.17,6517.0,2025-03-04 17:39:54
5880,5881,SEC_0118,75.74,4627.0,2025-06-29 17:17:54
5881,5882,SEC_0376,66.61,2263.0,2025-01-16 11:17:43
5882,5883,SEC_0059,67.32,2415.0,2025-04-08 11:44:55
5883,5884,SEC_0033,59.59,-5241.0,2025-05-21 10:23:13
5884,5885,SEC_0318,64.27,9050.0,2025-05-15 07:09:19
5885,5886,SEC_0050,50.02,5123.0,2025-03-25 17:18:39
5886,5887,SEC_0368,61.01,4994.0,2025-02-04 04:49:24
5887,5888,SEC_0489,42.22,8965.0,2025-03-31 23:39:27
5888,5889,SEC_0019,49.26,2493.0,2025-06-07 07:34:52
5889,5890,SEC_0214,136.05,8212.0,2025-01-22 04:50:39
5890,5891,SEC_0197,55.24,8998.0,2025-06-17 03:19:39
5891,5892,SEC_0379,30.22,9573.0,2025-04-21 05:49:33
5892,5893,SEC_0450,48.3,2176.0,2025-02-19 18:11:10
5893,5894,SEC_0478,39.76,2406.0,2025-03-21 02:18:48
5894,5895,SEC_0047,57.27,3364.0,2025-06-17 04:42:46
5895,5896,SEC_0167,41.81,7342.0,2025-02-15 02:27:25
5896,5897,SEC_0452,51.24,7901.0,2025-05-11 23:02:43
5897,5898,SEC_0289,43.73,-9073.0,2025-06-26 23:35:47
5898,5899,SEC_0141,57.93,9526.0,2025-01-10 01:02:01
5899,5900,SEC_0084,45.23,9877.0,2025-06-12 12:03:22
5900,5901,SEC_0182,60.77,1606.0,2025-06-08 13:54:46
5901,5902,SEC_0391,97.96,2558.0,2025-05-05 18:40:18
5902,5903,SEC_0079,38.62,8636.0,2025-06-25 23:15:30
5903,5904,SEC_0215,67.84,2043.0,2025-05-22 16:44:36
5904,5905,SEC_0014,26.16,-779.0,2025-03-07 05:16:26
5905,5906,SEC_0215,50.92,3160.0,2025-02-16 00:54:20
5906,5907,SEC_0403,58.48,6396.0,2025-04-10 00:16:05
5907,5908,SEC_0128,43.62,1747.0,2025-04-05 19:13:04
5908,5909,SEC_0310,31.94,5975.0,2025-01-06 13:22:30
5909,5910,SEC_0477,53.98,5151.0,2025-06-27 05:45:11
5910,5911,SEC_0248,86.46,421.0,2025-02-12 19:45:40
5911,5912,SEC_0404,52.25,2109.0,2025-04-04 04:14:51
5912,5913,SEC_0029,64.56,4675.0,2025-03-03 09:53:13
5913,5914,SEC_0280,76.56,5346.0,2025-01-10 02:32:30
5914,5915,SEC_0338,114.6,3997.0,2025-02-14 21:26:25
5915,5916,SEC_0319,39.82,6083.0,2025-06-26 21:03:31
5916,5917,SEC_0202,41.07,9551.0,2025-06-06 07:42:45
5917,5918,SEC_0361,50.02,3911.0,2025-05-15 15:21:34
5918,5919,SEC_0057,65.67,2627.0,2025-06-20 03:45:05
5919,5920,SEC_0392,27.22,491.0,2025-06-03 07:39:58
5920,5921,SEC_0218,66.43,9488.0,2025-01-09 20:29:07
5921,5922,SEC_0062,57.08,5933.0,2025-01-18 02:49:13
5922,5923,SEC_0157,46.52,3372.0,2025-05-20 13:54:28
5923,5924,SEC_0202,62.03,4065.0,2025-06-05 15:27:25
5924,5925,SEC_0017,71.3,5838.0,2025-04-06 18:48:31
5925,5926,SEC_0322,74.32,4990.0,2025-04-07 04:06:47
5926,5927,SEC_0006,54.84,5972.0,2025-05-02 08:58:41
5927,5928,SEC_0058,60.21,3381.0,2025-06-13 02:59:49
5928,5929,SEC_0325,59.53,5690.0,2025-02-24 06:53:09
5929,5930,SEC_0412,78.99,8604.0,2025-01-17 09:29:00
5930,5931,SEC_0318,61.21,9615.0,2025-02-08 12:39:26
5931,5932,SEC_0169,66.26,7474.0,2025-05-05 14:14:37
5932,5933,SEC_0453,71.36,1677.0,2025-06-10 06:14:28
5933,5934,SEC_0082,98.26,7791.0,2025-06-01 10:51:03
5934,5935,SEC_0474,45.8,5283.0,2025-06-07 15:02:49
5935,5936,SEC_0468,88.92,9839.0,2025-03-12 06:51:45
5936,5937,SEC_0425,114.59,2712.0,2025-06-08 22:39:41
5937,5938,SEC_0433,46.68,9432.0,2025-05-08 09:10:04
5938,5939,SEC_0219,51.16,603.0,2025-04-05 12:01:37
5939,5940,SEC_0177,48.01,1938.0,2025-06-05 13:10:21
5940,5941,SEC_0204,66.49,8122.0,2025-06-12 16:16:22
5941,5942,SEC_0071,31.23,8218.0,2025-04-02 05:37:44
5942,5943,SEC_0387,47.0,6813.0,2025-03-10 18:56:34
5943,5944,SEC_0266,50.3,1068.0,2025-06-06 08:34:22
5944,5945,SEC_0098,48.99,5253.0,2025-01-24 03:32:06
5945,5946,SEC_0345,48.84,-5864.0,2025-05-05 01:16:50
5946,5947,SEC_0291,47.14,-380.0,2025-06-05 23:39:55
5947,5948,SEC_0208,68.94,9477.0,2025-06-26 19:01:57
5948,5949,SEC_0002,64.17,5503.0,2025-02-16 04:36:02
5949,5950,SEC_0124,91.01,3183.0,2025-06-07 23:02:40
5950,5951,SEC_0280,68.99,3748.0,2025-04-10 04:04:53
5951,5952,SEC_0074,39.28,5197.0,2025-05-12 11:58:18
5952,5953,SEC_0166,51.88,5133.0,2025-03-07 04:13:06
5953,5954,SEC_0022,50.26,6041.0,2025-06-04 21:20:48
5954,5955,SEC_0154,-58.94,4121.0,2025-03-01 08:21:03
5955,5956,SEC_0427,75.79,8738.0,2025-05-25 13:16:04
5956,5957,SEC_0439,57.73,5260.0,2025-01-11 12:04:55
5957,5958,SEC_0295,57.77,8467.0,2025-03-05 09:22:31
5958,5959,SEC_0219,54.76,2923.0,2025-05-05 21:23:30
5959,5960,SEC_0157,69.63,3388.0,2025-01-16 13:40:46
5960,5961,SEC_0495,46.03,5443.0,2025-01-09 17:51:35
5961,5962,SEC_0230,35.27,5553.0,2025-06-03 07:53:55
5962,5963,SEC_0020,66.25,4014.0,2025-03-13 21:46:54
5963,5964,SEC_0475,61.1,,2025-03-06 06:55:35
5964,5965,SEC_0041,81.21,8303.0,2025-02-13 03:12:34
5965,5966,SEC_0438,26.35,6960.0,2025-05-03 06:52:31
5966,5967,SEC_0148,52.98,9948.0,2025-06-19 22:11:44
5967,5968,SEC_0108,56.37,6291.0,2025-05-18 19:11:35
5968,5969,SEC_0403,34.7,9560.0,2025-02-26 21:48:39
5969,5970,SEC_0084,53.2,9721.0,2025-03-31 09:08:56
5970,5971,SEC_0483,77.95,552.0,2025-02-26 15:24:37
5971,5972,SEC_0367,102.09,134.0,2025-06-16 21:07:55
5972,5973,SEC_0322,73.31,6608.0,2025-05-21 19:32:33
5973,5974,SEC_0414,49.53,6600.0,2025-05-21 11:11:12
5974,5975,SEC_0309,79.71,5125.0,2025-05-09 21:36:07
5975,5976,SEC_0290,71.77,1061.0,2025-04-01 06:58:01
5976,5977,SEC_0406,,7385.0,2025-05-23 14:51:43
5977,5978,SEC_0323,45.85,2187.0,2025-06-09 11:04:51
5978,5979,SEC_0134,51.91,2666.0,2025-06-19 05:20:10
5979,5980,SEC_0207,39.83,-3171.0,2025-02-19 22:21:17
5980,5981,SEC_0283,49.74,2647.0,2025-02-05 23:33:46
5981,5982,SEC_0266,63.18,596.0,2025-06-14 08:27:18
5982,5983,SEC_0073,74.56,4107.0,2025-02-18 04:31:37
5983,5984,SEC_0481,48.73,5818.0,2025-06-22 20:19:26
5984,5985,SEC_0352,82.81,3422.0,2025-04-26 13:54:19
5985,5986,SEC_0048,66.36,2279.0,2025-01-29 10:56:19
5986,5987,SEC_0326,67.27,1165.0,2025-03-28 20:29:04
5987,5988,SEC_0233,41.44,618.0,2025-04-11 15:38:15
5988,5989,SEC_0443,93.91,451.0,2025-03-31 00:29:13
5989,5990,SEC_0100,-64.46,9991.0,2025-04-19 00:24:45
5990,5991,SEC_0059,49.41,7373.0,2025-04-02 20:10:00
5991,5992,SEC_0258,46.86,1893.0,2025-03-31 08:51:37
5992,5993,SEC_0413,49.74,-5529.0,2025-06-03 21:12:14
5993,5994,SEC_0452,40.23,2455.0,2025-04-24 19:08:08
5994,5995,SEC_0065,73.44,3809.0,2025-01-14 10:50:00
5995,5996,SEC_0083,41.48,9477.0,2025-04-18 03:49:15
5996,5997,SEC_0154,59.56,1758.0,2025-02-03 17:49:47
5997,5998,SEC_0473,47.7,223.0,2025-05-10 03:14:34
5998,5999,SEC_0266,66.77,6954.0,2025-02-25 23:28:42
5999,6000,SEC_0309,69.55,7037.0,2025-04-16 20:49:15
6000,6001,SEC_0079,45.01,9093.0,2025-06-04 03:42:11
6001,6002,SEC_0315,54.05,2366.0,2025-06-20 04:27:42
6002,6003,SEC_0150,35.41,1610.0,2025-06-19 18:51:59
6003,6004,SEC_0435,90.94,7222.0,2025-06-18 09:04:24
6004,6005,SEC_0048,75.22,1224.0,2025-05-14 13:35:22
6005,6006,SEC_0405,35.92,1908.0,2025-03-29 13:55:29
6006,6007,SEC_0379,42.09,9555.0,2025-01-15 11:18:33
6007,6008,SEC_0248,52.43,5811.0,2025-06-02 19:07:30
6008,6009,SEC_0278,55.24,6449.0,2025-02-17 07:50:09
6009,6010,SEC_0356,44.44,7967.0,2025-06-22 05:11:57
6010,6011,SEC_0098,38.73,9461.0,2025-06-26 19:58:56
6011,6012,SEC_0414,61.47,4938.0,2025-04-04 04:18:02
6012,6013,SEC_0025,92.01,5749.0,2025-04-20 12:58:43
6013,6014,SEC_0493,55.5,1232.0,2025-04-16 16:27:02
6014,6015,SEC_0284,50.02,9940.0,2025-03-01 17:33:58
6015,6016,SEC_0449,-48.47,738.0,2025-06-18 15:56:13
6016,6017,SEC_0369,39.29,4437.0,2025-05-11 18:56:25
6017,6018,SEC_0301,44.63,2980.0,2025-01-16 15:46:08
6018,6019,SEC_0068,76.77,9974.0,2025-03-28 14:53:47
6019,6020,SEC_0007,29.33,530.0,2025-02-23 05:56:44
6020,6021,SEC_0305,55.76,7142.0,2025-01-11 01:32:08
6021,6022,SEC_0137,55.06,4419.0,2025-01-11 21:07:51
6022,6023,SEC_0164,56.57,9397.0,2025-01-07 07:02:49
6023,6024,SEC_0083,67.91,1987.0,2025-01-17 07:11:12
6024,6025,SEC_0385,55.61,347.0,2025-05-14 15:09:18
6025,6026,SEC_0138,47.65,5826.0,2025-02-28 10:13:16
6026,6027,SEC_0420,44.84,1216.0,2025-05-17 03:03:35
6027,6028,SEC_0073,80.6,8046.0,2025-03-18 15:22:44
6028,6029,SEC_0237,74.61,5799.0,2025-05-21 04:58:40
6029,6030,SEC_0046,129.45,245.0,2025-06-04 16:35:26
6030,6031,SEC_0106,50.18,7059.0,2025-06-05 01:26:59
6031,6032,SEC_0416,45.08,133.0,2025-03-21 02:11:18
6032,6033,SEC_0288,62.55,1371.0,2025-06-25 11:55:25
6033,6034,SEC_0262,62.1,1088.0,2025-03-01 22:19:23
6034,6035,SEC_0176,66.08,9840.0,2025-01-31 22:32:20
6035,6036,SEC_0166,70.4,9913.0,2025-05-08 14:10:34
6036,6037,SEC_0145,65.89,4003.0,2025-05-22 00:08:02
6037,6038,SEC_0330,75.38,8311.0,2025-06-02 07:59:55
6038,6039,SEC_0370,78.45,2904.0,2025-01-15 17:50:18
6039,6040,SEC_0283,78.87,6823.0,2025-04-01 06:13:39
6040,6041,SEC_0054,27.7,895.0,2025-03-04 00:29:05
6041,6042,SEC_0178,58.54,1266.0,2025-05-12 11:27:35
6042,6043,SEC_0419,-41.39,6424.0,2025-01-22 23:42:51
6043,6044,SEC_0244,74.94,363.0,2025-05-13 20:28:49
6044,6045,SEC_0341,27.53,7165.0,2025-01-14 03:39:09
6045,6046,SEC_0127,84.84,9966.0,2025-05-09 14:42:04
6046,6047,SEC_0409,42.12,8506.0,2025-04-10 07:30:02
6047,6048,SEC_0412,39.32,5633.0,2025-01-25 16:20:53
6048,6049,SEC_0367,60.76,1707.0,2025-05-17 06:06:21
6049,6050,SEC_0271,48.81,7335.0,2025-02-02 13:31:50
6050,6051,SEC_0132,93.11,6914.0,2025-01-26 14:55:34
6051,6052,SEC_0093,82.18,-9982.0,2025-03-09 10:22:24
6052,6053,SEC_0379,46.84,,2025-02-03 15:01:59
6053,6054,SEC_0073,74.65,8127.0,2025-02-01 12:03:04
6054,6055,SEC_0411,46.36,-3695.0,2025-05-06 08:43:09
6055,6056,SEC_0410,46.24,-990.0,2025-03-02 22:03:09
6056,6057,SEC_0403,67.64,3681.0,2025-05-13 18:57:48
6057,6058,SEC_0248,84.5,9097.0,2025-02-02 06:28:39
6058,6059,SEC_0348,47.83,-6411.0,2025-05-26 10:49:55
6059,6060,SEC_0273,48.94,3398.0,2025-01-24 06:29:47
6060,6061,SEC_0043,59.76,3998.0,2025-06-04 15:58:47
6061,6062,SEC_0377,41.75,911.0,2025-05-03 16:12:02
6062,6063,SEC_0041,87.32,6587.0,2025-06-20 12:23:24
6063,6064,SEC_0170,41.63,5982.0,2025-04-28 06:51:28
6064,6065,SEC_0434,45.15,9938.0,2025-01-10 13:22:20
6065,6066,SEC_0212,92.77,2124.0,2025-03-01 07:23:40
6066,6067,SEC_0493,58.23,1852.0,2025-05-01 11:58:07
6067,6068,SEC_0168,97.81,6457.0,2025-02-22 17:58:15
6068,6069,SEC_0039,51.12,1616.0,2025-05-04 04:39:42
6069,6070,SEC_0369,116.26,9398.0,2025-06-22 05:58:34
6070,6071,SEC_0245,65.67,4027.0,2025-03-04 21:05:15
6071,6072,SEC_0151,43.57,6870.0,2025-03-31 20:58:00
6072,6073,SEC_0111,43.36,2447.0,2025-06-25 05:30:42
6073,6074,SEC_0480,35.26,3313.0,2025-01-11 11:35:51
6074,6075,SEC_0436,36.44,8015.0,2025-01-14 13:34:16
6075,6076,SEC_0047,44.8,6858.0,2025-05-27 10:27:20
6076,6077,SEC_0063,40.55,5020.0,2025-02-05 15:52:59
6077,6078,SEC_0225,25.19,3217.0,2025-04-24 04:53:01
6078,6079,SEC_0366,70.28,5476.0,2025-02-13 21:45:01
6079,6080,SEC_0069,68.9,,2025-03-30 01:43:34
6080,6081,SEC_0299,59.89,2525.0,2025-04-09 06:14:19
6081,6082,SEC_0432,38.84,7499.0,2025-04-19 13:32:58
6082,6083,SEC_0290,89.48,1962.0,2025-06-24 09:19:05
6083,6084,SEC_0296,51.76,6304.0,2025-06-05 10:37:54
6084,6085,SEC_0203,42.52,,2025-03-13 08:47:14
6085,6086,SEC_0061,58.54,8293.0,2025-03-28 07:55:45
6086,6087,SEC_0434,57.55,9506.0,2025-01-18 02:50:56
6087,6088,SEC_0451,25.77,3449.0,2025-06-15 06:38:20
6088,6089,SEC_0318,54.09,3245.0,2025-02-24 03:31:13
6089,6090,SEC_0314,56.61,6048.0,2025-01-18 06:16:20
6090,6091,SEC_0161,48.73,4675.0,2025-05-23 19:22:55
6091,6092,SEC_0331,36.73,1215.0,2025-02-14 07:00:00
6092,6093,SEC_0016,37.05,7607.0,2025-02-27 07:28:09
6093,6094,SEC_0338,63.7,3627.0,2025-05-13 17:02:59
6094,6095,SEC_0094,68.61,8982.0,2025-01-12 06:05:30
6095,6096,SEC_0304,47.73,9559.0,2025-03-25 18:13:45
6096,6097,SEC_0138,61.23,7876.0,2025-04-01 13:10:17
6097,6098,SEC_0338,47.59,6269.0,2025-05-05 05:17:36
6098,6099,SEC_0038,42.27,6813.0,2025-05-18 14:01:31
6099,6100,SEC_0127,58.23,5480.0,2025-02-09 10:56:57
6100,6101,SEC_0275,38.68,8695.0,2025-06-28 22:39:19
6101,6102,SEC_0164,96.36,173.0,2025-04-19 17:20:11
6102,6103,SEC_0443,35.47,887.0,2025-03-05 01:33:08
6103,6104,SEC_0319,59.45,9610.0,2025-06-21 04:58:17
6104,6105,SEC_0077,57.12,6264.0,2025-03-23 01:07:47
6105,6106,SEC_0174,55.61,4369.0,2025-04-27 21:13:06
6106,6107,SEC_0387,85.2,9602.0,2025-03-25 14:19:52
6107,6108,SEC_0458,24.39,7057.0,2025-06-03 23:04:37
6108,6109,SEC_0358,61.78,4954.0,2025-06-19 10:26:51
6109,6110,SEC_0321,50.3,261.0,2025-03-15 12:06:24
6110,6111,SEC_0376,-65.05,3353.0,2025-06-23 20:47:09
6111,6112,SEC_0091,55.5,1353.0,2025-04-25 20:52:39
6112,6113,SEC_0238,53.38,5244.0,2025-04-10 11:18:33
6113,6114,SEC_0264,38.01,,2025-04-04 22:10:25
6114,6115,SEC_0179,44.61,3007.0,2025-02-22 03:11:40
6115,6116,SEC_0494,139.69,823.0,2025-03-11 19:21:44
6116,6117,SEC_0490,65.23,532.0,2025-06-14 06:24:26
6117,6118,SEC_0209,74.87,2821.0,2025-02-22 16:06:14
6118,6119,SEC_0073,49.13,167.0,2025-04-28 03:38:58
6119,6120,SEC_0390,42.24,4927.0,2025-06-27 10:09:39
6120,6121,SEC_0107,68.92,1056.0,2025-04-06 08:04:18
6121,6122,SEC_0345,30.84,1255.0,2025-04-28 09:21:41
6122,6123,SEC_0295,44.92,4287.0,2025-04-28 18:47:36
6123,6124,SEC_0369,49.09,8010.0,2025-05-27 09:24:25
6124,6125,SEC_0444,72.49,4008.0,2025-01-19 11:32:24
6125,6126,SEC_0284,61.81,-7759.0,2025-06-08 18:16:48
6126,6127,SEC_0353,47.38,9724.0,2025-01-07 00:48:41
6127,6128,SEC_0182,60.99,9165.0,2025-04-13 13:21:41
6128,6129,SEC_0037,49.85,7890.0,2025-06-14 04:12:31
6129,6130,SEC_0137,75.26,4745.0,2025-05-22 19:08:32
6130,6131,SEC_0338,58.61,-8298.0,2025-02-11 00:09:14
6131,6132,SEC_0056,91.92,9797.0,2025-03-26 06:59:31
6132,6133,SEC_0187,50.23,4288.0,2025-01-24 08:59:50
6133,6134,SEC_0341,78.86,1003.0,2025-03-16 04:57:39
6134,6135,SEC_0258,56.1,85.0,2025-06-12 17:46:32
6135,6136,SEC_0445,44.29,2996.0,2025-04-28 18:56:09
6136,6137,SEC_0058,119.16,5157.0,2025-06-29 11:31:32
6137,6138,SEC_0363,80.88,7195.0,2025-04-29 19:11:09
6138,6139,SEC_0123,58.57,5784.0,2025-05-05 05:39:36
6139,6140,SEC_0188,68.7,5696.0,2025-04-06 06:50:36
6140,6141,SEC_0230,39.46,154.0,2025-01-24 03:03:55
6141,6142,SEC_0168,39.88,9654.0,2025-03-04 06:31:41
6142,6143,SEC_0420,76.27,6415.0,2025-05-26 21:44:19
6143,6144,SEC_0114,,6685.0,2025-05-19 20:15:50
6144,6145,SEC_0252,52.1,2020.0,2025-03-30 17:00:17
6145,6146,SEC_0107,50.08,9290.0,2025-06-05 08:44:46
6146,6147,SEC_0037,57.15,571.0,2025-02-11 02:41:44
6147,6148,SEC_0335,50.59,7923.0,2025-03-26 09:13:38
6148,6149,SEC_0092,29.68,8341.0,2025-03-21 15:34:27
6149,6150,SEC_0018,83.49,6154.0,2025-06-11 08:22:03
6150,6151,SEC_0354,52.82,2692.0,2025-04-03 05:47:41
6151,6152,SEC_0063,94.58,7670.0,2025-01-12 10:59:10
6152,6153,SEC_0150,32.18,5508.0,2025-01-08 18:25:18
6153,6154,SEC_0139,-32.14,4870.0,2025-04-02 01:05:23
6154,6155,SEC_0186,,5850.0,2025-01-21 00:25:43
6155,6156,SEC_0185,73.2,5968.0,2025-05-24 01:08:01
6156,6157,SEC_0205,37.87,3656.0,2025-05-24 22:43:16
6157,6158,SEC_0260,37.43,6672.0,2025-03-24 23:14:09
6158,6159,SEC_0214,61.04,5670.0,2025-06-04 00:29:15
6159,6160,SEC_0256,49.71,9905.0,2025-06-29 07:22:48
6160,6161,SEC_0135,64.28,2493.0,2025-04-02 12:08:59
6161,6162,SEC_0061,49.97,9537.0,2025-05-13 21:47:36
6162,6163,SEC_0363,61.29,9299.0,2025-02-17 18:57:49
6163,6164,SEC_0310,82.26,6513.0,2025-06-15 01:26:24
6164,6165,SEC_0088,37.89,8775.0,2025-04-27 15:29:39
6165,6166,SEC_0324,77.9,4351.0,2025-01-02 05:49:36
6166,6167,SEC_0476,32.75,6600.0,2025-03-10 00:12:25
6167,6168,SEC_0207,65.55,4657.0,2025-05-13 23:29:05
6168,6169,SEC_0129,83.58,8512.0,2025-06-25 03:12:25
6169,6170,SEC_0311,46.65,4316.0,2025-01-02 23:39:10
6170,6171,SEC_0003,66.25,4795.0,2025-06-26 22:07:46
6171,6172,SEC_0462,47.18,1438.0,2025-01-05 00:04:56
6172,6173,SEC_0422,65.08,32.0,2025-01-10 22:56:50
6173,6174,SEC_0242,27.73,715.0,2025-01-02 12:01:22
6174,6175,SEC_0121,57.32,,2025-05-06 18:24:30
6175,6176,SEC_0385,61.47,9232.0,2025-01-20 19:23:52
6176,6177,SEC_0102,81.73,409.0,2025-05-07 21:56:18
6177,6178,SEC_0038,72.07,,2025-03-01 03:06:13
6178,6179,SEC_0341,52.02,8039.0,2025-03-15 03:30:13
6179,6180,SEC_0496,59.17,7741.0,2025-05-17 10:44:00
6180,6181,SEC_0413,35.38,7665.0,2025-06-20 10:38:36
6181,6182,SEC_0133,89.41,5032.0,2025-04-19 01:42:04
6182,6183,SEC_0497,67.18,1128.0,2025-06-04 19:20:31
6183,6184,SEC_0202,31.24,5437.0,2025-03-18 19:36:38
6184,6185,SEC_0348,58.78,8899.0,2025-06-18 19:04:08
6185,6186,SEC_0021,60.14,783.0,2025-06-07 20:12:08
6186,6187,SEC_0242,43.29,5301.0,2025-01-25 02:49:21
6187,6188,SEC_0455,56.21,2180.0,2025-01-02 16:08:32
6188,6189,SEC_0451,42.0,6807.0,2025-02-01 19:44:53
6189,6190,SEC_0109,35.82,1179.0,2025-02-10 17:56:37
6190,6191,SEC_0303,45.42,2407.0,2025-02-12 19:19:47
6191,6192,SEC_0084,57.48,2808.0,2025-02-05 02:53:00
6192,6193,SEC_0083,72.13,2765.0,2025-04-24 01:06:47
6193,6194,SEC_0291,55.75,2725.0,2025-03-16 10:01:56
6194,6195,SEC_0452,72.34,2536.0,2025-05-14 01:51:36
6195,6196,SEC_0069,66.33,8405.0,2025-03-12 11:21:32
6196,6197,SEC_0129,40.02,4862.0,2025-02-20 21:36:08
6197,6198,SEC_0196,66.18,6301.0,2025-06-04 23:49:48
6198,6199,SEC_0140,66.73,7857.0,2025-05-14 14:55:56
6199,6200,SEC_0444,92.07,-3147.0,2025-06-29 06:00:19
6200,6201,SEC_0283,61.76,6579.0,2025-05-18 00:13:42
6201,6202,SEC_0312,37.7,1202.0,2025-04-08 13:41:51
6202,6203,SEC_0234,46.24,2890.0,2025-06-19 18:01:46
6203,6204,SEC_0023,31.32,645.0,2025-03-11 07:07:31
6204,6205,SEC_0153,63.63,5952.0,2025-01-11 23:59:24
6205,6206,SEC_0277,89.67,4223.0,2025-03-23 04:32:47
6206,6207,SEC_0061,26.65,4321.0,2025-06-15 09:45:02
6207,6208,SEC_0319,90.82,3089.0,2025-01-02 19:13:02
6208,6209,SEC_0378,63.38,-8689.0,2025-05-26 15:01:07
6209,6210,SEC_0052,39.53,8665.0,2025-01-26 11:06:29
6210,6211,SEC_0344,58.97,3383.0,2025-06-14 15:35:13
6211,6212,SEC_0153,39.91,7926.0,2025-04-25 22:48:56
6212,6213,SEC_0237,-62.31,1161.0,2025-03-16 16:57:30
6213,6214,SEC_0311,55.65,4313.0,2025-03-26 02:57:57
6214,6215,SEC_0302,60.27,8388.0,2025-02-28 15:12:25
6215,6216,SEC_0032,41.44,2249.0,2025-06-18 17:37:25
6216,6217,SEC_0055,43.29,4462.0,2025-04-28 07:31:20
6217,6218,SEC_0352,63.47,2767.0,2025-03-07 23:10:24
6218,6219,SEC_0389,46.95,1552.0,2025-06-03 11:04:54
6219,6220,SEC_0036,57.09,2448.0,2025-03-14 19:32:50
6220,6221,SEC_0110,62.55,5645.0,2025-04-11 23:05:55
6221,6222,SEC_0490,51.07,4310.0,2025-05-08 20:20:50
6222,6223,SEC_0177,77.21,7497.0,2025-02-24 02:43:57
6223,6224,SEC_0362,-51.64,8311.0,2025-03-14 12:16:29
6224,6225,SEC_0314,51.18,3497.0,2025-04-02 05:23:57
6225,6226,SEC_0295,45.17,1717.0,2025-03-09 15:28:54
6226,6227,SEC_0336,74.59,4938.0,2025-02-09 13:34:21
6227,6228,SEC_0097,44.16,2915.0,2025-02-01 19:33:00
6228,6229,SEC_0369,79.55,1673.0,2025-06-14 12:37:20
6229,6230,SEC_0213,57.34,9395.0,2025-05-24 00:06:38
6230,6231,SEC_0317,122.07,1456.0,2025-03-09 10:31:52
6231,6232,SEC_0137,44.78,6546.0,2025-02-24 16:00:19
6232,6233,SEC_0006,80.04,7027.0,2025-01-29 18:19:50
6233,6234,SEC_0499,63.63,3979.0,2025-05-03 17:31:59
6234,6235,SEC_0109,46.8,2472.0,2025-02-09 09:47:31
6235,6236,SEC_0035,63.89,8310.0,2025-04-12 09:56:38
6236,6237,SEC_0039,62.96,368.0,2025-02-17 19:00:36
6237,6238,SEC_0150,49.42,3177.0,2025-02-02 15:09:52
6238,6239,SEC_0425,62.08,3375.0,2025-06-03 12:22:06
6239,6240,SEC_0118,77.4,6774.0,2025-03-11 18:24:19
6240,6241,SEC_0261,63.65,3813.0,2025-01-18 09:39:58
6241,6242,SEC_0426,48.15,6292.0,2025-01-13 23:10:10
6242,6243,SEC_0087,47.34,5986.0,2025-02-18 07:20:37
6243,6244,SEC_0465,53.19,2198.0,2025-04-25 03:37:09
6244,6245,SEC_0076,76.23,4912.0,2025-04-12 07:21:03
6245,6246,SEC_0471,43.55,901.0,2025-05-05 15:27:25
6246,6247,SEC_0464,61.41,193.0,2025-01-25 05:05:01
6247,6248,SEC_0451,34.17,-2771.0,2025-05-23 18:42:23
6248,6249,SEC_0414,65.26,5181.0,2025-04-09 04:44:10
6249,6250,SEC_0313,68.41,951.0,2025-01-24 08:42:57
6250,6251,SEC_0383,100.31,6680.0,2025-02-23 16:07:40
6251,6252,SEC_0214,72.07,3607.0,2025-03-08 09:58:03
6252,6253,SEC_0457,48.41,5039.0,2025-03-08 06:58:57
6253,6254,SEC_0285,34.45,258.0,2025-04-02 18:45:47
6254,6255,SEC_0239,63.7,1222.0,2025-06-27 07:24:57
6255,6256,SEC_0165,49.49,651.0,2025-02-27 14:11:25
6256,6257,SEC_0087,60.35,2426.0,2025-06-26 16:47:47
6257,6258,SEC_0141,43.99,9115.0,2025-06-25 23:57:16
6258,6259,SEC_0160,51.83,3160.0,2025-03-30 21:39:04
6259,6260,SEC_0046,,398.0,2025-01-26 13:48:58
6260,6261,SEC_0372,39.89,5302.0,2025-01-26 06:09:53
6261,6262,SEC_0495,38.24,5403.0,2025-03-27 21:02:50
6262,6263,SEC_0112,,7701.0,2025-05-03 14:08:26
6263,6264,SEC_0407,42.6,561.0,2025-04-07 23:10:35
6264,6265,SEC_0045,82.55,8382.0,2025-01-22 17:02:08
6265,6266,SEC_0401,42.72,8397.0,2025-01-19 07:34:19
6266,6267,SEC_0247,102.39,5100.0,2025-01-01 23:47:03
6267,6268,SEC_0104,30.43,3372.0,2025-05-07 17:23:14
6268,6269,SEC_0085,62.01,3042.0,2025-06-18 19:02:21
6269,6270,SEC_0450,55.23,6845.0,2025-04-20 09:18:22
6270,6271,SEC_0485,37.96,9898.0,2025-01-02 11:44:20
6271,6272,SEC_0134,46.28,5399.0,2025-03-12 03:08:16
6272,6273,SEC_0108,50.48,,2025-06-24 04:41:36
6273,6274,SEC_0018,58.85,3457.0,2025-01-04 05:12:37
6274,6275,SEC_0094,41.23,6948.0,2025-06-18 10:37:38
6275,6276,SEC_0150,62.03,4407.0,2025-01-13 12:59:35
6276,6277,SEC_0246,56.59,7650.0,2025-01-25 22:41:07
6277,6278,SEC_0289,68.98,3878.0,2025-04-16 16:34:29
6278,6279,SEC_0414,42.15,3523.0,2025-02-14 11:17:32
6279,6280,SEC_0209,48.29,5652.0,2025-04-28 17:22:01
6280,6281,SEC_0126,84.15,4113.0,2025-04-21 11:38:19
6281,6282,SEC_0235,41.6,4566.0,2025-03-20 06:42:00
6282,6283,SEC_0416,35.95,4907.0,2025-01-17 05:10:53
6283,6284,SEC_0426,45.18,5424.0,2025-02-14 20:40:07
6284,6285,SEC_0499,32.05,8747.0,2025-02-21 19:22:27
6285,6286,SEC_0462,90.19,4978.0,2025-05-16 03:34:49
6286,6287,SEC_0122,50.16,2679.0,2025-01-18 12:08:23
6287,6288,SEC_0138,50.3,8776.0,2025-03-09 17:11:26
6288,6289,SEC_0495,68.22,4942.0,2025-05-10 07:27:34
6289,6290,SEC_0115,43.92,7330.0,2025-02-23 18:46:12
6290,6291,SEC_0420,51.17,842.0,2025-04-15 12:50:46
6291,6292,SEC_0162,43.57,-4039.0,2025-05-31 06:47:41
6292,6293,SEC_0201,32.25,1805.0,2025-04-05 23:34:20
6293,6294,SEC_0234,55.44,8922.0,2025-01-01 18:13:45
6294,6295,SEC_0028,74.27,4350.0,2025-03-11 08:32:17
6295,6296,SEC_0011,55.91,9656.0,2025-03-18 02:13:10
6296,6297,SEC_0206,71.95,4947.0,2025-01-05 14:45:06
6297,6298,SEC_0167,39.3,7119.0,2025-04-24 12:28:07
6298,6299,SEC_0247,43.54,6658.0,2025-06-07 03:34:16
6299,6300,SEC_0047,-37.03,1573.0,2025-02-04 17:52:58
6300,6301,SEC_0246,60.94,6241.0,2025-01-02 03:16:03
6301,6302,SEC_0127,49.64,4967.0,2025-01-09 00:31:46
6302,6303,SEC_0147,49.08,9586.0,2025-05-30 02:04:08
6303,6304,SEC_0118,66.73,257.0,2025-04-02 10:59:04
6304,6305,SEC_0399,47.38,128.0,2025-05-09 11:16:01
6305,6306,SEC_0382,75.48,9575.0,2025-02-26 09:24:47
6306,6307,SEC_0412,58.6,6868.0,2025-05-20 10:58:13
6307,6308,SEC_0152,48.92,7855.0,2025-05-09 11:45:19
6308,6309,SEC_0072,34.28,2206.0,2025-02-21 09:46:42
6309,6310,SEC_0363,66.62,8514.0,2025-06-15 08:36:36
6310,6311,SEC_0137,59.43,4380.0,2025-03-07 09:49:19
6311,6312,SEC_0175,60.3,8068.0,2025-03-05 23:57:53
6312,6313,SEC_0289,60.88,6278.0,2025-04-21 17:44:14
6313,6314,SEC_0446,46.58,9709.0,2025-06-01 05:22:27
6314,6315,SEC_0481,52.17,4325.0,2025-03-13 06:16:42
6315,6316,SEC_0019,47.58,8311.0,2025-05-12 14:08:50
6316,6317,SEC_0195,79.44,7082.0,2025-02-20 15:32:33
6317,6318,SEC_0330,50.27,2372.0,2025-05-27 23:35:17
6318,6319,SEC_0424,45.34,5017.0,2025-05-05 21:16:58
6319,6320,SEC_0175,81.1,6303.0,2025-02-08 01:58:58
6320,6321,SEC_0490,78.49,6383.0,2025-03-26 12:11:17
6321,6322,SEC_0449,58.61,6540.0,2025-06-09 21:19:07
6322,6323,SEC_0413,52.51,6453.0,2025-03-08 13:23:08
6323,6324,SEC_0434,48.72,6393.0,2025-04-21 00:18:03
6324,6325,SEC_0354,-53.88,,2025-02-20 19:37:02
6325,6326,SEC_0499,42.0,2442.0,2025-04-23 13:53:56
6326,6327,SEC_0141,63.12,1018.0,2025-04-30 02:57:39
6327,6328,SEC_0246,89.64,4502.0,2025-05-10 17:21:47
6328,6329,SEC_0385,64.64,3048.0,2025-01-03 20:12:51
6329,6330,SEC_0418,39.21,5795.0,2025-01-28 18:51:45
6330,6331,SEC_0093,62.59,4251.0,2025-04-17 00:34:51
6331,6332,SEC_0432,57.88,5948.0,2025-01-31 12:23:40
6332,6333,SEC_0239,62.42,8386.0,2025-01-05 16:39:53
6333,6334,SEC_0205,42.7,7392.0,2025-05-24 02:31:56
6334,6335,SEC_0048,54.65,2447.0,2025-06-03 04:12:31
6335,6336,SEC_0433,-71.16,-7124.0,2025-05-03 19:14:43
6336,6337,SEC_0245,39.61,1400.0,2025-01-19 20:11:07
6337,6338,SEC_0320,47.72,6296.0,2025-06-07 18:08:07
6338,6339,SEC_0317,50.08,3688.0,2025-01-03 02:52:52
6339,6340,SEC_0413,73.66,7865.0,2025-04-05 06:59:43
6340,6341,SEC_0295,77.03,6128.0,2025-04-19 01:33:17
6341,6342,SEC_0128,30.74,553.0,2025-02-28 23:22:53
6342,6343,SEC_0344,73.64,5544.0,2025-06-17 03:25:34
6343,6344,SEC_0282,77.76,8922.0,2025-06-08 09:12:29
6344,6345,SEC_0017,76.28,2561.0,2025-03-13 05:50:34
6345,6346,SEC_0071,46.58,5109.0,2025-06-02 19:44:09
6346,6347,SEC_0269,50.96,4267.0,2025-02-21 00:36:25
6347,6348,SEC_0325,34.12,4946.0,2025-02-13 01:14:31
6348,6349,SEC_0282,29.12,8986.0,2025-03-23 12:43:49
6349,6350,SEC_0305,48.99,5685.0,2025-05-28 19:31:27
6350,6351,SEC_0451,55.87,8317.0,2025-02-22 23:09:47
6351,6352,SEC_0007,57.57,8367.0,2025-01-08 05:48:09
6352,6353,SEC_0314,69.85,2552.0,2025-03-03 23:26:12
6353,6354,SEC_0305,136.78,3849.0,2025-03-02 03:17:55
6354,6355,SEC_0103,48.48,3457.0,2025-02-15 14:56:57
6355,6356,SEC_0309,39.78,2759.0,2025-04-06 15:00:56
6356,6357,SEC_0193,64.32,3756.0,2025-04-09 10:33:13
6357,6358,SEC_0241,58.36,3643.0,2025-04-23 00:51:41
6358,6359,SEC_0062,45.95,8120.0,2025-04-05 09:34:01
6359,6360,SEC_0017,71.75,-1661.0,2025-01-09 03:15:59
6360,6361,SEC_0171,42.79,8230.0,2025-01-07 10:07:26
6361,6362,SEC_0025,52.53,5587.0,2025-02-28 21:18:02
6362,6363,SEC_0251,53.45,3577.0,2025-02-27 05:34:29
6363,6364,SEC_0253,41.09,6459.0,2025-02-02 22:31:26
6364,6365,SEC_0387,32.69,9501.0,2025-04-05 00:44:54
6365,6366,SEC_0207,58.3,6126.0,2025-05-03 21:27:22
6366,6367,SEC_0029,82.32,2924.0,2025-04-07 17:40:27
6367,6368,SEC_0117,72.84,2709.0,2025-03-21 14:59:11
6368,6369,SEC_0491,74.32,4172.0,2025-01-27 15:23:38
6369,6370,SEC_0416,42.96,8423.0,2025-06-19 00:06:04
6370,6371,SEC_0282,58.22,2751.0,2025-02-16 20:13:36
6371,6372,SEC_0380,35.61,7477.0,2025-02-11 11:04:08
6372,6373,SEC_0144,57.44,7932.0,2025-05-30 19:21:31
6373,6374,SEC_0025,82.82,2805.0,2025-01-18 13:53:11
6374,6375,SEC_0310,,5445.0,2025-01-28 08:08:59
6375,6376,SEC_0156,100.4,842.0,2025-05-10 20:56:31
6376,6377,SEC_0073,73.46,5576.0,2025-02-27 21:02:50
6377,6378,SEC_0120,62.97,7511.0,2025-04-21 07:20:47
6378,6379,SEC_0312,70.98,6406.0,2025-02-26 17:45:34
6379,6380,SEC_0321,66.97,3535.0,2025-04-28 15:32:04
6380,6381,SEC_0093,42.86,7858.0,2025-03-16 02:25:06
6381,6382,SEC_0086,34.65,608.0,2025-03-29 17:20:36
6382,6383,SEC_0336,71.15,7395.0,2025-06-19 11:59:27
6383,6384,SEC_0425,102.31,4619.0,2025-01-18 16:19:32
6384,6385,SEC_0499,72.04,3961.0,2025-05-03 07:47:04
6385,6386,SEC_0364,30.98,4258.0,2025-03-24 12:36:06
6386,6387,SEC_0435,46.72,5613.0,2025-01-22 16:57:16
6387,6388,SEC_0118,51.47,202.0,2025-06-20 16:00:17
6388,6389,SEC_0233,31.29,6560.0,2025-04-30 14:59:00
6389,6390,SEC_0199,36.12,5132.0,2025-01-16 23:57:35
6390,6391,SEC_0206,53.99,1365.0,2025-03-02 01:35:41
6391,6392,SEC_0413,59.06,752.0,2025-06-12 20:21:30
6392,6393,SEC_0339,40.62,7546.0,2025-02-15 08:09:32
6393,6394,SEC_0147,35.63,5345.0,2025-05-22 11:29:11
6394,6395,SEC_0450,78.1,1206.0,2025-03-09 03:12:50
6395,6396,SEC_0425,48.68,9513.0,2025-04-13 05:36:51
6396,6397,SEC_0429,50.81,-3888.0,2025-05-01 06:05:53
6397,6398,SEC_0271,46.34,1331.0,2025-01-10 13:20:40
6398,6399,SEC_0387,43.32,8623.0,2025-03-09 04:46:13
6399,6400,SEC_0139,80.71,7520.0,2025-03-07 16:51:10
6400,6401,SEC_0181,41.93,4684.0,2025-01-16 18:38:00
6401,6402,SEC_0430,57.62,,2025-03-08 09:20:13
6402,6403,SEC_0030,54.74,7524.0,2025-01-14 09:03:10
6403,6404,SEC_0057,30.43,3366.0,2025-02-08 10:42:18
6404,6405,SEC_0232,58.69,1264.0,2025-04-04 13:41:16
6405,6406,SEC_0146,34.36,4237.0,2025-05-08 06:24:55
6406,6407,SEC_0435,66.06,4300.0,2025-03-29 00:30:19
6407,6408,SEC_0384,38.25,3734.0,2025-04-03 07:08:08
6408,6409,SEC_0048,63.85,1666.0,2025-02-18 01:13:35
6409,6410,SEC_0194,48.0,861.0,2025-02-13 07:14:07
6410,6411,SEC_0224,44.6,845.0,2025-04-13 13:23:17
6411,6412,SEC_0136,58.16,137.0,2025-06-08 16:35:02
6412,6413,SEC_0022,35.11,5748.0,2025-05-23 12:23:00
6413,6414,SEC_0006,53.48,6495.0,2025-06-16 13:07:44
6414,6415,SEC_0204,69.04,5787.0,2025-01-23 11:14:32
6415,6416,SEC_0239,74.65,9346.0,2025-02-06 04:22:09
6416,6417,SEC_0185,47.52,9171.0,2025-01-25 07:53:58
6417,6418,SEC_0360,49.65,8761.0,2025-06-01 17:56:11
6418,6419,SEC_0292,34.9,6201.0,2025-06-08 10:55:58
6419,6420,SEC_0335,43.59,8326.0,2025-06-24 08:08:39
6420,6421,SEC_0220,34.19,2062.0,2025-01-18 03:14:24
6421,6422,SEC_0116,62.3,4379.0,2025-04-23 19:13:34
6422,6423,SEC_0313,70.29,3731.0,2025-03-24 11:11:21
6423,6424,SEC_0049,47.64,8319.0,2025-04-15 02:12:06
6424,6425,SEC_0173,39.75,6123.0,2025-06-28 11:34:16
6425,6426,SEC_0082,59.89,,2025-03-07 04:02:05
6426,6427,SEC_0322,42.08,4314.0,2025-04-23 18:41:33
6427,6428,SEC_0333,66.79,8188.0,2025-03-10 19:16:26
6428,6429,SEC_0045,97.58,4841.0,2025-05-06 11:23:19
6429,6430,SEC_0335,41.87,3727.0,2025-06-03 12:05:59
6430,6431,SEC_0020,43.71,260.0,2025-03-31 10:52:40
6431,6432,SEC_0448,35.24,1242.0,2025-04-25 16:05:11
6432,6433,SEC_0221,57.04,1844.0,2025-05-21 12:53:08
6433,6434,SEC_0123,55.89,5778.0,2025-03-13 08:18:28
6434,6435,SEC_0234,50.34,9705.0,2025-02-01 20:26:10
6435,6436,SEC_0221,54.86,2281.0,2025-03-08 16:34:35
6436,6437,SEC_0323,39.92,9148.0,2025-03-24 11:32:37
6437,6438,SEC_0339,33.15,7797.0,2025-04-13 17:40:57
6438,6439,SEC_0003,43.48,4568.0,2025-05-10 11:30:58
6439,6440,SEC_0182,30.73,9301.0,2025-04-12 21:18:09
6440,6441,SEC_0206,41.87,9735.0,2025-01-22 10:25:26
6441,6442,SEC_0320,59.91,8573.0,2025-04-20 16:38:49
6442,6443,SEC_0040,55.58,1256.0,2025-04-25 14:27:46
6443,6444,SEC_0059,32.07,6463.0,2025-04-27 21:50:20
6444,6445,SEC_0439,74.8,1659.0,2025-04-11 14:18:27
6445,6446,SEC_0062,51.5,2649.0,2025-01-22 08:44:29
6446,6447,SEC_0132,36.97,3372.0,2025-06-25 04:00:10
6447,6448,SEC_0060,48.94,3430.0,2025-06-17 22:19:21
6448,6449,SEC_0372,45.84,9773.0,2025-03-19 02:09:59
6449,6450,SEC_0331,42.08,4861.0,2025-01-18 11:51:09
6450,6451,SEC_0122,69.67,7621.0,2025-02-20 18:58:06
6451,6452,SEC_0479,39.18,2933.0,2025-05-19 09:29:51
6452,6453,SEC_0107,57.71,5087.0,2025-02-09 08:30:16
6453,6454,SEC_0096,36.51,9779.0,2025-02-28 07:29:01
6454,6455,SEC_0347,54.0,6650.0,2025-05-06 00:37:37
6455,6456,SEC_0414,59.12,-8120.0,2025-05-26 20:27:59
6456,6457,SEC_0235,59.16,4984.0,2025-03-30 15:42:10
6457,6458,SEC_0386,55.94,2522.0,2025-03-20 08:17:19
6458,6459,SEC_0062,50.82,2703.0,2025-02-27 07:46:12
6459,6460,SEC_0256,39.68,19.0,2025-02-26 01:31:06
6460,6461,SEC_0049,39.81,2570.0,2025-06-15 03:26:35
6461,6462,SEC_0393,59.72,784.0,2025-03-23 09:20:05
6462,6463,SEC_0348,37.4,9899.0,2025-01-14 18:03:36
6463,6464,SEC_0159,34.91,-415.0,2025-05-01 08:00:33
6464,6465,SEC_0124,83.84,8556.0,2025-05-31 12:13:03
6465,6466,SEC_0482,50.51,1104.0,2025-04-03 10:19:32
6466,6467,SEC_0317,66.06,4892.0,2025-01-26 11:48:38
6467,6468,SEC_0207,70.96,5310.0,2025-03-09 08:36:58
6468,6469,SEC_0048,55.44,1172.0,2025-04-30 02:53:19
6469,6470,SEC_0409,48.76,9891.0,2025-01-29 08:14:34
6470,6471,SEC_0420,49.01,8635.0,2025-06-12 14:22:14
6471,6472,SEC_0136,88.45,6409.0,2025-04-28 02:16:51
6472,6473,SEC_0201,46.17,4746.0,2025-03-20 01:00:02
6473,6474,SEC_0250,57.57,4562.0,2025-03-07 14:53:16
6474,6475,SEC_0314,66.9,8173.0,2025-06-11 10:24:07
6475,6476,SEC_0357,58.86,6637.0,2025-04-11 19:59:24
6476,6477,SEC_0368,75.59,2590.0,2025-03-25 03:25:05
6477,6478,SEC_0429,48.62,9696.0,2025-01-11 21:25:24
6478,6479,SEC_0318,66.82,5723.0,2025-01-12 23:28:11
6479,6480,SEC_0295,31.87,723.0,2025-06-26 12:05:29
6480,6481,SEC_0480,81.78,842.0,2025-04-12 06:53:34
6481,6482,SEC_0314,76.47,2348.0,2025-02-21 12:37:56
6482,6483,SEC_0500,49.83,646.0,2025-05-21 22:29:36
6483,6484,SEC_0209,62.28,8216.0,2025-05-27 07:55:11
6484,6485,SEC_0355,71.33,3273.0,2025-06-03 03:19:18
6485,6486,SEC_0485,39.99,7.0,2025-03-10 13:07:15
6486,6487,SEC_0211,52.28,3702.0,2025-03-27 16:46:55
6487,6488,SEC_0192,36.9,9464.0,2025-05-10 06:35:42
6488,6489,SEC_0044,76.82,5631.0,2025-05-19 02:29:31
6489,6490,SEC_0029,69.88,2557.0,2025-04-10 11:41:59
6490,6491,SEC_0059,50.18,2955.0,2025-05-05 18:29:51
6491,6492,SEC_0071,48.47,7388.0,2025-05-05 06:14:43
6492,6493,SEC_0092,52.21,6789.0,2025-02-25 07:05:20
6493,6494,SEC_0265,41.71,9792.0,2025-01-18 06:59:10
6494,6495,SEC_0383,51.82,9859.0,2025-01-01 05:40:28
6495,6496,SEC_0220,39.99,9254.0,2025-06-19 03:55:38
6496,6497,SEC_0390,71.49,4662.0,2025-03-13 10:26:30
6497,6498,SEC_0413,76.79,3802.0,2025-06-14 10:21:54
6498,6499,SEC_0442,72.5,5634.0,2025-04-16 20:24:02
6499,6500,SEC_0401,38.16,7414.0,2025-05-15 22:52:22
6500,6501,SEC_0400,51.29,1164.0,2025-03-21 22:05:37
6501,6502,SEC_0215,65.07,1282.0,2025-02-27 20:34:28
6502,6503,SEC_0479,68.76,8188.0,2025-04-24 04:47:02
6503,6504,SEC_0387,31.45,9401.0,2025-05-16 14:15:17
6504,6505,SEC_0277,68.18,303.0,2025-03-12 13:16:06
6505,6506,SEC_0064,37.6,8948.0,2025-04-12 14:59:10
6506,6507,SEC_0346,52.13,4260.0,2025-04-15 18:41:05
6507,6508,SEC_0292,-79.62,5764.0,2025-03-23 10:06:30
6508,6509,SEC_0490,76.45,9419.0,2025-01-17 22:25:05
6509,6510,SEC_0485,81.28,8181.0,2025-02-24 08:50:46
6510,6511,SEC_0245,39.65,7576.0,2025-05-13 18:34:21
6511,6512,SEC_0470,42.7,9426.0,2025-03-19 23:45:18
6512,6513,SEC_0062,46.12,5979.0,2025-02-11 08:38:39
6513,6514,SEC_0426,52.25,9090.0,2025-03-31 01:08:07
6514,6515,SEC_0332,58.27,6091.0,2025-01-03 07:20:57
6515,6516,SEC_0170,80.09,8155.0,2025-06-16 22:12:23
6516,6517,SEC_0445,41.32,8184.0,2025-05-17 08:36:31
6517,6518,SEC_0269,45.21,5681.0,2025-01-21 05:08:36
6518,6519,SEC_0267,83.69,6512.0,2025-02-22 07:54:14
6519,6520,SEC_0054,38.56,3363.0,2025-04-14 13:35:06
6520,6521,SEC_0016,67.9,9647.0,2025-05-04 17:26:47
6521,6522,SEC_0008,53.17,2013.0,2025-03-05 17:53:39
6522,6523,SEC_0104,61.34,1101.0,2025-02-18 00:51:29
6523,6524,SEC_0059,42.8,9008.0,2025-06-18 22:09:26
6524,6525,SEC_0313,67.5,5105.0,2025-03-22 22:12:28
6525,6526,SEC_0040,44.87,-5616.0,2025-04-26 02:49:20
6526,6527,SEC_0237,35.66,9513.0,2025-06-08 13:51:39
6527,6528,SEC_0443,63.06,4503.0,2025-03-20 12:00:49
6528,6529,SEC_0386,25.77,7624.0,2025-06-08 15:24:25
6529,6530,SEC_0094,46.04,4588.0,2025-01-08 01:29:10
6530,6531,SEC_0222,59.58,-9225.0,2025-02-09 20:13:31
6531,6532,SEC_0204,68.53,6038.0,2025-02-16 03:29:47
6532,6533,SEC_0138,78.88,1156.0,2025-01-28 21:17:45
6533,6534,SEC_0300,93.06,9293.0,2025-05-12 15:29:48
6534,6535,SEC_0395,84.9,997.0,2025-03-21 14:21:52
6535,6536,SEC_0207,57.83,9628.0,2025-03-13 14:11:18
6536,6537,SEC_0336,,5210.0,2025-05-07 21:20:47
6537,6538,SEC_0081,57.56,2546.0,2025-01-08 01:09:40
6538,6539,SEC_0218,67.07,3701.0,2025-05-11 02:18:55
6539,6540,SEC_0002,45.61,6766.0,2025-06-03 07:47:59
6540,6541,SEC_0178,62.72,4985.0,2025-06-03 19:13:17
6541,6542,SEC_0396,47.37,354.0,2025-03-25 22:24:42
6542,6543,SEC_0371,51.83,2319.0,2025-01-07 18:21:38
6543,6544,SEC_0346,62.78,8931.0,2025-01-15 08:16:42
6544,6545,SEC_0279,102.25,2520.0,2025-02-15 15:58:57
6545,6546,SEC_0146,61.46,5428.0,2025-06-09 03:14:38
6546,6547,SEC_0318,54.41,4604.0,2025-06-24 08:32:38
6547,6548,SEC_0224,42.54,8247.0,2025-01-02 12:54:32
6548,6549,SEC_0369,71.44,2085.0,2025-01-01 04:46:32
6549,6550,SEC_0384,49.37,900.0,2025-06-12 22:54:54
6550,6551,SEC_0062,61.08,8716.0,2025-05-14 22:30:37
6551,6552,SEC_0294,67.4,463.0,2025-06-19 15:07:37
6552,6553,SEC_0239,79.78,1502.0,2025-04-23 06:31:37
6553,6554,SEC_0195,70.3,716.0,2025-02-20 11:43:43
6554,6555,SEC_0166,37.82,5331.0,2025-05-24 04:36:39
6555,6556,SEC_0451,32.62,7175.0,2025-04-28 18:01:21
6556,6557,SEC_0222,-67.39,3612.0,2025-02-15 07:14:40
6557,6558,SEC_0061,56.03,9181.0,2025-04-29 17:55:03
6558,6559,SEC_0129,61.4,212.0,2025-01-25 16:57:05
6559,6560,SEC_0478,91.46,7357.0,2025-04-25 05:36:19
6560,6561,SEC_0173,45.38,754.0,2025-02-03 17:30:39
6561,6562,SEC_0480,-80.43,3751.0,2025-02-05 01:38:35
6562,6563,SEC_0156,45.51,3223.0,2025-03-12 13:07:15
6563,6564,SEC_0405,87.32,436.0,2025-04-20 00:13:21
6564,6565,SEC_0378,68.39,9428.0,2025-05-20 06:45:23
6565,6566,SEC_0110,34.74,-8971.0,2025-01-13 15:59:50
6566,6567,SEC_0269,48.17,4930.0,2025-02-24 11:49:25
6567,6568,SEC_0411,97.0,1961.0,2025-02-28 10:26:01
6568,6569,SEC_0356,93.42,4273.0,2025-02-03 06:05:37
6569,6570,SEC_0391,65.45,9999.0,2025-04-13 06:07:00
6570,6571,SEC_0278,60.72,5814.0,2025-01-10 21:27:38
6571,6572,SEC_0074,58.67,1725.0,2025-01-09 02:34:20
6572,6573,SEC_0487,62.25,8378.0,2025-05-14 03:16:50
6573,6574,SEC_0437,52.34,1495.0,2025-04-30 02:17:54
6574,6575,SEC_0463,78.52,1980.0,2025-01-07 04:07:15
6575,6576,SEC_0207,64.93,5429.0,2025-04-22 03:34:34
6576,6577,SEC_0388,40.87,4054.0,2025-02-06 09:43:38
6577,6578,SEC_0480,66.45,8438.0,2025-05-11 07:08:36
6578,6579,SEC_0279,57.37,7161.0,2025-04-24 11:56:49
6579,6580,SEC_0375,49.71,8576.0,2025-01-04 19:00:05
6580,6581,SEC_0326,96.5,7210.0,2025-02-24 20:58:22
6581,6582,SEC_0472,56.32,285.0,2025-05-09 15:32:05
6582,6583,SEC_0340,30.35,5084.0,2025-03-13 10:19:51
6583,6584,SEC_0357,-50.78,3995.0,2025-02-20 05:40:49
6584,6585,SEC_0340,73.56,8492.0,2025-01-23 03:26:31
6585,6586,SEC_0204,41.35,901.0,2025-04-09 16:51:10
6586,6587,SEC_0161,72.81,1460.0,2025-04-14 01:56:35
6587,6588,SEC_0028,40.48,2922.0,2025-01-13 13:47:02
6588,6589,SEC_0392,81.53,2534.0,2025-02-04 23:39:58
6589,6590,SEC_0257,45.98,6580.0,2025-06-02 18:27:59
6590,6591,SEC_0165,49.13,806.0,2025-01-18 23:16:28
6591,6592,SEC_0063,48.05,7596.0,2025-04-23 20:49:58
6592,6593,SEC_0022,65.32,2229.0,2025-05-14 03:43:26
6593,6594,SEC_0070,94.94,1922.0,2025-03-13 00:41:20
6594,6595,SEC_0381,54.84,4973.0,2025-06-06 23:17:01
6595,6596,SEC_0405,54.42,2388.0,2025-05-26 04:30:52
6596,6597,SEC_0096,45.97,1997.0,2025-06-20 20:00:13
6597,6598,SEC_0163,33.51,4826.0,2025-01-07 01:50:56
6598,6599,SEC_0079,47.37,5283.0,2025-02-06 17:23:03
6599,6600,SEC_0005,37.42,2504.0,2025-05-24 02:05:14
6600,6601,SEC_0316,30.99,105.0,2025-03-23 21:03:28
6601,6602,SEC_0120,53.35,6863.0,2025-06-01 10:55:30
6602,6603,SEC_0302,46.4,8631.0,2025-03-19 10:23:49
6603,6604,SEC_0178,82.51,1522.0,2025-03-19 20:53:11
6604,6605,SEC_0176,42.24,1352.0,2025-02-06 06:43:26
6605,6606,SEC_0390,66.76,2699.0,2025-04-23 01:45:40
6606,6607,SEC_0217,66.37,3613.0,2025-02-28 17:24:52
6607,6608,SEC_0056,81.54,509.0,2025-03-15 00:49:07
6608,6609,SEC_0366,51.66,5311.0,2025-05-18 16:29:33
6609,6610,SEC_0187,81.1,6191.0,2025-06-16 13:44:51
6610,6611,SEC_0232,64.6,1275.0,2025-04-01 03:15:11
6611,6612,SEC_0255,76.84,2823.0,2025-05-14 08:25:10
6612,6613,SEC_0413,111.97,-64.0,2025-05-13 20:46:13
6613,6614,SEC_0455,-52.62,3922.0,2025-02-05 00:15:19
6614,6615,SEC_0104,57.47,860.0,2025-01-21 07:47:58
6615,6616,SEC_0077,48.98,1548.0,2025-03-24 20:00:10
6616,6617,SEC_0230,86.72,2077.0,2025-01-06 13:38:53
6617,6618,SEC_0402,119.27,437.0,2025-06-15 02:12:21
6618,6619,SEC_0258,68.05,6086.0,2025-05-07 20:22:50
6619,6620,SEC_0264,33.68,3658.0,2025-01-01 07:13:13
6620,6621,SEC_0331,41.89,763.0,2025-02-25 22:25:13
6621,6622,SEC_0481,77.31,736.0,2025-04-01 17:10:05
6622,6623,SEC_0182,38.73,7215.0,2025-03-16 00:39:53
6623,6624,SEC_0381,45.6,7585.0,2025-05-20 17:02:28
6624,6625,SEC_0256,45.12,4095.0,2025-02-19 14:54:45
6625,6626,SEC_0038,53.35,6595.0,2025-03-10 23:44:32
6626,6627,SEC_0176,58.97,4729.0,2025-01-27 02:13:06
6627,6628,SEC_0027,30.97,9771.0,2025-02-04 04:29:47
6628,6629,SEC_0276,34.53,3730.0,2025-04-02 09:31:43
6629,6630,SEC_0140,34.78,7242.0,2025-02-02 02:21:38
6630,6631,SEC_0299,36.05,1077.0,2025-02-23 17:41:17
6631,6632,SEC_0445,54.86,1831.0,2025-03-23 21:01:36
6632,6633,SEC_0287,57.88,674.0,2025-04-22 02:31:55
6633,6634,SEC_0091,73.99,549.0,2025-03-01 17:31:27
6634,6635,SEC_0480,64.49,9129.0,2025-02-20 10:17:07
6635,6636,SEC_0061,45.85,896.0,2025-06-25 09:07:51
6636,6637,SEC_0458,58.5,2570.0,2025-04-17 21:35:20
6637,6638,SEC_0451,74.91,914.0,2025-03-21 18:00:03
6638,6639,SEC_0365,51.0,1177.0,2025-04-22 04:53:32
6639,6640,SEC_0347,-49.74,7274.0,2025-05-17 16:37:15
6640,6641,SEC_0163,41.12,-6697.0,2025-01-24 15:02:30
6641,6642,SEC_0351,42.89,4866.0,2025-01-12 04:23:28
6642,6643,SEC_0143,67.07,4307.0,2025-05-18 16:39:36
6643,6644,SEC_0400,54.54,3274.0,2025-05-22 14:26:02
6644,6645,SEC_0253,98.25,6577.0,2025-03-14 11:39:07
6645,6646,SEC_0269,44.57,1523.0,2025-05-29 04:25:07
6646,6647,SEC_0369,68.61,6426.0,2025-02-15 23:17:01
6647,6648,SEC_0291,61.31,7478.0,2025-02-04 06:27:41
6648,6649,SEC_0500,53.15,2803.0,2025-02-17 06:06:00
6649,6650,SEC_0459,47.91,3123.0,2025-01-17 11:40:13
6650,6651,SEC_0187,65.37,2457.0,2025-06-27 18:27:58
6651,6652,SEC_0405,64.25,1650.0,2025-02-21 00:03:38
6652,6653,SEC_0499,58.01,2321.0,2025-05-12 04:27:08
6653,6654,SEC_0438,62.03,1144.0,2025-02-22 01:42:22
6654,6655,SEC_0459,55.2,8238.0,2025-02-04 01:47:44
6655,6656,SEC_0414,33.37,3315.0,2025-06-03 10:35:30
6656,6657,SEC_0304,56.0,4407.0,2025-04-27 02:32:36
6657,6658,SEC_0291,50.37,2610.0,2025-03-04 12:57:34
6658,6659,SEC_0086,97.89,7592.0,2025-06-28 05:07:01
6659,6660,SEC_0166,66.02,3120.0,2025-05-24 06:36:12
6660,6661,SEC_0415,58.0,1401.0,2025-06-26 03:23:35
6661,6662,SEC_0462,62.73,9784.0,2025-01-27 13:35:12
6662,6663,SEC_0408,40.17,8200.0,2025-01-12 10:44:14
6663,6664,SEC_0114,45.47,9176.0,2025-03-13 10:51:30
6664,6665,SEC_0433,49.38,3598.0,2025-03-24 21:13:20
6665,6666,SEC_0480,61.35,9943.0,2025-01-10 06:43:48
6666,6667,SEC_0356,47.92,5490.0,2025-03-21 04:36:39
6667,6668,SEC_0416,46.97,3512.0,2025-04-09 09:59:15
6668,6669,SEC_0183,39.63,3829.0,2025-06-16 14:15:24
6669,6670,SEC_0207,55.01,566.0,2025-05-03 21:18:00
6670,6671,SEC_0256,,7652.0,2025-01-12 16:53:57
6671,6672,SEC_0235,62.09,9093.0,2025-02-07 01:14:34
6672,6673,SEC_0442,44.31,2772.0,2025-02-18 05:16:36
6673,6674,SEC_0355,61.02,6778.0,2025-02-13 05:20:12
6674,6675,SEC_0003,39.96,114.0,2025-02-14 21:17:13
6675,6676,SEC_0208,51.13,532.0,2025-04-08 11:29:56
6676,6677,SEC_0197,59.77,9715.0,2025-04-08 20:00:10
6677,6678,SEC_0341,50.52,3411.0,2025-03-26 22:51:34
6678,6679,SEC_0125,34.17,9237.0,2025-02-22 21:53:27
6679,6680,SEC_0138,35.42,-5840.0,2025-06-25 21:07:02
6680,6681,SEC_0339,58.34,8225.0,2025-02-27 04:43:12
6681,6682,SEC_0025,64.97,8325.0,2025-05-19 23:50:08
6682,6683,SEC_0068,60.45,1727.0,2025-01-17 11:58:49
6683,6684,SEC_0061,65.44,5071.0,2025-05-23 20:29:57
6684,6685,SEC_0029,50.19,8218.0,2025-05-01 09:55:46
6685,6686,SEC_0383,68.14,2649.0,2025-04-04 09:17:03
6686,6687,SEC_0019,60.39,9454.0,2025-04-03 05:11:40
6687,6688,SEC_0171,45.07,2066.0,2025-05-12 10:41:47
6688,6689,SEC_0450,63.71,934.0,2025-06-02 03:09:44
6689,6690,SEC_0074,59.67,1051.0,2025-06-25 19:29:14
6690,6691,SEC_0061,90.17,9009.0,2025-01-03 07:12:22
6691,6692,SEC_0427,82.58,6031.0,2025-06-24 11:37:37
6692,6693,SEC_0153,53.11,7117.0,2025-05-10 03:56:43
6693,6694,SEC_0276,48.17,5044.0,2025-04-28 10:47:57
6694,6695,SEC_0048,87.16,8930.0,2025-04-24 09:12:50
6695,6696,SEC_0211,64.42,6468.0,2025-05-29 02:48:07
6696,6697,SEC_0343,51.82,3603.0,2025-03-21 14:50:20
6697,6698,SEC_0408,30.06,6879.0,2025-05-20 16:51:57
6698,6699,SEC_0139,43.53,793.0,2025-01-23 19:17:02
6699,6700,SEC_0110,42.63,5964.0,2025-02-10 19:02:08
6700,6701,SEC_0482,52.25,9548.0,2025-05-19 13:36:14
6701,6702,SEC_0183,65.73,1386.0,2025-01-08 02:14:12
6702,6703,SEC_0028,68.81,1061.0,2025-04-22 12:01:36
6703,6704,SEC_0197,85.63,9564.0,2025-03-21 14:17:15
6704,6705,SEC_0191,72.2,7924.0,2025-01-13 03:57:28
6705,6706,SEC_0315,36.96,4139.0,2025-04-22 09:01:42
6706,6707,SEC_0389,74.37,1150.0,2025-01-16 12:34:29
6707,6708,SEC_0051,91.84,7694.0,2025-03-24 19:54:02
6708,6709,SEC_0149,90.48,7493.0,2025-05-25 10:01:06
6709,6710,SEC_0268,37.95,6328.0,2025-02-21 13:49:51
6710,6711,SEC_0050,51.56,3354.0,2025-04-11 22:03:18
6711,6712,SEC_0388,72.84,5970.0,2025-05-26 08:27:50
6712,6713,SEC_0246,38.57,4629.0,2025-03-09 15:58:30
6713,6714,SEC_0113,32.54,3449.0,2025-01-20 19:45:37
6714,6715,SEC_0170,59.99,5328.0,2025-01-02 06:25:30
6715,6716,SEC_0468,44.58,9693.0,2025-02-11 23:37:15
6716,6717,SEC_0166,33.47,5050.0,2025-04-04 23:37:40
6717,6718,SEC_0409,78.95,69.0,2025-03-14 02:28:14
6718,6719,SEC_0014,57.36,3509.0,2025-01-20 06:33:42
6719,6720,SEC_0203,46.7,301.0,2025-04-03 09:41:03
6720,6721,SEC_0288,40.89,6798.0,2025-01-28 07:25:54
6721,6722,SEC_0395,57.53,2601.0,2025-05-31 06:23:16
6722,6723,SEC_0189,63.73,2154.0,2025-01-13 05:09:53
6723,6724,SEC_0402,60.21,4906.0,2025-05-17 23:29:52
6724,6725,SEC_0155,,4019.0,2025-06-06 09:28:28
6725,6726,SEC_0055,63.0,3083.0,2025-04-01 04:18:27
6726,6727,SEC_0182,67.24,7075.0,2025-05-20 13:18:31
6727,6728,SEC_0210,49.25,1240.0,2025-01-11 05:17:48
6728,6729,SEC_0376,74.58,460.0,2025-05-16 00:15:07
6729,6730,SEC_0471,42.28,7983.0,2025-04-19 07:46:46
6730,6731,SEC_0075,80.41,2627.0,2025-01-11 01:16:29
6731,6732,SEC_0277,56.81,3764.0,2025-01-19 14:56:27
6732,6733,SEC_0428,47.05,7021.0,2025-02-05 13:31:27
6733,6734,SEC_0133,49.62,2802.0,2025-01-30 16:10:08
6734,6735,SEC_0343,73.68,464.0,2025-06-22 01:26:34
6735,6736,SEC_0425,58.63,998.0,2025-06-01 17:12:38
6736,6737,SEC_0059,66.26,5642.0,2025-06-22 02:43:29
6737,6738,SEC_0345,75.37,6385.0,2025-03-25 01:33:06
6738,6739,SEC_0489,46.63,1679.0,2025-01-03 23:17:33
6739,6740,SEC_0182,56.72,865.0,2025-04-28 13:27:44
6740,6741,SEC_0458,51.04,9383.0,2025-04-23 11:17:42
6741,6742,SEC_0406,,7737.0,2025-02-21 18:33:54
6742,6743,SEC_0339,48.68,2698.0,2025-06-08 19:47:01
6743,6744,SEC_0321,55.39,9057.0,2025-03-01 18:39:58
6744,6745,SEC_0064,108.71,2927.0,2025-04-07 10:51:39
6745,6746,SEC_0327,80.28,7543.0,2025-01-24 08:29:32
6746,6747,SEC_0260,40.02,4430.0,2025-01-16 19:22:30
6747,6748,SEC_0193,71.56,7411.0,2025-04-14 06:43:10
6748,6749,SEC_0143,67.13,7219.0,2025-03-18 22:34:00
6749,6750,SEC_0104,39.24,7026.0,2025-05-07 02:02:16
6750,6751,SEC_0460,52.82,2398.0,2025-01-07 12:16:30
6751,6752,SEC_0406,41.09,2222.0,2025-02-04 04:40:06
6752,6753,SEC_0214,26.63,5815.0,2025-06-19 04:02:21
6753,6754,SEC_0242,52.26,6505.0,2025-04-23 18:54:28
6754,6755,SEC_0431,46.91,7523.0,2025-05-01 20:53:07
6755,6756,SEC_0209,39.24,5786.0,2025-04-19 02:02:22
6756,6757,SEC_0093,54.44,9975.0,2025-02-28 02:12:35
6757,6758,SEC_0430,28.9,6220.0,2025-06-25 19:54:07
6758,6759,SEC_0142,55.28,3999.0,2025-05-18 05:20:51
6759,6760,SEC_0434,54.85,2804.0,2025-05-07 04:29:58
6760,6761,SEC_0404,66.93,4548.0,2025-06-20 11:21:33
6761,6762,SEC_0434,33.75,9971.0,2025-02-04 22:47:32
6762,6763,SEC_0112,103.73,6511.0,2025-05-11 20:40:24
6763,6764,SEC_0417,92.46,9018.0,2025-01-29 00:36:19
6764,6765,SEC_0375,43.29,3662.0,2025-03-26 15:32:26
6765,6766,SEC_0059,84.6,52.0,2025-02-04 00:00:18
6766,6767,SEC_0043,70.61,6059.0,2025-05-11 03:47:49
6767,6768,SEC_0207,47.85,3516.0,2025-01-07 12:34:27
6768,6769,SEC_0268,45.51,3331.0,2025-03-10 15:00:42
6769,6770,SEC_0296,46.55,7492.0,2025-02-28 01:30:04
6770,6771,SEC_0118,127.47,1675.0,2025-06-10 02:16:49
6771,6772,SEC_0020,82.11,6029.0,2025-01-28 14:43:48
6772,6773,SEC_0222,-51.38,1362.0,2025-02-18 23:19:25
6773,6774,SEC_0166,52.72,8979.0,2025-06-28 08:18:04
6774,6775,SEC_0131,70.4,556.0,2025-05-19 07:06:27
6775,6776,SEC_0156,69.48,7793.0,2025-06-22 11:25:34
6776,6777,SEC_0184,40.97,9955.0,2025-02-07 23:12:59
6777,6778,SEC_0090,59.7,2113.0,2025-05-04 13:12:56
6778,6779,SEC_0094,46.26,2211.0,2025-01-25 13:39:31
6779,6780,SEC_0013,57.15,1702.0,2025-03-05 23:14:13
6780,6781,SEC_0461,53.82,2713.0,2025-03-23 06:32:03
6781,6782,SEC_0322,74.09,6464.0,2025-02-18 18:53:36
6782,6783,SEC_0293,50.38,2317.0,2025-04-28 06:41:18
6783,6784,SEC_0433,-56.57,6470.0,2025-04-22 05:30:57
6784,6785,SEC_0230,31.08,1611.0,2025-04-28 05:01:25
6785,6786,SEC_0322,60.17,4353.0,2025-05-31 07:59:51
6786,6787,SEC_0292,43.23,6344.0,2025-03-27 05:02:16
6787,6788,SEC_0438,34.63,4706.0,2025-06-24 22:46:43
6788,6789,SEC_0026,76.61,9320.0,2025-04-01 01:32:05
6789,6790,SEC_0075,53.92,5492.0,2025-06-13 13:36:50
6790,6791,SEC_0456,29.28,9097.0,2025-06-22 17:07:23
6791,6792,SEC_0364,43.16,8356.0,2025-02-20 06:21:27
6792,6793,SEC_0424,54.68,9329.0,2025-03-04 20:58:39
6793,6794,SEC_0299,55.17,4711.0,2025-01-23 09:00:43
6794,6795,SEC_0150,47.0,2026.0,2025-02-26 15:31:58
6795,6796,SEC_0148,19.89,106.0,2025-03-28 01:07:40
6796,6797,SEC_0008,46.27,4460.0,2025-02-16 03:36:33
6797,6798,SEC_0029,75.29,3093.0,2025-01-23 18:25:29
6798,6799,SEC_0296,83.16,9345.0,2025-01-20 09:39:11
6799,6800,SEC_0474,45.5,699.0,2025-02-13 06:17:33
6800,6801,SEC_0414,96.06,8939.0,2025-05-10 16:44:40
6801,6802,SEC_0209,33.61,6072.0,2025-02-15 11:54:07
6802,6803,SEC_0128,42.82,5740.0,2025-03-05 07:09:45
6803,6804,SEC_0340,71.34,9153.0,2025-01-16 20:20:18
6804,6805,SEC_0116,68.05,3492.0,2025-01-11 10:19:09
6805,6806,SEC_0439,54.44,3298.0,2025-02-10 20:58:58
6806,6807,SEC_0144,39.03,2978.0,2025-01-08 08:21:29
6807,6808,SEC_0430,39.0,209.0,2025-04-01 18:35:04
6808,6809,SEC_0318,43.92,3317.0,2025-03-05 07:37:17
6809,6810,SEC_0235,39.51,5408.0,2025-02-21 07:24:02
6810,6811,SEC_0007,56.78,7234.0,2025-02-08 08:12:46
6811,6812,SEC_0464,53.11,1892.0,2025-05-13 11:42:49
6812,6813,SEC_0045,38.54,9369.0,2025-05-19 00:40:27
6813,6814,SEC_0443,49.08,3507.0,2025-03-20 16:01:46
6814,6815,SEC_0239,24.66,2040.0,2025-05-15 20:13:08
6815,6816,SEC_0440,60.45,3290.0,2025-03-07 22:39:46
6816,6817,SEC_0432,,9645.0,2025-02-08 13:07:25
6817,6818,SEC_0155,41.53,6646.0,2025-06-07 07:14:01
6818,6819,SEC_0181,43.12,4762.0,2025-03-17 02:59:19
6819,6820,SEC_0215,58.99,1618.0,2025-02-27 14:32:33
6820,6821,SEC_0088,56.37,8187.0,2025-06-10 02:59:01
6821,6822,SEC_0256,68.85,435.0,2025-05-06 10:42:25
6822,6823,SEC_0073,43.25,1647.0,2025-01-27 10:14:16
6823,6824,SEC_0419,44.78,6668.0,2025-04-30 04:21:41
6824,6825,SEC_0179,51.1,5259.0,2025-05-22 06:12:08
6825,6826,SEC_0212,39.65,7191.0,2025-02-20 07:40:19
6826,6827,SEC_0293,50.77,1441.0,2025-05-27 04:00:27
6827,6828,SEC_0234,39.85,6096.0,2025-03-25 04:20:50
6828,6829,SEC_0465,61.88,6876.0,2025-04-22 14:57:05
6829,6830,SEC_0239,41.24,-4444.0,2025-01-06 14:20:39
6830,6831,SEC_0223,58.9,4861.0,2025-01-10 07:16:51
6831,6832,SEC_0119,84.52,9126.0,2025-05-30 12:10:57
6832,6833,SEC_0313,62.08,9339.0,2025-04-09 00:09:14
6833,6834,SEC_0264,57.56,7714.0,2025-05-21 14:27:20
6834,6835,SEC_0207,36.27,381.0,2025-02-08 19:24:11
6835,6836,SEC_0095,82.82,9017.0,2025-06-21 10:56:07
6836,6837,SEC_0373,76.3,9731.0,2025-03-04 04:13:40
6837,6838,SEC_0222,-52.1,7174.0,2025-02-07 13:11:35
6838,6839,SEC_0366,48.66,1638.0,2025-02-10 03:37:48
6839,6840,SEC_0276,42.77,7544.0,2025-02-09 14:28:22
6840,6841,SEC_0380,93.39,525.0,2025-01-14 22:30:44
6841,6842,SEC_0231,69.07,3108.0,2025-05-21 01:41:48
6842,6843,SEC_0309,43.49,8143.0,2025-03-28 01:13:08
6843,6844,SEC_0119,75.93,1094.0,2025-04-05 08:30:36
6844,6845,SEC_0268,81.59,105.0,2025-05-08 02:38:43
6845,6846,SEC_0433,54.25,1740.0,2025-03-11 20:13:48
6846,6847,SEC_0273,49.24,3127.0,2025-04-24 04:59:27
6847,6848,SEC_0064,40.53,1677.0,2025-02-14 23:29:01
6848,6849,SEC_0298,67.51,7905.0,2025-03-16 05:49:01
6849,6850,SEC_0350,48.03,8028.0,2025-06-01 17:20:36
6850,6851,SEC_0413,47.44,4917.0,2025-05-07 09:29:26
6851,6852,SEC_0403,54.41,2935.0,2025-06-11 20:59:30
6852,6853,SEC_0494,42.72,5157.0,2025-06-15 12:47:51
6853,6854,SEC_0011,86.36,1043.0,2025-03-04 07:42:13
6854,6855,SEC_0098,72.99,9634.0,2025-01-16 09:53:59
6855,6856,SEC_0434,55.87,1846.0,2025-02-25 13:46:50
6856,6857,SEC_0071,42.29,3502.0,2025-04-01 01:51:29
6857,6858,SEC_0364,-42.98,1542.0,2025-04-19 10:59:27
6858,6859,SEC_0058,42.42,467.0,2025-03-25 10:06:00
6859,6860,SEC_0290,37.74,2945.0,2025-06-15 08:37:35
6860,6861,SEC_0251,60.15,4295.0,2025-05-17 02:28:54
6861,6862,SEC_0276,45.03,1592.0,2025-06-27 14:11:27
6862,6863,SEC_0050,44.26,4073.0,2025-04-22 03:58:22
6863,6864,SEC_0358,42.77,3573.0,2025-04-01 13:16:14
6864,6865,SEC_0216,73.78,9386.0,2025-05-24 18:42:20
6865,6866,SEC_0394,43.49,5979.0,2025-04-02 04:03:11
6866,6867,SEC_0416,79.9,294.0,2025-02-09 13:15:48
6867,6868,SEC_0052,50.08,9114.0,2025-03-11 20:11:38
6868,6869,SEC_0271,37.58,5859.0,2025-02-22 19:56:46
6869,6870,SEC_0485,-62.85,1339.0,2025-03-31 20:03:58
6870,6871,SEC_0084,71.25,-5210.0,2025-06-12 12:03:50
6871,6872,SEC_0387,42.21,3476.0,2025-04-26 18:44:33
6872,6873,SEC_0293,55.64,9734.0,2025-02-10 01:25:14
6873,6874,SEC_0126,60.07,-2499.0,2025-03-08 19:52:51
6874,6875,SEC_0296,56.19,9100.0,2025-02-07 00:06:14
6875,6876,SEC_0072,47.59,5729.0,2025-03-21 00:34:09
6876,6877,SEC_0296,71.13,7318.0,2025-02-16 23:54:15
6877,6878,SEC_0236,50.64,2494.0,2025-05-08 11:01:49
6878,6879,SEC_0056,45.53,3089.0,2025-03-23 15:11:05
6879,6880,SEC_0407,32.15,6282.0,2025-02-13 03:45:03
6880,6881,SEC_0360,32.24,6796.0,2025-05-22 03:36:09
6881,6882,SEC_0395,58.25,5628.0,2025-04-25 15:54:50
6882,6883,SEC_0110,53.35,3991.0,2025-05-01 09:17:40
6883,6884,SEC_0192,71.25,3752.0,2025-06-06 05:30:04
6884,6885,SEC_0392,76.64,7242.0,2025-05-27 12:21:08
6885,6886,SEC_0093,50.73,2098.0,2025-02-03 05:22:47
6886,6887,SEC_0350,72.57,3175.0,2025-06-01 11:39:59
6887,6888,SEC_0056,46.13,388.0,2025-02-01 07:11:43
6888,6889,SEC_0060,52.2,299.0,2025-01-22 13:56:12
6889,6890,SEC_0138,51.75,4435.0,2025-02-12 14:51:07
6890,6891,SEC_0039,87.68,4062.0,2025-04-12 00:56:48
6891,6892,SEC_0028,37.21,474.0,2025-06-04 04:05:57
6892,6893,SEC_0049,55.58,5058.0,2025-02-10 23:34:09
6893,6894,SEC_0420,44.31,5290.0,2025-02-23 16:48:48
6894,6895,SEC_0125,49.91,4109.0,2025-04-19 13:52:43
6895,6896,SEC_0013,49.28,8641.0,2025-03-29 04:33:18
6896,6897,SEC_0480,55.79,2222.0,2025-05-31 09:07:42
6897,6898,SEC_0036,81.78,5252.0,2025-04-23 01:26:20
6898,6899,SEC_0101,96.6,3612.0,2025-04-06 21:13:42
6899,6900,SEC_0282,-66.48,2643.0,2025-04-22 11:31:07
6900,6901,SEC_0086,40.7,1921.0,2025-01-28 08:55:57
6901,6902,SEC_0004,51.81,7076.0,2025-06-25 14:35:15
6902,6903,SEC_0223,59.04,5995.0,2025-04-20 06:30:22
6903,6904,SEC_0338,48.32,2317.0,2025-06-19 16:38:08
6904,6905,SEC_0448,50.24,1275.0,2025-05-02 20:23:53
6905,6906,SEC_0166,53.44,9808.0,2025-02-14 02:44:26
6906,6907,SEC_0383,68.83,4984.0,2025-05-31 23:14:13
6907,6908,SEC_0344,64.01,7835.0,2025-01-14 00:08:09
6908,6909,SEC_0383,45.47,3619.0,2025-06-22 17:43:55
6909,6910,SEC_0376,65.23,260.0,2025-06-23 23:33:34
6910,6911,SEC_0471,91.59,3207.0,2025-05-05 18:56:28
6911,6912,SEC_0278,34.68,9705.0,2025-05-12 21:20:05
6912,6913,SEC_0130,-47.88,5179.0,2025-03-22 17:35:43
6913,6914,SEC_0031,46.81,5359.0,2025-06-15 20:17:15
6914,6915,SEC_0375,55.92,4508.0,2025-02-03 01:49:38
6915,6916,SEC_0011,31.59,6459.0,2025-05-01 07:03:43
6916,6917,SEC_0476,82.13,7542.0,2025-06-09 11:22:21
6917,6918,SEC_0302,55.37,3509.0,2025-03-13 05:48:21
6918,6919,SEC_0096,59.71,7306.0,2025-06-08 11:52:25
6919,6920,SEC_0190,57.67,4995.0,2025-05-31 12:00:08
6920,6921,SEC_0453,46.76,8424.0,2025-04-17 07:53:57
6921,6922,SEC_0192,67.33,6755.0,2025-04-11 18:50:08
6922,6923,SEC_0486,54.68,8922.0,2025-02-21 21:15:05
6923,6924,SEC_0266,29.21,5517.0,2025-04-03 18:45:09
6924,6925,SEC_0424,52.85,5869.0,2025-01-04 03:16:55
6925,6926,SEC_0128,50.24,5800.0,2025-05-26 13:43:34
6926,6927,SEC_0238,67.29,2930.0,2025-05-25 08:08:13
6927,6928,SEC_0408,122.78,8510.0,2025-05-07 23:18:55
6928,6929,SEC_0355,61.15,1531.0,2025-02-23 20:50:47
6929,6930,SEC_0428,103.12,7914.0,2025-01-14 02:20:26
6930,6931,SEC_0112,44.44,9303.0,2025-02-08 21:22:03
6931,6932,SEC_0316,45.3,716.0,2025-05-04 13:37:27
6932,6933,SEC_0446,,9534.0,2025-01-19 15:34:22
6933,6934,SEC_0343,62.03,7528.0,2025-06-16 11:31:52
6934,6935,SEC_0145,45.05,3313.0,2025-06-04 19:06:14
6935,6936,SEC_0065,33.66,7224.0,2025-03-08 18:22:29
6936,6937,SEC_0247,54.98,5193.0,2025-04-18 21:41:05
6937,6938,SEC_0223,38.75,7028.0,2025-03-28 12:43:16
6938,6939,SEC_0479,76.31,202.0,2025-04-23 20:57:54
6939,6940,SEC_0490,66.23,2141.0,2025-04-14 01:00:26
6940,6941,SEC_0313,43.47,9865.0,2025-06-20 22:08:04
6941,6942,SEC_0439,62.6,9249.0,2025-06-23 20:51:41
6942,6943,SEC_0106,46.32,3672.0,2025-06-24 09:26:18
6943,6944,SEC_0181,53.75,8611.0,2025-05-31 20:44:08
6944,6945,SEC_0184,53.92,7371.0,2025-06-07 18:11:41
6945,6946,SEC_0226,,2599.0,2025-06-12 10:07:51
6946,6947,SEC_0265,70.05,8818.0,2025-06-22 08:28:08
6947,6948,SEC_0278,39.03,1945.0,2025-05-16 23:54:48
6948,6949,SEC_0397,64.14,2930.0,2025-02-05 05:08:42
6949,6950,SEC_0089,59.82,3384.0,2025-04-27 15:11:57
6950,6951,SEC_0176,35.82,3541.0,2025-02-08 11:45:43
6951,6952,SEC_0018,43.02,394.0,2025-03-30 06:46:02
6952,6953,SEC_0371,39.32,7011.0,2025-05-13 23:41:46
6953,6954,SEC_0460,48.91,6778.0,2025-01-18 23:43:49
6954,6955,SEC_0424,55.4,8824.0,2025-01-22 12:07:01
6955,6956,SEC_0401,41.33,322.0,2025-02-27 11:24:45
6956,6957,SEC_0399,73.02,4670.0,2025-06-25 13:17:02
6957,6958,SEC_0106,74.99,1694.0,2025-05-14 13:53:41
6958,6959,SEC_0271,79.07,1064.0,2025-05-27 20:56:57
6959,6960,SEC_0463,-24.16,7922.0,2025-05-19 10:19:33
6960,6961,SEC_0319,97.95,3112.0,2025-06-07 23:44:28
6961,6962,SEC_0167,57.39,9669.0,2025-05-25 09:56:30
6962,6963,SEC_0013,55.38,3262.0,2025-05-15 12:55:07
6963,6964,SEC_0337,52.95,3087.0,2025-06-25 22:24:08
6964,6965,SEC_0032,36.73,3812.0,2025-01-04 22:35:21
6965,6966,SEC_0393,60.82,3352.0,2025-05-24 03:50:52
6966,6967,SEC_0040,88.55,7081.0,2025-05-12 00:16:16
6967,6968,SEC_0148,57.18,9151.0,2025-04-10 07:25:03
6968,6969,SEC_0218,39.07,4144.0,2025-03-07 11:30:01
6969,6970,SEC_0219,34.55,6333.0,2025-05-02 19:49:41
6970,6971,SEC_0469,49.99,6448.0,2025-02-21 01:35:35
6971,6972,SEC_0082,43.68,9775.0,2025-05-12 22:50:38
6972,6973,SEC_0333,67.41,7864.0,2025-03-18 08:26:24
6973,6974,SEC_0208,82.36,3177.0,2025-05-14 17:14:38
6974,6975,SEC_0201,62.86,2417.0,2025-02-05 18:54:34
6975,6976,SEC_0447,53.22,7669.0,2025-02-02 03:27:06
6976,6977,SEC_0332,52.47,8652.0,2025-01-18 22:57:41
6977,6978,SEC_0428,55.77,2312.0,2025-04-26 21:25:44
6978,6979,SEC_0038,38.55,1230.0,2025-06-03 00:07:17
6979,6980,SEC_0211,65.41,1531.0,2025-06-08 18:34:05
6980,6981,SEC_0444,39.48,9580.0,2025-01-22 17:43:29
6981,6982,SEC_0327,76.31,2798.0,2025-05-12 04:44:48
6982,6983,SEC_0249,48.96,-1364.0,2025-05-04 11:50:11
6983,6984,SEC_0227,70.05,4503.0,2025-06-08 19:07:17
6984,6985,SEC_0048,35.09,453.0,2025-02-04 08:07:21
6985,6986,SEC_0018,69.9,3905.0,2025-03-06 14:47:21
6986,6987,SEC_0400,82.17,5997.0,2025-01-31 12:04:08
6987,6988,SEC_0439,37.17,578.0,2025-04-14 20:31:32
6988,6989,SEC_0295,52.77,3920.0,2025-01-22 06:21:42
6989,6990,SEC_0196,60.37,7318.0,2025-06-20 03:05:25
6990,6991,SEC_0187,61.26,3265.0,2025-01-13 18:45:09
6991,6992,SEC_0345,49.31,1932.0,2025-04-15 07:07:52
6992,6993,SEC_0224,46.77,4243.0,2025-04-22 04:57:40
6993,6994,SEC_0318,58.91,8182.0,2025-04-02 22:55:45
6994,6995,SEC_0488,60.69,183.0,2025-01-29 17:15:03
6995,6996,SEC_0397,45.23,8428.0,2025-05-18 23:43:58
6996,6997,SEC_0365,42.63,638.0,2025-06-25 18:52:10
6997,6998,SEC_0337,78.52,3006.0,2025-04-10 04:49:33
6998,6999,SEC_0497,56.39,3473.0,2025-06-09 21:50:42
6999,7000,SEC_0229,27.62,525.0,2025-01-11 13:05:18
7000,7001,SEC_0390,78.67,5660.0,2025-03-27 01:44:29
7001,7002,SEC_0467,45.64,2371.0,2025-03-24 01:19:42
7002,7003,SEC_0077,55.7,9477.0,2025-05-02 00:34:53
7003,7004,SEC_0188,61.1,1636.0,2025-01-17 19:24:20
7004,7005,SEC_0346,34.98,9916.0,2025-04-28 00:36:45
7005,7006,SEC_0270,50.07,4433.0,2025-04-19 13:58:08
7006,7007,SEC_0095,81.07,7468.0,2025-04-18 01:11:42
7007,7008,SEC_0310,75.7,4215.0,2025-05-31 01:14:59
7008,7009,SEC_0132,50.04,9774.0,2025-05-26 14:16:24
7009,7010,SEC_0039,67.68,580.0,2025-03-15 17:17:36
7010,7011,SEC_0072,70.4,7851.0,2025-05-15 09:15:35
7011,7012,SEC_0281,69.34,3942.0,2025-03-26 14:31:19
7012,7013,SEC_0333,38.71,,2025-02-02 18:53:12
7013,7014,SEC_0160,89.33,8525.0,2025-06-20 01:25:28
7014,7015,SEC_0187,47.51,-3092.0,2025-05-13 23:49:00
7015,7016,SEC_0486,56.42,4719.0,2025-06-18 13:09:41
7016,7017,SEC_0191,49.14,8850.0,2025-02-02 11:23:56
7017,7018,SEC_0422,58.49,8896.0,2025-04-09 14:50:12
7018,7019,SEC_0120,42.13,5553.0,2025-01-30 00:29:47
7019,7020,SEC_0220,51.03,4979.0,2025-03-09 09:30:03
7020,7021,SEC_0053,57.68,9642.0,2025-06-24 17:10:37
7021,7022,SEC_0222,78.84,1253.0,2025-03-15 10:10:37
7022,7023,SEC_0451,76.03,8716.0,2025-05-14 16:51:50
7023,7024,SEC_0412,77.2,-2423.0,2025-05-19 14:37:44
7024,7025,SEC_0131,70.85,8228.0,2025-01-30 15:30:12
7025,7026,SEC_0237,95.01,8968.0,2025-06-14 05:15:55
7026,7027,SEC_0246,50.05,28.0,2025-01-23 12:25:06
7027,7028,SEC_0226,52.07,7540.0,2025-06-24 19:36:08
7028,7029,SEC_0208,51.43,86.0,2025-03-16 02:34:38
7029,7030,SEC_0406,53.61,6910.0,2025-01-04 08:02:49
7030,7031,SEC_0096,35.49,4282.0,2025-04-12 17:38:04
7031,7032,SEC_0422,59.11,4654.0,2025-05-12 07:29:49
7032,7033,SEC_0200,63.36,8034.0,2025-03-12 22:48:32
7033,7034,SEC_0247,50.54,7665.0,2025-04-30 01:50:33
7034,7035,SEC_0072,32.23,5067.0,2025-05-16 20:13:49
7035,7036,SEC_0318,54.95,257.0,2025-01-11 14:58:50
7036,7037,SEC_0185,37.02,1448.0,2025-01-15 20:57:31
7037,7038,SEC_0006,62.07,5701.0,2025-01-19 11:59:15
7038,7039,SEC_0206,56.59,4600.0,2025-02-08 01:48:38
7039,7040,SEC_0032,58.28,3344.0,2025-02-21 17:22:41
7040,7041,SEC_0099,39.71,694.0,2025-05-28 08:20:14
7041,7042,SEC_0394,79.72,8675.0,2025-02-14 16:19:02
7042,7043,SEC_0387,57.46,3666.0,2025-04-22 06:15:51
7043,7044,SEC_0256,41.5,2675.0,2025-06-09 15:18:51
7044,7045,SEC_0187,64.97,351.0,2025-05-03 21:44:42
7045,7046,SEC_0076,56.22,8841.0,2025-04-08 17:47:51
7046,7047,SEC_0177,94.73,7045.0,2025-02-01 01:25:54
7047,7048,SEC_0315,46.25,8420.0,2025-02-11 21:01:28
7048,7049,SEC_0287,37.55,2064.0,2025-03-14 20:22:17
7049,7050,SEC_0349,59.55,5930.0,2025-05-03 07:51:21
7050,7051,SEC_0255,73.97,8617.0,2025-05-09 23:42:07
7051,7052,SEC_0325,109.61,7414.0,2025-04-17 15:36:09
7052,7053,SEC_0190,152.26,1822.0,2025-04-11 16:34:13
7053,7054,SEC_0308,34.27,4890.0,2025-04-27 19:02:15
7054,7055,SEC_0345,,1586.0,2025-05-08 16:23:15
7055,7056,SEC_0127,37.59,9871.0,2025-05-08 14:06:43
7056,7057,SEC_0425,50.69,4660.0,2025-05-30 17:56:26
7057,7058,SEC_0287,114.8,2281.0,2025-03-08 01:07:31
7058,7059,SEC_0254,42.7,3750.0,2025-03-21 03:43:27
7059,7060,SEC_0213,54.24,2539.0,2025-05-04 16:59:12
7060,7061,SEC_0250,45.87,9209.0,2025-06-01 12:41:41
7061,7062,SEC_0084,40.41,444.0,2025-02-26 04:33:11
7062,7063,SEC_0487,93.49,2068.0,2025-04-21 10:34:37
7063,7064,SEC_0383,34.41,8303.0,2025-06-05 10:46:37
7064,7065,SEC_0406,53.26,2535.0,2025-05-21 19:52:34
7065,7066,SEC_0388,56.06,89.0,2025-04-11 19:12:21
7066,7067,SEC_0013,54.06,3391.0,2025-01-17 19:58:24
7067,7068,SEC_0045,-49.66,5238.0,2025-04-17 22:19:22
7068,7069,SEC_0127,88.62,6578.0,2025-02-12 06:42:28
7069,7070,SEC_0426,28.98,1942.0,2025-04-18 18:09:09
7070,7071,SEC_0114,62.24,3311.0,2025-02-13 13:19:35
7071,7072,SEC_0433,63.07,8264.0,2025-03-10 08:18:14
7072,7073,SEC_0276,59.51,822.0,2025-04-03 20:05:25
7073,7074,SEC_0500,42.55,8073.0,2025-03-14 06:52:33
7074,7075,SEC_0205,78.38,816.0,2025-02-21 03:31:55
7075,7076,SEC_0337,77.21,8596.0,2025-05-20 23:08:55
7076,7077,SEC_0438,42.11,1699.0,2025-01-31 12:56:55
7077,7078,SEC_0420,38.12,7363.0,2025-06-07 13:16:10
7078,7079,SEC_0481,35.97,5692.0,2025-03-11 07:33:08
7079,7080,SEC_0385,58.42,5730.0,2025-06-16 08:45:38
7080,7081,SEC_0399,55.37,1954.0,2025-02-13 02:46:51
7081,7082,SEC_0461,48.99,4964.0,2025-06-14 03:57:46
7082,7083,SEC_0273,101.94,5987.0,2025-05-31 22:06:47
7083,7084,SEC_0408,47.54,7753.0,2025-06-11 08:01:08
7084,7085,SEC_0058,57.76,4992.0,2025-01-06 00:01:22
7085,7086,SEC_0328,51.51,3802.0,2025-03-06 20:27:52
7086,7087,SEC_0498,98.39,8448.0,2025-01-11 07:49:44
7087,7088,SEC_0219,30.06,1932.0,2025-01-03 17:43:07
7088,7089,SEC_0109,49.75,-1112.0,2025-01-24 09:06:54
7089,7090,SEC_0279,65.65,873.0,2025-06-20 18:09:58
7090,7091,SEC_0174,51.07,7955.0,2025-02-22 20:43:24
7091,7092,SEC_0328,36.92,4588.0,2025-02-19 03:50:15
7092,7093,SEC_0264,57.57,6480.0,2025-03-27 22:51:56
7093,7094,SEC_0315,33.57,1562.0,2025-05-11 11:38:28
7094,7095,SEC_0474,66.76,5527.0,2025-04-05 11:27:48
7095,7096,SEC_0111,48.23,4458.0,2025-02-02 08:53:56
7096,7097,SEC_0187,45.86,5561.0,2025-05-27 11:38:38
7097,7098,SEC_0269,74.73,7882.0,2025-05-28 19:21:37
7098,7099,SEC_0423,40.41,9086.0,2025-06-17 18:58:58
7099,7100,SEC_0229,34.37,7716.0,2025-05-25 08:58:15
7100,7101,SEC_0497,41.55,2685.0,2025-06-03 17:50:05
7101,7102,SEC_0156,100.9,9439.0,2025-05-29 00:11:40
7102,7103,SEC_0473,,747.0,2025-05-30 11:51:58
7103,7104,SEC_0189,60.93,5244.0,2025-01-26 09:34:16
7104,7105,SEC_0272,70.32,6827.0,2025-06-19 10:18:14
7105,7106,SEC_0375,41.19,4086.0,2025-01-20 16:32:45
7106,7107,SEC_0002,41.2,6118.0,2025-02-12 21:18:22
7107,7108,SEC_0246,57.63,1007.0,2025-04-05 15:40:21
7108,7109,SEC_0210,58.42,8130.0,2025-06-20 09:05:19
7109,7110,SEC_0401,-81.8,4311.0,2025-02-17 18:00:30
7110,7111,SEC_0286,43.35,9083.0,2025-06-13 09:52:26
7111,7112,SEC_0359,48.76,2877.0,2025-01-29 18:22:21
7112,7113,SEC_0013,127.93,9824.0,2025-02-18 06:12:19
7113,7114,SEC_0096,31.89,2027.0,2025-05-27 16:09:10
7114,7115,SEC_0498,29.98,-5557.0,2025-04-27 00:48:15
7115,7116,SEC_0221,36.06,4108.0,2025-03-19 04:03:47
7116,7117,SEC_0238,75.98,5242.0,2025-01-15 12:24:38
7117,7118,SEC_0094,47.87,5670.0,2025-06-12 01:01:08
7118,7119,SEC_0338,47.87,5400.0,2025-02-01 07:44:01
7119,7120,SEC_0269,40.87,8934.0,2025-06-11 01:45:26
7120,7121,SEC_0171,71.92,3009.0,2025-05-28 03:06:47
7121,7122,SEC_0469,36.22,7496.0,2025-03-25 14:11:53
7122,7123,SEC_0094,45.86,3663.0,2025-04-05 18:31:54
7123,7124,SEC_0149,41.36,5421.0,2025-01-06 01:59:29
7124,7125,SEC_0112,24.49,2912.0,2025-04-28 17:54:13
7125,7126,SEC_0055,47.3,6898.0,2025-04-13 00:40:35
7126,7127,SEC_0337,53.64,5486.0,2025-02-19 20:56:52
7127,7128,SEC_0424,43.26,5839.0,2025-01-10 05:34:56
7128,7129,SEC_0467,50.38,774.0,2025-05-13 08:51:49
7129,7130,SEC_0116,50.77,2145.0,2025-05-04 01:32:43
7130,7131,SEC_0143,52.46,9185.0,2025-06-02 04:34:19
7131,7132,SEC_0201,39.8,5981.0,2025-03-14 20:21:46
7132,7133,SEC_0180,39.12,6398.0,2025-01-06 08:23:41
7133,7134,SEC_0202,55.37,8142.0,2025-01-24 23:37:50
7134,7135,SEC_0364,35.06,3238.0,2025-03-08 14:36:07
7135,7136,SEC_0479,51.2,8196.0,2025-04-11 14:56:16
7136,7137,SEC_0053,89.18,5583.0,2025-02-23 05:31:52
7137,7138,SEC_0471,53.97,6289.0,2025-04-26 22:41:50
7138,7139,SEC_0384,31.56,8357.0,2025-06-04 15:12:17
7139,7140,SEC_0180,57.62,1898.0,2025-06-09 19:06:31
7140,7141,SEC_0414,69.79,5434.0,2025-02-17 12:43:42
7141,7142,SEC_0417,43.01,-2568.0,2025-06-17 16:45:40
7142,7143,SEC_0313,49.91,8131.0,2025-02-26 17:31:43
7143,7144,SEC_0308,41.96,5718.0,2025-02-11 02:46:41
7144,7145,SEC_0137,47.53,6753.0,2025-02-11 19:04:36
7145,7146,SEC_0182,44.72,2560.0,2025-02-14 22:16:15
7146,7147,SEC_0367,62.22,9531.0,2025-04-30 16:08:40
7147,7148,SEC_0001,89.79,4638.0,2025-06-19 18:28:05
7148,7149,SEC_0044,55.54,613.0,2025-04-29 09:51:30
7149,7150,SEC_0227,34.38,7747.0,2025-03-02 07:23:23
7150,7151,SEC_0331,116.61,1885.0,2025-04-29 03:33:11
7151,7152,SEC_0098,65.03,4025.0,2025-02-13 03:22:40
7152,7153,SEC_0208,69.13,3135.0,2025-04-06 09:47:20
7153,7154,SEC_0265,53.56,9248.0,2025-03-07 20:15:04
7154,7155,SEC_0288,58.55,1623.0,2025-05-28 18:38:23
7155,7156,SEC_0271,49.28,3283.0,2025-03-06 02:20:03
7156,7157,SEC_0140,71.6,2611.0,2025-04-07 02:39:08
7157,7158,SEC_0481,47.31,3070.0,2025-03-14 12:44:23
7158,7159,SEC_0237,63.23,6487.0,2025-01-04 20:03:22
7159,7160,SEC_0462,73.03,1256.0,2025-01-29 23:01:17
7160,7161,SEC_0441,79.34,2661.0,2025-03-09 05:54:53
7161,7162,SEC_0392,,9235.0,2025-03-04 09:23:59
7162,7163,SEC_0072,40.16,4453.0,2025-01-10 20:31:38
7163,7164,SEC_0155,87.52,9635.0,2025-05-14 08:45:38
7164,7165,SEC_0190,66.64,7103.0,2025-01-28 17:30:36
7165,7166,SEC_0268,59.84,4177.0,2025-01-16 09:08:05
7166,7167,SEC_0321,61.95,3687.0,2025-05-31 17:30:17
7167,7168,SEC_0107,52.06,5238.0,2025-02-09 02:25:29
7168,7169,SEC_0232,47.47,7662.0,2025-06-14 13:23:51
7169,7170,SEC_0042,48.88,791.0,2025-04-19 01:08:26
7170,7171,SEC_0190,80.35,8417.0,2025-01-10 00:45:12
7171,7172,SEC_0371,55.94,3035.0,2025-01-10 01:19:20
7172,7173,SEC_0139,59.41,226.0,2025-01-06 04:45:07
7173,7174,SEC_0103,55.59,5349.0,2025-01-12 06:32:09
7174,7175,SEC_0171,44.68,6467.0,2025-06-01 15:06:24
7175,7176,SEC_0351,28.67,3180.0,2025-01-05 16:23:18
7176,7177,SEC_0273,68.76,9004.0,2025-03-21 23:24:58
7177,7178,SEC_0481,66.61,4224.0,2025-06-20 21:43:07
7178,7179,SEC_0416,54.41,7521.0,2025-03-15 14:12:25
7179,7180,SEC_0221,39.37,4067.0,2025-06-29 20:46:43
7180,7181,SEC_0213,94.28,4363.0,2025-01-17 00:48:48
7181,7182,SEC_0341,49.29,5024.0,2025-05-29 13:15:46
7182,7183,SEC_0424,58.82,4310.0,2025-02-27 11:29:42
7183,7184,SEC_0407,44.21,247.0,2025-01-24 13:38:34
7184,7185,SEC_0056,36.42,5738.0,2025-05-28 00:13:22
7185,7186,SEC_0390,65.16,1619.0,2025-02-21 19:13:52
7186,7187,SEC_0342,34.8,8613.0,2025-01-13 05:11:18
7187,7188,SEC_0434,58.48,5161.0,2025-06-04 23:26:31
7188,7189,SEC_0102,58.53,1372.0,2025-01-15 05:23:42
7189,7190,SEC_0421,39.02,7729.0,2025-01-31 16:16:20
7190,7191,SEC_0493,37.01,4239.0,2025-02-08 15:21:57
7191,7192,SEC_0192,43.33,2613.0,2025-05-18 16:43:41
7192,7193,SEC_0499,45.23,2081.0,2025-05-02 23:04:50
7193,7194,SEC_0310,34.5,5920.0,2025-01-15 18:16:45
7194,7195,SEC_0200,38.96,4325.0,2025-01-02 11:49:56
7195,7196,SEC_0233,55.86,-7798.0,2025-01-16 13:41:06
7196,7197,SEC_0433,99.18,2736.0,2025-05-01 01:01:32
7197,7198,SEC_0227,73.87,6084.0,2025-02-17 14:18:25
7198,7199,SEC_0371,57.29,7353.0,2025-04-02 16:47:57
7199,7200,SEC_0139,76.59,9022.0,2025-06-14 10:56:22
7200,7201,SEC_0344,77.22,3059.0,2025-01-26 22:25:29
7201,7202,SEC_0305,49.82,9042.0,2025-04-08 17:53:46
7202,7203,SEC_0149,58.99,5335.0,2025-02-11 23:18:14
7203,7204,SEC_0115,73.21,1154.0,2025-04-19 22:06:35
7204,7205,SEC_0450,76.27,4941.0,2025-02-08 10:23:07
7205,7206,SEC_0063,76.49,3080.0,2025-06-16 12:29:52
7206,7207,SEC_0104,40.12,403.0,2025-06-18 13:26:09
7207,7208,SEC_0339,77.67,2976.0,2025-06-22 03:36:01
7208,7209,SEC_0359,95.34,9795.0,2025-04-15 18:26:51
7209,7210,SEC_0156,85.46,7537.0,2025-06-21 19:41:06
7210,7211,SEC_0273,39.42,5920.0,2025-06-27 01:15:02
7211,7212,SEC_0006,36.56,6761.0,2025-01-19 21:31:50
7212,7213,SEC_0147,62.78,981.0,2025-03-07 05:20:06
7213,7214,SEC_0184,84.98,6681.0,2025-03-18 10:43:12
7214,7215,SEC_0486,-58.43,2385.0,2025-06-02 08:04:33
7215,7216,SEC_0028,50.88,8991.0,2025-02-27 08:15:03
7216,7217,SEC_0450,53.14,1367.0,2025-05-10 00:37:44
7217,7218,SEC_0038,74.15,2939.0,2025-06-22 21:46:17
7218,7219,SEC_0119,49.58,1263.0,2025-05-12 01:09:42
7219,7220,SEC_0293,63.07,7660.0,2025-04-26 17:58:52
7220,7221,SEC_0371,52.5,6188.0,2025-03-06 08:06:24
7221,7222,SEC_0244,41.83,8496.0,2025-05-21 19:00:30
7222,7223,SEC_0068,40.85,9886.0,2025-02-27 16:30:06
7223,7224,SEC_0214,63.92,2317.0,2025-06-15 17:21:31
7224,7225,SEC_0218,24.25,7910.0,2025-04-06 03:16:51
7225,7226,SEC_0177,63.04,922.0,2025-01-19 06:04:25
7226,7227,SEC_0299,51.87,7115.0,2025-06-25 06:42:47
7227,7228,SEC_0164,72.52,6575.0,2025-03-03 14:49:03
7228,7229,SEC_0058,-65.39,8613.0,2025-06-10 14:39:41
7229,7230,SEC_0269,55.33,5530.0,2025-03-21 04:51:24
7230,7231,SEC_0308,39.64,3810.0,2025-06-08 21:09:58
7231,7232,SEC_0058,-40.29,1167.0,2025-03-19 10:21:25
7232,7233,SEC_0288,44.99,8732.0,2025-04-08 13:20:08
7233,7234,SEC_0465,70.85,6269.0,2025-02-23 19:01:39
7234,7235,SEC_0105,92.82,5332.0,2025-04-08 08:22:43
7235,7236,SEC_0228,60.28,5030.0,2025-04-24 07:04:45
7236,7237,SEC_0247,45.75,1461.0,2025-06-18 05:55:09
7237,7238,SEC_0188,47.2,4688.0,2025-01-14 14:53:07
7238,7239,SEC_0494,47.86,5358.0,2025-05-26 00:13:22
7239,7240,SEC_0083,74.59,4740.0,2025-01-12 08:43:34
7240,7241,SEC_0186,47.58,328.0,2025-05-11 21:16:28
7241,7242,SEC_0252,53.89,5239.0,2025-01-03 05:43:48
7242,7243,SEC_0355,81.73,8544.0,2025-03-21 11:24:24
7243,7244,SEC_0238,46.05,5133.0,2025-01-28 01:58:12
7244,7245,SEC_0360,64.53,4733.0,2025-02-17 11:15:52
7245,7246,SEC_0184,71.53,3909.0,2025-03-14 11:19:49
7246,7247,SEC_0284,55.65,5292.0,2025-05-30 05:20:42
7247,7248,SEC_0385,98.12,8426.0,2025-03-07 05:17:50
7248,7249,SEC_0426,89.98,3123.0,2025-02-23 07:17:25
7249,7250,SEC_0210,59.08,4877.0,2025-01-04 13:35:50
7250,7251,SEC_0304,42.9,2729.0,2025-03-24 16:51:55
7251,7252,SEC_0296,43.51,9125.0,2025-02-25 11:40:51
7252,7253,SEC_0097,58.19,7996.0,2025-03-17 06:04:51
7253,7254,SEC_0447,39.37,1824.0,2025-01-17 11:33:12
7254,7255,SEC_0460,59.19,3501.0,2025-01-05 19:55:42
7255,7256,SEC_0456,90.6,4074.0,2025-05-25 22:23:50
7256,7257,SEC_0472,55.63,9053.0,2025-01-22 21:51:22
7257,7258,SEC_0208,54.29,1231.0,2025-06-18 19:53:29
7258,7259,SEC_0370,70.52,4396.0,2025-03-05 18:43:01
7259,7260,SEC_0388,63.91,6052.0,2025-05-11 12:23:44
7260,7261,SEC_0422,38.69,1477.0,2025-04-03 16:16:38
7261,7262,SEC_0492,47.63,2024.0,2025-04-25 02:59:49
7262,7263,SEC_0411,96.37,2597.0,2025-01-06 05:20:59
7263,7264,SEC_0137,60.2,7841.0,2025-03-06 22:41:55
7264,7265,SEC_0367,40.37,7122.0,2025-01-19 15:24:12
7265,7266,SEC_0400,51.54,2431.0,2025-05-12 01:39:18
7266,7267,SEC_0184,31.98,7955.0,2025-05-14 19:27:03
7267,7268,SEC_0076,31.27,6944.0,2025-05-31 10:46:00
7268,7269,SEC_0287,-73.31,534.0,2025-02-04 17:24:48
7269,7270,SEC_0472,54.52,1257.0,2025-06-22 13:00:15
7270,7271,SEC_0375,63.79,1658.0,2025-06-07 08:06:58
7271,7272,SEC_0142,77.27,9345.0,2025-05-21 08:05:37
7272,7273,SEC_0237,60.45,1753.0,2025-04-29 18:56:58
7273,7274,SEC_0025,68.03,9876.0,2025-03-03 01:48:26
7274,7275,SEC_0290,58.98,6714.0,2025-06-10 13:35:11
7275,7276,SEC_0067,80.31,2979.0,2025-04-04 12:03:29
7276,7277,SEC_0250,92.95,4333.0,2025-01-29 04:23:22
7277,7278,SEC_0408,57.97,3654.0,2025-04-05 21:36:37
7278,7279,SEC_0118,57.24,3014.0,2025-03-20 14:04:08
7279,7280,SEC_0490,60.1,8893.0,2025-01-17 13:05:37
7280,7281,SEC_0073,52.9,7653.0,2025-02-02 04:56:35
7281,7282,SEC_0282,48.42,7101.0,2025-06-10 19:49:24
7282,7283,SEC_0404,74.78,4867.0,2025-03-31 07:25:40
7283,7284,SEC_0448,48.44,1765.0,2025-05-06 22:45:18
7284,7285,SEC_0360,47.61,1123.0,2025-02-01 00:48:13
7285,7286,SEC_0010,71.49,3831.0,2025-03-17 16:01:04
7286,7287,SEC_0211,73.15,6701.0,2025-04-30 10:51:40
7287,7288,SEC_0323,109.95,2959.0,2025-04-04 15:24:29
7288,7289,SEC_0152,78.72,9615.0,2025-04-22 04:12:04
7289,7290,SEC_0005,69.97,1541.0,2025-01-04 16:50:20
7290,7291,SEC_0195,73.07,8715.0,2025-02-11 05:17:41
7291,7292,SEC_0442,52.23,5468.0,2025-01-19 22:36:31
7292,7293,SEC_0283,64.63,7054.0,2025-06-14 22:41:01
7293,7294,SEC_0464,65.56,5671.0,2025-06-02 00:54:59
7294,7295,SEC_0113,46.4,,2025-06-26 03:37:00
7295,7296,SEC_0271,-53.8,4190.0,2025-03-23 17:12:26
7296,7297,SEC_0163,72.65,2534.0,2025-06-26 17:40:53
7297,7298,SEC_0460,54.3,5270.0,2025-04-30 05:40:24
7298,7299,SEC_0105,65.59,8691.0,2025-04-10 14:40:32
7299,7300,SEC_0181,71.45,2419.0,2025-06-02 19:29:02
7300,7301,SEC_0044,70.46,5077.0,2025-05-20 21:44:53
7301,7302,SEC_0282,91.76,485.0,2025-06-24 00:56:48
7302,7303,SEC_0175,45.86,665.0,2025-05-04 00:30:51
7303,7304,SEC_0162,89.37,3455.0,2025-03-03 15:52:54
7304,7305,SEC_0471,62.95,628.0,2025-05-15 04:22:59
7305,7306,SEC_0351,70.12,9877.0,2025-04-09 21:47:49
7306,7307,SEC_0434,67.29,8924.0,2025-04-27 01:12:15
7307,7308,SEC_0340,66.28,4288.0,2025-06-15 20:20:54
7308,7309,SEC_0140,45.1,9437.0,2025-06-12 00:02:36
7309,7310,SEC_0471,69.35,5167.0,2025-02-21 03:29:30
7310,7311,SEC_0132,35.46,3875.0,2025-06-27 08:36:24
7311,7312,SEC_0087,102.37,9332.0,2025-02-23 00:30:15
7312,7313,SEC_0176,61.22,4541.0,2025-05-02 13:23:10
7313,7314,SEC_0183,77.32,7477.0,2025-01-30 03:33:38
7314,7315,SEC_0368,66.99,708.0,2025-04-03 22:04:16
7315,7316,SEC_0129,55.2,8625.0,2025-02-07 13:47:38
7316,7317,SEC_0246,46.42,8665.0,2025-01-07 07:05:29
7317,7318,SEC_0089,43.86,48.0,2025-04-06 03:59:35
7318,7319,SEC_0066,68.98,1915.0,2025-01-29 23:32:03
7319,7320,SEC_0158,67.9,1106.0,2025-04-04 13:00:38
7320,7321,SEC_0387,64.56,3181.0,2025-01-02 18:51:47
7321,7322,SEC_0378,52.7,8550.0,2025-01-17 09:48:38
7322,7323,SEC_0149,61.8,568.0,2025-04-07 01:08:13
7323,7324,SEC_0473,,8672.0,2025-06-25 17:50:40
7324,7325,SEC_0340,44.51,867.0,2025-01-21 22:54:56
7325,7326,SEC_0433,50.24,1029.0,2025-02-26 20:14:25
7326,7327,SEC_0116,50.91,1814.0,2025-02-23 20:12:14
7327,7328,SEC_0214,84.71,3729.0,2025-02-13 12:04:10
7328,7329,SEC_0469,36.25,5514.0,2025-06-26 03:41:01
7329,7330,SEC_0446,54.06,3527.0,2025-01-23 22:03:05
7330,7331,SEC_0481,66.0,4804.0,2025-05-18 02:38:13
7331,7332,SEC_0372,99.05,6570.0,2025-01-09 06:56:33
7332,7333,SEC_0294,45.5,1051.0,2025-05-06 06:08:32
7333,7334,SEC_0253,39.06,8319.0,2025-04-12 23:49:12
7334,7335,SEC_0143,67.82,6279.0,2025-01-06 06:56:12
7335,7336,SEC_0250,57.37,1653.0,2025-02-10 15:50:55
7336,7337,SEC_0366,51.1,8200.0,2025-02-17 11:04:22
7337,7338,SEC_0436,62.26,4709.0,2025-01-10 12:27:41
7338,7339,SEC_0463,70.71,9477.0,2025-04-03 13:03:17
7339,7340,SEC_0302,68.11,5319.0,2025-01-29 20:45:28
7340,7341,SEC_0025,59.77,5860.0,2025-02-18 16:17:59
7341,7342,SEC_0277,81.05,6616.0,2025-04-04 10:26:27
7342,7343,SEC_0472,57.93,8371.0,2025-01-14 05:58:44
7343,7344,SEC_0377,55.31,6594.0,2025-04-06 06:50:24
7344,7345,SEC_0378,67.64,3596.0,2025-01-16 15:46:37
7345,7346,SEC_0389,37.41,4911.0,2025-03-18 03:56:53
7346,7347,SEC_0070,65.68,3255.0,2025-02-08 00:04:50
7347,7348,SEC_0113,49.85,4454.0,2025-06-28 18:23:22
7348,7349,SEC_0363,36.64,2424.0,2025-06-22 10:26:27
7349,7350,SEC_0112,62.03,8109.0,2025-05-10 15:42:53
7350,7351,SEC_0364,47.59,4798.0,2025-03-31 08:31:44
7351,7352,SEC_0303,33.64,6982.0,2025-06-23 19:59:35
7352,7353,SEC_0471,42.04,9943.0,2025-05-13 01:34:05
7353,7354,SEC_0452,90.64,7938.0,2025-01-15 00:22:33
7354,7355,SEC_0091,46.2,6682.0,2025-03-11 20:57:23
7355,7356,SEC_0018,60.15,4878.0,2025-01-26 10:39:37
7356,7357,SEC_0149,39.44,4178.0,2025-05-09 15:42:06
7357,7358,SEC_0476,102.54,3430.0,2025-06-06 22:33:11
7358,7359,SEC_0227,55.75,185.0,2025-06-13 09:55:54
7359,7360,SEC_0214,44.47,3134.0,2025-03-17 04:11:27
7360,7361,SEC_0360,-71.2,4979.0,2025-03-05 09:36:57
7361,7362,SEC_0151,100.99,8699.0,2025-05-30 20:56:34
7362,7363,SEC_0192,48.3,6138.0,2025-05-26 15:30:22
7363,7364,SEC_0451,44.2,1933.0,2025-02-08 08:37:50
7364,7365,SEC_0040,108.7,6175.0,2025-02-09 23:46:53
7365,7366,SEC_0242,52.63,5413.0,2025-05-03 09:04:38
7366,7367,SEC_0138,50.86,1197.0,2025-02-07 01:36:18
7367,7368,SEC_0345,28.69,5248.0,2025-01-02 20:34:22
7368,7369,SEC_0180,,4182.0,2025-06-17 14:49:09
7369,7370,SEC_0497,36.35,1339.0,2025-04-17 22:22:11
7370,7371,SEC_0200,46.15,6172.0,2025-05-09 17:07:33
7371,7372,SEC_0203,29.84,2621.0,2025-03-07 06:42:14
7372,7373,SEC_0061,79.09,6547.0,2025-03-22 17:30:31
7373,7374,SEC_0192,35.16,8875.0,2025-03-03 19:19:41
7374,7375,SEC_0005,30.5,5932.0,2025-02-18 00:23:17
7375,7376,SEC_0378,41.58,1730.0,2025-02-11 10:59:20
7376,7377,SEC_0237,79.38,9610.0,2025-04-03 19:07:18
7377,7378,SEC_0181,47.77,19.0,2025-03-04 18:27:36
7378,7379,SEC_0311,49.73,5972.0,2025-01-01 05:14:22
7379,7380,SEC_0037,63.03,465.0,2025-05-28 19:43:30
7380,7381,SEC_0056,52.17,8883.0,2025-03-09 16:49:52
7381,7382,SEC_0443,79.15,9203.0,2025-01-11 01:10:50
7382,7383,SEC_0237,50.81,5311.0,2025-04-18 16:32:27
7383,7384,SEC_0358,51.06,8080.0,2025-02-04 22:06:15
7384,7385,SEC_0349,107.69,4021.0,2025-03-17 22:08:32
7385,7386,SEC_0197,55.51,163.0,2025-02-10 23:18:56
7386,7387,SEC_0073,58.51,9828.0,2025-03-29 22:03:41
7387,7388,SEC_0059,51.26,295.0,2025-04-11 04:33:19
7388,7389,SEC_0240,26.35,8771.0,2025-01-15 21:58:23
7389,7390,SEC_0002,70.94,7241.0,2025-01-14 05:32:06
7390,7391,SEC_0449,89.85,6845.0,2025-03-07 07:41:33
7391,7392,SEC_0360,79.58,1586.0,2025-06-15 06:29:30
7392,7393,SEC_0188,46.18,3381.0,2025-03-22 05:35:41
7393,7394,SEC_0307,51.83,5428.0,2025-03-14 01:02:31
7394,7395,SEC_0030,60.63,6813.0,2025-03-12 10:41:22
7395,7396,SEC_0267,59.99,195.0,2025-02-02 03:42:25
7396,7397,SEC_0476,66.97,9034.0,2025-02-17 05:21:26
7397,7398,SEC_0108,58.03,6344.0,2025-01-20 13:43:37
7398,7399,SEC_0332,48.99,2932.0,2025-01-08 11:58:28
7399,7400,SEC_0423,56.89,7042.0,2025-02-05 08:55:28
7400,7401,SEC_0090,73.67,5700.0,2025-03-13 01:20:01
7401,7402,SEC_0205,130.96,-8638.0,2025-05-06 18:50:26
7402,7403,SEC_0379,47.01,8272.0,2025-03-11 01:31:01
7403,7404,SEC_0456,58.43,4841.0,2025-05-21 11:09:49
7404,7405,SEC_0447,48.96,7637.0,2025-04-19 14:48:14
7405,7406,SEC_0448,59.88,1861.0,2025-03-05 16:22:09
7406,7407,SEC_0445,73.16,5562.0,2025-04-01 19:19:48
7407,7408,SEC_0381,-51.29,931.0,2025-03-17 04:36:55
7408,7409,SEC_0438,29.55,1935.0,2025-05-08 01:19:24
7409,7410,SEC_0220,74.33,4368.0,2025-02-06 08:27:32
7410,7411,SEC_0378,56.78,2172.0,2025-04-22 12:57:49
7411,7412,SEC_0094,49.27,-3295.0,2025-01-19 10:11:19
7412,7413,SEC_0457,46.08,4748.0,2025-02-20 10:24:21
7413,7414,SEC_0103,59.94,4393.0,2025-05-16 17:05:26
7414,7415,SEC_0223,44.31,5239.0,2025-04-05 07:25:27
7415,7416,SEC_0186,45.89,2835.0,2025-03-06 00:25:22
7416,7417,SEC_0469,37.54,9847.0,2025-02-23 15:09:00
7417,7418,SEC_0184,44.49,7117.0,2025-01-14 19:55:43
7418,7419,SEC_0495,65.97,2929.0,2025-04-25 05:22:35
7419,7420,SEC_0162,36.08,7426.0,2025-04-23 13:25:49
7420,7421,SEC_0247,77.14,5751.0,2025-05-08 16:24:41
7421,7422,SEC_0031,38.33,6495.0,2025-02-07 00:48:38
7422,7423,SEC_0052,57.11,1673.0,2025-04-24 07:40:56
7423,7424,SEC_0345,63.15,8191.0,2025-06-22 22:13:33
7424,7425,SEC_0076,69.92,7445.0,2025-06-06 08:29:25
7425,7426,SEC_0385,,4351.0,2025-03-06 17:36:32
7426,7427,SEC_0439,53.24,1288.0,2025-06-26 10:24:10
7427,7428,SEC_0278,51.86,6611.0,2025-05-01 02:00:07
7428,7429,SEC_0040,65.3,9251.0,2025-04-27 18:01:41
7429,7430,SEC_0101,59.35,8794.0,2025-02-03 22:09:20
7430,7431,SEC_0111,49.22,6884.0,2025-03-03 05:50:27
7431,7432,SEC_0385,61.03,5188.0,2025-04-18 17:54:13
7432,7433,SEC_0321,51.93,131.0,2025-01-02 15:29:00
7433,7434,SEC_0249,45.6,8045.0,2025-05-18 15:42:38
7434,7435,SEC_0191,48.74,8303.0,2025-02-03 23:54:49
7435,7436,SEC_0490,63.18,2735.0,2025-03-22 13:37:52
7436,7437,SEC_0182,41.33,9023.0,2025-02-08 15:55:21
7437,7438,SEC_0426,76.09,8858.0,2025-06-21 19:21:40
7438,7439,SEC_0405,46.19,1067.0,2025-03-25 06:27:30
7439,7440,SEC_0335,27.72,4971.0,2025-06-01 18:30:30
7440,7441,SEC_0209,64.44,3789.0,2025-05-05 13:56:12
7441,7442,SEC_0022,24.28,1318.0,2025-04-15 18:04:07
7442,7443,SEC_0166,40.3,285.0,2025-04-01 17:38:58
7443,7444,SEC_0099,112.93,6967.0,2025-06-25 14:35:21
7444,7445,SEC_0493,75.04,7795.0,2025-03-02 12:24:50
7445,7446,SEC_0208,73.2,4115.0,2025-06-19 03:10:53
7446,7447,SEC_0008,39.03,48.0,2025-03-26 04:25:38
7447,7448,SEC_0190,51.63,9961.0,2025-02-18 00:34:37
7448,7449,SEC_0175,79.24,6139.0,2025-06-25 20:36:58
7449,7450,SEC_0273,66.15,4862.0,2025-02-24 18:36:21
7450,7451,SEC_0017,76.77,3260.0,2025-05-17 10:37:57
7451,7452,SEC_0090,93.17,7843.0,2025-04-04 19:20:14
7452,7453,SEC_0141,66.56,3416.0,2025-02-19 23:12:34
7453,7454,SEC_0145,37.74,6451.0,2025-04-26 22:32:53
7454,7455,SEC_0166,65.33,8760.0,2025-06-12 02:22:48
7455,7456,SEC_0337,50.87,6165.0,2025-01-27 19:42:02
7456,7457,SEC_0496,37.07,7788.0,2025-01-10 06:35:51
7457,7458,SEC_0078,71.4,4066.0,2025-02-05 08:52:42
7458,7459,SEC_0429,78.31,82.0,2025-01-14 10:54:52
7459,7460,SEC_0262,53.08,3006.0,2025-01-08 17:06:36
7460,7461,SEC_0163,60.11,8409.0,2025-05-06 15:08:38
7461,7462,SEC_0366,-29.32,335.0,2025-06-10 07:55:34
7462,7463,SEC_0014,-76.49,8751.0,2025-01-07 07:28:07
7463,7464,SEC_0239,69.27,9066.0,2025-06-19 01:39:34
7464,7465,SEC_0072,58.85,8945.0,2025-06-22 16:33:32
7465,7466,SEC_0445,37.5,8786.0,2025-03-29 17:28:47
7466,7467,SEC_0143,33.34,7069.0,2025-03-01 00:04:50
7467,7468,SEC_0310,100.28,9871.0,2025-06-20 09:20:07
7468,7469,SEC_0283,40.45,3898.0,2025-06-04 13:55:19
7469,7470,SEC_0269,56.84,7959.0,2025-01-24 12:48:44
7470,7471,SEC_0241,40.83,8102.0,2025-02-04 00:09:04
7471,7472,SEC_0415,27.48,4649.0,2025-06-28 07:48:57
7472,7473,SEC_0245,62.45,9675.0,2025-04-15 22:32:36
7473,7474,SEC_0163,65.44,783.0,2025-03-12 16:58:37
7474,7475,SEC_0060,33.09,3587.0,2025-03-10 03:48:52
7475,7476,SEC_0006,76.13,3795.0,2025-03-26 12:56:53
7476,7477,SEC_0197,46.62,9176.0,2025-04-12 21:17:25
7477,7478,SEC_0470,39.46,5598.0,2025-03-26 16:15:27
7478,7479,SEC_0058,-38.69,7051.0,2025-03-16 16:51:25
7479,7480,SEC_0305,70.91,5052.0,2025-05-06 01:56:59
7480,7481,SEC_0407,30.66,743.0,2025-06-03 18:42:27
7481,7482,SEC_0217,37.61,4545.0,2025-05-01 19:31:33
7482,7483,SEC_0418,62.15,4356.0,2025-04-30 14:03:09
7483,7484,SEC_0026,59.72,3609.0,2025-02-16 20:48:53
7484,7485,SEC_0303,40.18,3272.0,2025-01-20 10:57:36
7485,7486,SEC_0005,80.31,2511.0,2025-02-21 20:39:32
7486,7487,SEC_0474,39.1,8286.0,2025-04-23 20:18:53
7487,7488,SEC_0020,51.29,6056.0,2025-02-01 10:23:24
7488,7489,SEC_0390,49.29,1376.0,2025-02-20 07:54:32
7489,7490,SEC_0198,49.35,9324.0,2025-04-04 03:25:34
7490,7491,SEC_0059,51.49,2517.0,2025-01-26 08:55:36
7491,7492,SEC_0448,51.03,6239.0,2025-06-23 10:37:49
7492,7493,SEC_0242,50.84,91.0,2025-03-05 12:19:58
7493,7494,SEC_0146,51.7,1480.0,2025-02-07 07:11:54
7494,7495,SEC_0388,75.61,955.0,2025-03-29 14:17:12
7495,7496,SEC_0273,50.92,8215.0,2025-01-25 22:17:30
7496,7497,SEC_0249,67.19,9918.0,2025-05-21 03:38:46
7497,7498,SEC_0014,57.09,3306.0,2025-02-27 08:11:50
7498,7499,SEC_0462,60.94,1722.0,2025-01-21 06:38:40
7499,7500,SEC_0013,68.95,9633.0,2025-03-01 19:38:18
7500,7501,SEC_0391,38.78,5453.0,2025-05-21 00:13:46
7501,7502,SEC_0384,65.91,2548.0,2025-02-01 01:14:45
7502,7503,SEC_0044,51.23,4924.0,2025-06-08 18:22:37
7503,7504,SEC_0375,40.92,189.0,2025-04-22 16:57:35
7504,7505,SEC_0399,68.91,460.0,2025-01-28 04:28:30
7505,7506,SEC_0019,48.06,2237.0,2025-04-22 07:43:48
7506,7507,SEC_0063,61.15,4447.0,2025-01-14 18:19:43
7507,7508,SEC_0491,24.2,581.0,2025-01-01 05:11:19
7508,7509,SEC_0239,67.89,2162.0,2025-02-06 00:37:46
7509,7510,SEC_0492,118.75,4716.0,2025-06-27 07:17:23
7510,7511,SEC_0419,54.47,9724.0,2025-02-17 19:35:28
7511,7512,SEC_0337,50.45,9561.0,2025-03-03 17:03:01
7512,7513,SEC_0419,47.54,5898.0,2025-05-22 23:12:57
7513,7514,SEC_0403,64.5,2903.0,2025-04-24 15:46:08
7514,7515,SEC_0404,49.84,8665.0,2025-02-01 00:33:56
7515,7516,SEC_0100,66.31,859.0,2025-02-12 00:25:54
7516,7517,SEC_0163,91.54,2441.0,2025-04-10 21:29:40
7517,7518,SEC_0416,70.27,1713.0,2025-03-03 15:21:25
7518,7519,SEC_0122,51.81,516.0,2025-04-20 21:10:28
7519,7520,SEC_0432,39.07,7356.0,2025-05-12 21:37:52
7520,7521,SEC_0044,48.3,1376.0,2025-01-05 02:23:55
7521,7522,SEC_0360,52.03,6685.0,2025-06-01 22:47:07
7522,7523,SEC_0408,36.76,3670.0,2025-02-04 13:25:26
7523,7524,SEC_0317,75.65,2391.0,2025-03-28 00:31:10
7524,7525,SEC_0381,64.76,3263.0,2025-04-21 23:02:10
7525,7526,SEC_0145,39.86,4639.0,2025-01-07 02:54:44
7526,7527,SEC_0327,32.02,2867.0,2025-05-08 14:57:16
7527,7528,SEC_0363,67.72,7849.0,2025-01-06 19:13:15
7528,7529,SEC_0050,33.35,9252.0,2025-06-23 13:47:42
7529,7530,SEC_0065,55.99,,2025-05-07 23:44:18
7530,7531,SEC_0355,48.29,3496.0,2025-03-12 21:04:12
7531,7532,SEC_0288,69.41,6495.0,2025-02-14 07:25:14
7532,7533,SEC_0164,69.65,188.0,2025-04-23 09:43:01
7533,7534,SEC_0141,42.68,4579.0,2025-06-11 11:53:04
7534,7535,SEC_0454,71.26,8094.0,2025-06-27 00:27:49
7535,7536,SEC_0314,50.06,2715.0,2025-05-06 15:00:28
7536,7537,SEC_0128,54.91,7409.0,2025-01-12 08:33:16
7537,7538,SEC_0398,55.25,296.0,2025-01-10 09:15:56
7538,7539,SEC_0421,107.17,3534.0,2025-04-06 09:21:23
7539,7540,SEC_0368,52.68,4141.0,2025-05-11 20:00:35
7540,7541,SEC_0463,33.06,4043.0,2025-02-19 06:37:24
7541,7542,SEC_0239,44.06,4271.0,2025-05-20 07:22:20
7542,7543,SEC_0324,68.13,3052.0,2025-03-08 21:31:52
7543,7544,SEC_0296,50.14,5466.0,2025-06-09 00:03:28
7544,7545,SEC_0187,54.84,7734.0,2025-02-05 20:13:22
7545,7546,SEC_0208,47.96,9993.0,2025-06-17 07:47:10
7546,7547,SEC_0220,23.45,6006.0,2025-06-15 10:38:50
7547,7548,SEC_0400,43.23,5871.0,2025-03-11 14:50:27
7548,7549,SEC_0190,53.35,3905.0,2025-05-01 07:26:09
7549,7550,SEC_0388,32.11,2262.0,2025-04-19 01:55:36
7550,7551,SEC_0429,38.33,9715.0,2025-04-04 13:43:22
7551,7552,SEC_0346,49.3,1421.0,2025-01-14 19:34:38
7552,7553,SEC_0284,49.43,6694.0,2025-02-24 11:26:14
7553,7554,SEC_0352,61.46,8297.0,2025-03-25 17:33:52
7554,7555,SEC_0237,50.25,,2025-02-04 05:50:32
7555,7556,SEC_0194,60.78,-5519.0,2025-03-16 13:19:33
7556,7557,SEC_0287,44.26,6578.0,2025-01-04 08:21:19
7557,7558,SEC_0259,58.18,6786.0,2025-06-05 11:33:37
7558,7559,SEC_0246,84.89,8885.0,2025-06-11 23:06:40
7559,7560,SEC_0136,59.54,3039.0,2025-05-04 11:11:49
7560,7561,SEC_0280,50.88,194.0,2025-02-02 23:05:45
7561,7562,SEC_0271,41.15,9682.0,2025-05-01 18:36:14
7562,7563,SEC_0171,56.04,59.0,2025-03-25 07:48:53
7563,7564,SEC_0159,51.14,1887.0,2025-02-28 19:51:34
7564,7565,SEC_0201,64.62,4574.0,2025-04-11 06:48:05
7565,7566,SEC_0487,31.61,5223.0,2025-03-02 12:31:03
7566,7567,SEC_0045,51.6,2581.0,2025-03-04 22:01:05
7567,7568,SEC_0450,61.92,4645.0,2025-04-19 16:05:28
7568,7569,SEC_0264,56.76,7624.0,2025-03-06 10:54:16
7569,7570,SEC_0071,49.41,221.0,2025-04-18 17:53:30
7570,7571,SEC_0364,49.21,876.0,2025-02-01 07:50:00
7571,7572,SEC_0371,39.27,1197.0,2025-05-03 15:04:38
7572,7573,SEC_0103,61.17,2710.0,2025-01-16 19:57:19
7573,7574,SEC_0490,62.02,2732.0,2025-06-28 03:21:44
7574,7575,SEC_0125,35.73,336.0,2025-04-25 05:55:46
7575,7576,SEC_0313,68.68,8417.0,2025-06-17 09:10:07
7576,7577,SEC_0464,44.86,7015.0,2025-04-07 14:45:35
7577,7578,SEC_0483,48.77,1248.0,2025-03-08 12:33:05
7578,7579,SEC_0286,95.22,8181.0,2025-05-25 06:48:10
7579,7580,SEC_0458,88.29,3958.0,2025-04-26 17:10:54
7580,7581,SEC_0230,35.38,7112.0,2025-06-02 06:46:39
7581,7582,SEC_0146,37.2,4590.0,2025-03-06 06:14:06
7582,7583,SEC_0370,39.83,1887.0,2025-05-29 15:42:12
7583,7584,SEC_0197,87.87,311.0,2025-01-02 22:15:44
7584,7585,SEC_0373,45.51,1605.0,2025-04-10 15:12:34
7585,7586,SEC_0221,35.08,5660.0,2025-06-10 20:25:25
7586,7587,SEC_0423,79.02,3983.0,2025-03-11 03:49:09
7587,7588,SEC_0060,65.25,8561.0,2025-05-16 21:43:27
7588,7589,SEC_0098,107.26,3547.0,2025-04-15 07:56:34
7589,7590,SEC_0171,65.21,4842.0,2025-01-31 07:39:31
7590,7591,SEC_0382,54.08,6175.0,2025-02-11 16:17:10
7591,7592,SEC_0173,58.9,5352.0,2025-05-10 09:07:01
7592,7593,SEC_0151,47.66,-8018.0,2025-01-03 16:07:56
7593,7594,SEC_0453,80.77,998.0,2025-06-23 12:56:42
7594,7595,SEC_0350,82.06,497.0,2025-06-13 02:26:05
7595,7596,SEC_0390,33.96,5686.0,2025-03-17 14:03:09
7596,7597,SEC_0440,72.44,964.0,2025-01-11 14:27:29
7597,7598,SEC_0122,39.59,1199.0,2025-05-27 22:33:28
7598,7599,SEC_0494,112.63,5911.0,2025-03-12 05:57:01
7599,7600,SEC_0108,86.07,5485.0,2025-05-03 01:07:27
7600,7601,SEC_0004,38.81,577.0,2025-01-30 18:36:53
7601,7602,SEC_0093,58.66,3161.0,2025-02-21 06:01:37
7602,7603,SEC_0407,73.55,54.0,2025-02-11 11:02:14
7603,7604,SEC_0006,45.28,229.0,2025-03-23 03:22:18
7604,7605,SEC_0288,36.24,8971.0,2025-06-03 06:02:18
7605,7606,SEC_0106,56.29,985.0,2025-03-28 04:48:57
7606,7607,SEC_0146,52.05,8661.0,2025-04-14 18:40:09
7607,7608,SEC_0271,41.5,2468.0,2025-01-02 07:45:07
7608,7609,SEC_0424,79.11,532.0,2025-06-10 03:07:28
7609,7610,SEC_0378,37.09,8029.0,2025-02-18 08:46:01
7610,7611,SEC_0096,52.86,562.0,2025-06-07 08:22:32
7611,7612,SEC_0457,57.66,90.0,2025-01-23 07:50:21
7612,7613,SEC_0229,59.9,5736.0,2025-04-06 07:53:16
7613,7614,SEC_0202,76.65,9599.0,2025-06-13 03:16:58
7614,7615,SEC_0212,50.8,3146.0,2025-06-28 20:16:23
7615,7616,SEC_0006,25.0,1293.0,2025-01-25 11:27:00
7616,7617,SEC_0112,48.62,4111.0,2025-05-20 00:20:50
7617,7618,SEC_0376,67.88,7497.0,2025-05-05 02:11:15
7618,7619,SEC_0379,52.29,7560.0,2025-05-27 05:38:42
7619,7620,SEC_0447,52.4,3782.0,2025-05-19 06:44:57
7620,7621,SEC_0323,63.93,4068.0,2025-02-16 03:35:19
7621,7622,SEC_0106,66.51,3506.0,2025-05-13 02:22:23
7622,7623,SEC_0139,31.95,2392.0,2025-02-13 20:25:16
7623,7624,SEC_0299,54.29,1219.0,2025-03-21 02:21:46
7624,7625,SEC_0401,-51.49,5156.0,2025-03-19 12:26:31
7625,7626,SEC_0096,55.84,2253.0,2025-03-31 17:54:08
7626,7627,SEC_0388,30.24,3892.0,2025-04-22 15:52:30
7627,7628,SEC_0447,81.2,9867.0,2025-05-24 05:36:56
7628,7629,SEC_0452,54.71,776.0,2025-03-21 23:29:14
7629,7630,SEC_0337,62.02,5230.0,2025-01-31 02:13:45
7630,7631,SEC_0297,,8417.0,2025-02-07 01:39:14
7631,7632,SEC_0467,62.2,7554.0,2025-04-08 16:26:24
7632,7633,SEC_0389,34.4,64.0,2025-01-25 10:28:28
7633,7634,SEC_0416,53.2,1788.0,2025-03-12 06:45:51
7634,7635,SEC_0214,66.85,7092.0,2025-02-06 14:19:27
7635,7636,SEC_0454,55.53,5057.0,2025-01-11 16:49:53
7636,7637,SEC_0291,91.11,8070.0,2025-03-14 23:14:30
7637,7638,SEC_0022,42.23,9568.0,2025-04-29 21:48:41
7638,7639,SEC_0193,79.32,3916.0,2025-03-13 23:56:35
7639,7640,SEC_0468,70.23,93.0,2025-02-11 23:43:18
7640,7641,SEC_0150,56.07,1678.0,2025-04-28 21:09:06
7641,7642,SEC_0368,60.3,5509.0,2025-02-27 17:10:53
7642,7643,SEC_0247,40.72,5731.0,2025-05-02 12:58:30
7643,7644,SEC_0267,49.79,3865.0,2025-03-07 07:10:38
7644,7645,SEC_0461,64.92,4937.0,2025-05-08 02:25:33
7645,7646,SEC_0251,52.21,1402.0,2025-04-12 10:59:48
7646,7647,SEC_0490,55.59,1607.0,2025-02-23 21:01:35
7647,7648,SEC_0003,73.53,898.0,2025-04-10 13:52:31
7648,7649,SEC_0393,30.81,-4588.0,2025-01-17 02:21:57
7649,7650,SEC_0316,61.0,3714.0,2025-02-22 19:46:42
7650,7651,SEC_0076,93.03,3132.0,2025-05-25 06:06:23
7651,7652,SEC_0087,48.76,1533.0,2025-01-04 06:03:55
7652,7653,SEC_0270,37.59,6536.0,2025-02-27 23:26:59
7653,7654,SEC_0225,48.58,7287.0,2025-02-03 17:38:39
7654,7655,SEC_0018,34.64,1799.0,2025-03-25 00:29:41
7655,7656,SEC_0113,58.42,8163.0,2025-03-25 13:44:02
7656,7657,SEC_0251,53.4,1352.0,2025-01-28 10:54:54
7657,7658,SEC_0233,60.08,,2025-04-24 08:31:43
7658,7659,SEC_0329,52.49,6859.0,2025-04-17 08:33:58
7659,7660,SEC_0279,57.9,9856.0,2025-02-01 14:00:18
7660,7661,SEC_0202,,599.0,2025-06-03 20:42:54
7661,7662,SEC_0083,38.12,2045.0,2025-04-14 12:43:20
7662,7663,SEC_0125,60.57,259.0,2025-02-27 17:38:59
7663,7664,SEC_0175,84.31,4572.0,2025-03-25 15:46:09
7664,7665,SEC_0069,40.91,8004.0,2025-03-09 04:43:49
7665,7666,SEC_0047,59.89,6969.0,2025-01-15 00:00:13
7666,7667,SEC_0372,80.51,6177.0,2025-04-25 01:16:24
7667,7668,SEC_0256,38.61,-7043.0,2025-04-29 16:02:36
7668,7669,SEC_0215,69.36,8580.0,2025-03-06 12:42:01
7669,7670,SEC_0030,51.08,798.0,2025-02-02 03:08:01
7670,7671,SEC_0281,73.95,5714.0,2025-05-10 17:57:02
7671,7672,SEC_0412,42.63,7312.0,2025-06-08 08:14:59
7672,7673,SEC_0482,54.45,-4021.0,2025-05-15 17:59:00
7673,7674,SEC_0237,34.62,,2025-01-06 23:26:48
7674,7675,SEC_0248,62.25,-3955.0,2025-05-16 07:57:42
7675,7676,SEC_0368,62.47,9820.0,2025-05-27 19:04:20
7676,7677,SEC_0495,64.22,4313.0,2025-01-29 12:41:09
7677,7678,SEC_0025,63.27,8981.0,2025-03-31 19:40:08
7678,7679,SEC_0074,53.13,5640.0,2025-06-17 00:22:06
7679,7680,SEC_0206,35.05,-6180.0,2025-01-28 19:38:27
7680,7681,SEC_0490,-73.52,6780.0,2025-04-29 08:19:09
7681,7682,SEC_0494,53.97,2057.0,2025-04-14 23:33:48
7682,7683,SEC_0314,61.44,9256.0,2025-03-29 11:23:13
7683,7684,SEC_0094,51.65,7103.0,2025-01-24 05:54:23
7684,7685,SEC_0375,98.26,6645.0,2025-03-20 17:16:20
7685,7686,SEC_0127,46.05,5786.0,2025-01-15 18:30:53
7686,7687,SEC_0425,45.52,1448.0,2025-01-22 07:29:26
7687,7688,SEC_0025,34.18,515.0,2025-04-30 17:16:46
7688,7689,SEC_0334,56.48,1914.0,2025-01-04 15:55:39
7689,7690,SEC_0355,95.35,1952.0,2025-01-27 03:50:59
7690,7691,SEC_0116,56.69,5571.0,2025-02-08 07:47:39
7691,7692,SEC_0048,58.45,8966.0,2025-06-19 20:00:00
7692,7693,SEC_0226,73.11,329.0,2025-05-16 11:51:35
7693,7694,SEC_0266,57.32,8986.0,2025-06-22 13:57:08
7694,7695,SEC_0099,78.24,9154.0,2025-01-05 18:49:13
7695,7696,SEC_0459,81.8,6514.0,2025-01-20 15:50:38
7696,7697,SEC_0011,45.7,5974.0,2025-03-11 05:10:57
7697,7698,SEC_0085,35.55,1411.0,2025-04-06 03:02:03
7698,7699,SEC_0405,67.15,7715.0,2025-02-23 13:59:37
7699,7700,SEC_0214,60.15,1138.0,2025-05-08 05:16:27
7700,7701,SEC_0173,39.89,4667.0,2025-01-11 23:06:33
7701,7702,SEC_0391,44.55,5158.0,2025-01-01 20:26:28
7702,7703,SEC_0209,44.51,1569.0,2025-06-14 20:18:34
7703,7704,SEC_0448,57.07,4473.0,2025-01-03 19:43:15
7704,7705,SEC_0382,73.64,7567.0,2025-05-05 04:40:56
7705,7706,SEC_0064,74.89,3275.0,2025-01-24 05:25:59
7706,7707,SEC_0258,69.22,3274.0,2025-02-13 13:47:42
7707,7708,SEC_0332,50.02,6244.0,2025-01-07 17:35:16
7708,7709,SEC_0121,106.28,3470.0,2025-03-01 13:24:13
7709,7710,SEC_0298,55.15,5933.0,2025-02-09 22:45:43
7710,7711,SEC_0466,48.59,6565.0,2025-02-28 04:33:59
7711,7712,SEC_0054,36.24,-5363.0,2025-01-12 04:39:34
7712,7713,SEC_0331,49.19,4637.0,2025-03-17 23:41:55
7713,7714,SEC_0272,62.28,5347.0,2025-05-25 08:54:10
7714,7715,SEC_0241,33.92,1237.0,2025-04-02 11:48:23
7715,7716,SEC_0243,41.01,4209.0,2025-06-10 01:11:19
7716,7717,SEC_0018,47.46,4469.0,2025-04-12 04:57:29
7717,7718,SEC_0483,43.27,2347.0,2025-05-26 06:48:52
7718,7719,SEC_0187,42.21,1043.0,2025-06-17 02:53:56
7719,7720,SEC_0346,76.51,4767.0,2025-06-27 22:00:19
7720,7721,SEC_0144,33.27,,2025-01-10 19:01:27
7721,7722,SEC_0262,57.55,8200.0,2025-01-10 03:08:49
7722,7723,SEC_0441,63.8,7321.0,2025-03-14 23:23:38
7723,7724,SEC_0364,47.22,3732.0,2025-04-30 12:09:59
7724,7725,SEC_0491,51.0,9766.0,2025-02-10 12:50:49
7725,7726,SEC_0431,53.94,7303.0,2025-01-20 19:44:53
7726,7727,SEC_0239,66.04,5493.0,2025-05-17 04:14:07
7727,7728,SEC_0304,86.42,461.0,2025-04-22 18:20:51
7728,7729,SEC_0298,37.14,2303.0,2025-04-17 07:07:38
7729,7730,SEC_0076,41.48,2634.0,2025-05-16 08:31:25
7730,7731,SEC_0188,42.11,9544.0,2025-03-04 17:00:29
7731,7732,SEC_0333,54.39,362.0,2025-05-13 22:25:33
7732,7733,SEC_0388,-48.43,5494.0,2025-02-23 15:59:30
7733,7734,SEC_0487,66.68,7147.0,2025-01-18 15:44:41
7734,7735,SEC_0246,44.84,788.0,2025-03-22 19:16:28
7735,7736,SEC_0130,41.83,209.0,2025-06-15 02:43:01
7736,7737,SEC_0474,43.43,8459.0,2025-05-15 03:53:20
7737,7738,SEC_0315,56.53,5093.0,2025-01-11 13:26:08
7738,7739,SEC_0411,72.91,554.0,2025-05-31 05:38:18
7739,7740,SEC_0283,-53.88,8026.0,2025-01-18 09:00:41
7740,7741,SEC_0079,46.18,9780.0,2025-04-06 03:14:26
7741,7742,SEC_0072,-40.07,-4517.0,2025-04-04 11:48:33
7742,7743,SEC_0263,84.65,6452.0,2025-03-31 23:33:15
7743,7744,SEC_0191,32.19,9311.0,2025-01-19 17:23:28
7744,7745,SEC_0367,51.63,1514.0,2025-05-11 18:01:46
7745,7746,SEC_0375,68.16,7426.0,2025-05-02 22:24:14
7746,7747,SEC_0430,51.42,5352.0,2025-02-26 12:12:55
7747,7748,SEC_0063,46.07,6750.0,2025-06-07 12:51:55
7748,7749,SEC_0488,64.12,7006.0,2025-05-11 11:13:32
7749,7750,SEC_0380,39.33,8413.0,2025-03-08 00:57:52
7750,7751,SEC_0012,32.39,2345.0,2025-01-04 11:51:53
7751,7752,SEC_0141,60.7,-7155.0,2025-03-06 10:22:53
7752,7753,SEC_0254,40.51,1972.0,2025-03-10 04:47:51
7753,7754,SEC_0043,56.8,,2025-03-18 18:03:48
7754,7755,SEC_0017,52.62,5325.0,2025-06-07 23:10:59
7755,7756,SEC_0063,59.05,9084.0,2025-03-23 17:07:03
7756,7757,SEC_0253,51.0,5670.0,2025-01-29 00:21:18
7757,7758,SEC_0465,64.42,5162.0,2025-05-16 21:42:47
7758,7759,SEC_0376,44.21,1206.0,2025-02-23 11:23:54
7759,7760,SEC_0292,69.02,9411.0,2025-01-10 10:54:21
7760,7761,SEC_0469,37.89,1856.0,2025-01-30 14:07:43
7761,7762,SEC_0008,77.62,2000.0,2025-01-19 05:25:03
7762,7763,SEC_0325,101.04,2436.0,2025-06-22 21:14:10
7763,7764,SEC_0090,56.4,6781.0,2025-02-08 16:55:07
7764,7765,SEC_0208,87.42,3099.0,2025-04-12 14:45:11
7765,7766,SEC_0292,94.49,3387.0,2025-05-08 17:16:28
7766,7767,SEC_0284,49.59,5441.0,2025-06-04 19:50:20
7767,7768,SEC_0118,55.39,6437.0,2025-06-18 03:00:51
7768,7769,SEC_0349,42.77,1778.0,2025-06-14 19:29:24
7769,7770,SEC_0175,43.6,7404.0,2025-05-26 12:34:45
7770,7771,SEC_0076,58.55,6859.0,2025-04-09 19:16:20
7771,7772,SEC_0101,33.42,2940.0,2025-05-13 16:37:19
7772,7773,SEC_0414,70.14,839.0,2025-03-31 23:50:28
7773,7774,SEC_0151,57.41,5726.0,2025-02-13 05:50:12
7774,7775,SEC_0400,66.98,4760.0,2025-06-15 04:58:00
7775,7776,SEC_0270,51.7,4861.0,2025-05-06 10:39:05
7776,7777,SEC_0458,66.8,3139.0,2025-06-26 17:44:25
7777,7778,SEC_0071,58.81,176.0,2025-05-19 04:23:46
7778,7779,SEC_0493,63.57,4606.0,2025-06-03 05:20:31
7779,7780,SEC_0180,71.56,3163.0,2025-03-14 09:34:09
7780,7781,SEC_0124,37.36,2753.0,2025-03-07 10:00:25
7781,7782,SEC_0381,44.22,9382.0,2025-04-08 01:41:53
7782,7783,SEC_0293,109.34,838.0,2025-03-20 19:20:15
7783,7784,SEC_0285,58.1,7846.0,2025-01-05 23:29:18
7784,7785,SEC_0195,32.62,2734.0,2025-03-31 12:44:07
7785,7786,SEC_0399,32.68,-7689.0,2025-03-11 08:08:36
7786,7787,SEC_0228,53.38,5207.0,2025-01-03 23:13:02
7787,7788,SEC_0431,46.67,2654.0,2025-02-06 13:25:08
7788,7789,SEC_0430,-42.87,6141.0,2025-05-13 11:31:01
7789,7790,SEC_0436,93.5,7220.0,2025-01-30 07:48:47
7790,7791,SEC_0275,48.88,3350.0,2025-03-18 21:48:56
7791,7792,SEC_0461,69.85,3311.0,2025-04-13 04:10:30
7792,7793,SEC_0106,58.85,4681.0,2025-01-20 19:03:32
7793,7794,SEC_0021,49.98,2387.0,2025-03-21 02:21:56
7794,7795,SEC_0064,38.76,5192.0,2025-02-15 00:29:45
7795,7796,SEC_0165,68.77,374.0,2025-03-01 01:08:56
7796,7797,SEC_0027,27.02,4676.0,2025-01-25 08:48:40
7797,7798,SEC_0311,70.9,1262.0,2025-04-28 23:01:53
7798,7799,SEC_0500,57.13,7634.0,2025-06-23 05:32:54
7799,7800,SEC_0285,65.73,8313.0,2025-05-11 10:32:57
7800,7801,SEC_0148,54.73,5533.0,2025-04-27 20:50:59
7801,7802,SEC_0281,37.7,5843.0,2025-06-27 22:40:33
7802,7803,SEC_0326,61.59,3846.0,2025-01-04 00:38:16
7803,7804,SEC_0319,70.43,2885.0,2025-02-13 16:44:15
7804,7805,SEC_0164,47.29,4139.0,2025-03-02 15:11:58
7805,7806,SEC_0386,66.5,5624.0,2025-01-18 15:12:05
7806,7807,SEC_0406,59.68,2120.0,2025-04-19 01:05:23
7807,7808,SEC_0224,62.5,7717.0,2025-02-10 09:49:06
7808,7809,SEC_0272,42.19,491.0,2025-01-31 09:18:07
7809,7810,SEC_0146,-80.21,3046.0,2025-05-29 20:39:31
7810,7811,SEC_0453,59.67,383.0,2025-01-27 14:10:39
7811,7812,SEC_0438,70.07,805.0,2025-04-15 22:31:45
7812,7813,SEC_0356,48.6,5586.0,2025-03-29 10:55:00
7813,7814,SEC_0030,73.31,9370.0,2025-06-09 10:31:27
7814,7815,SEC_0045,48.11,2218.0,2025-02-19 07:01:09
7815,7816,SEC_0275,41.78,9488.0,2025-05-19 15:46:13
7816,7817,SEC_0471,92.9,9110.0,2025-02-03 22:46:16
7817,7818,SEC_0034,26.79,7278.0,2025-06-17 17:56:29
7818,7819,SEC_0141,133.88,6595.0,2025-03-20 12:29:39
7819,7820,SEC_0427,67.39,6787.0,2025-01-17 14:17:20
7820,7821,SEC_0318,49.68,6167.0,2025-04-18 07:17:37
7821,7822,SEC_0374,60.21,2415.0,2025-01-05 00:30:55
7822,7823,SEC_0221,-67.4,651.0,2025-05-23 18:33:24
7823,7824,SEC_0356,49.42,8170.0,2025-02-19 12:52:25
7824,7825,SEC_0022,100.54,4916.0,2025-03-04 17:17:10
7825,7826,SEC_0180,85.0,3199.0,2025-01-06 00:12:39
7826,7827,SEC_0436,-123.72,942.0,2025-01-17 16:23:14
7827,7828,SEC_0367,37.85,8733.0,2025-06-27 00:10:32
7828,7829,SEC_0420,58.24,5806.0,2025-05-25 07:16:33
7829,7830,SEC_0329,36.01,3728.0,2025-04-28 11:19:31
7830,7831,SEC_0231,39.35,2530.0,2025-04-13 12:12:35
7831,7832,SEC_0499,49.51,1203.0,2025-05-31 18:39:27
7832,7833,SEC_0403,49.78,4965.0,2025-03-08 00:58:22
7833,7834,SEC_0038,61.01,651.0,2025-02-11 19:34:29
7834,7835,SEC_0070,52.82,3007.0,2025-05-25 00:26:01
7835,7836,SEC_0116,69.41,2905.0,2025-02-27 00:35:17
7836,7837,SEC_0239,60.08,8506.0,2025-06-05 22:10:42
7837,7838,SEC_0335,89.5,4115.0,2025-05-16 09:42:00
7838,7839,SEC_0441,70.01,9376.0,2025-02-11 05:07:54
7839,7840,SEC_0148,38.33,122.0,2025-03-18 10:13:24
7840,7841,SEC_0009,52.27,6604.0,2025-02-03 09:54:06
7841,7842,SEC_0288,53.34,8361.0,2025-01-22 08:50:21
7842,7843,SEC_0388,62.3,3683.0,2025-05-02 15:24:49
7843,7844,SEC_0050,75.38,4725.0,2025-04-01 06:28:02
7844,7845,SEC_0338,59.43,4122.0,2025-04-30 00:43:42
7845,7846,SEC_0005,64.94,6865.0,2025-06-29 04:50:20
7846,7847,SEC_0404,38.85,7395.0,2025-03-18 01:28:18
7847,7848,SEC_0343,47.57,1730.0,2025-05-30 13:20:04
7848,7849,SEC_0126,30.76,5953.0,2025-05-17 11:08:30
7849,7850,SEC_0075,62.34,5130.0,2025-01-09 06:39:31
7850,7851,SEC_0165,70.28,1119.0,2025-05-07 11:46:43
7851,7852,SEC_0278,36.76,2169.0,2025-04-19 03:06:25
7852,7853,SEC_0442,57.26,7669.0,2025-02-13 04:55:19
7853,7854,SEC_0324,52.95,1051.0,2025-03-15 14:49:54
7854,7855,SEC_0477,90.61,8897.0,2025-04-08 08:34:27
7855,7856,SEC_0300,41.75,6641.0,2025-03-04 16:23:49
7856,7857,SEC_0290,71.91,2900.0,2025-01-05 19:35:04
7857,7858,SEC_0077,76.93,3208.0,2025-01-08 21:55:58
7858,7859,SEC_0298,51.5,8899.0,2025-03-23 21:38:05
7859,7860,SEC_0137,59.61,7675.0,2025-06-15 11:34:03
7860,7861,SEC_0106,75.43,3833.0,2025-04-15 03:53:39
7861,7862,SEC_0095,39.26,2009.0,2025-02-22 13:08:18
7862,7863,SEC_0135,48.03,4722.0,2025-01-01 21:25:56
7863,7864,SEC_0068,57.74,9790.0,2025-04-27 02:56:24
7864,7865,SEC_0147,101.41,1067.0,2025-06-02 01:00:32
7865,7866,SEC_0490,48.43,8288.0,2025-06-24 14:42:44
7866,7867,SEC_0478,50.37,1919.0,2025-03-05 16:03:06
7867,7868,SEC_0159,86.85,9458.0,2025-04-09 07:25:40
7868,7869,SEC_0384,66.61,8432.0,2025-03-15 13:01:26
7869,7870,SEC_0163,105.08,1328.0,2025-01-11 06:47:34
7870,7871,SEC_0441,75.79,6211.0,2025-01-02 06:59:18
7871,7872,SEC_0341,52.26,7449.0,2025-03-02 09:13:20
7872,7873,SEC_0189,50.08,7360.0,2025-02-27 06:53:12
7873,7874,SEC_0415,42.63,1143.0,2025-01-05 22:49:50
7874,7875,SEC_0339,36.91,3224.0,2025-03-20 01:59:34
7875,7876,SEC_0095,60.48,3849.0,2025-04-22 19:17:02
7876,7877,SEC_0181,65.9,1416.0,2025-01-15 09:46:27
7877,7878,SEC_0288,68.32,6375.0,2025-04-08 19:51:31
7878,7879,SEC_0322,52.61,761.0,2025-03-15 16:12:17
7879,7880,SEC_0187,97.42,3643.0,2025-06-19 13:30:29
7880,7881,SEC_0372,36.32,1553.0,2025-03-19 18:13:00
7881,7882,SEC_0138,35.11,863.0,2025-01-20 19:28:43
7882,7883,SEC_0130,42.7,9348.0,2025-02-26 22:25:45
7883,7884,SEC_0194,54.7,8549.0,2025-05-24 15:09:06
7884,7885,SEC_0316,39.29,9864.0,2025-06-24 18:59:58
7885,7886,SEC_0472,81.78,7210.0,2025-02-11 14:02:24
7886,7887,SEC_0273,43.74,1329.0,2025-05-06 21:10:12
7887,7888,SEC_0352,41.46,1030.0,2025-03-28 13:38:45
7888,7889,SEC_0144,74.93,2377.0,2025-03-20 06:18:02
7889,7890,SEC_0016,-58.1,3242.0,2025-01-21 01:48:52
7890,7891,SEC_0302,69.09,3141.0,2025-01-24 09:08:04
7891,7892,SEC_0423,53.82,882.0,2025-04-10 06:01:31
7892,7893,SEC_0245,59.24,8731.0,2025-03-11 06:30:17
7893,7894,SEC_0415,-35.51,3558.0,2025-06-05 11:04:44
7894,7895,SEC_0107,52.23,7064.0,2025-03-20 16:09:33
7895,7896,SEC_0088,39.87,2197.0,2025-03-26 06:50:34
7896,7897,SEC_0129,98.13,1951.0,2025-03-23 17:35:41
7897,7898,SEC_0395,80.47,-9803.0,2025-04-28 11:17:11
7898,7899,SEC_0375,44.87,5938.0,2025-06-29 03:41:01
7899,7900,SEC_0341,51.3,3164.0,2025-06-15 04:47:25
7900,7901,SEC_0004,52.03,4464.0,2025-03-14 04:25:18
7901,7902,SEC_0327,104.19,4008.0,2025-06-03 16:22:07
7902,7903,SEC_0410,61.49,4676.0,2025-04-04 06:45:29
7903,7904,SEC_0367,48.02,4752.0,2025-02-11 03:25:19
7904,7905,SEC_0306,57.05,6220.0,2025-01-24 12:53:20
7905,7906,SEC_0396,34.43,8419.0,2025-06-27 05:52:23
7906,7907,SEC_0095,53.4,7531.0,2025-05-23 05:37:32
7907,7908,SEC_0209,39.48,7736.0,2025-01-16 14:39:02
7908,7909,SEC_0225,31.37,8784.0,2025-05-13 17:52:30
7909,7910,SEC_0459,99.08,-2076.0,2025-03-21 15:43:12
7910,7911,SEC_0348,54.16,7773.0,2025-03-03 02:41:33
7911,7912,SEC_0480,43.32,9561.0,2025-01-16 20:22:48
7912,7913,SEC_0321,32.81,2023.0,2025-06-10 22:19:07
7913,7914,SEC_0047,51.09,2079.0,2025-04-26 16:15:31
7914,7915,SEC_0476,52.21,7395.0,2025-01-30 21:08:12
7915,7916,SEC_0181,68.68,7014.0,2025-03-23 01:28:38
7916,7917,SEC_0106,41.01,3322.0,2025-02-11 21:37:38
7917,7918,SEC_0199,46.52,6012.0,2025-02-06 14:02:31
7918,7919,SEC_0386,41.37,2437.0,2025-05-19 20:19:25
7919,7920,SEC_0106,51.14,7088.0,2025-06-06 21:15:29
7920,7921,SEC_0280,30.03,9997.0,2025-05-25 06:54:41
7921,7922,SEC_0260,42.89,3360.0,2025-03-30 14:50:31
7922,7923,SEC_0108,65.95,1731.0,2025-06-04 16:07:57
7923,7924,SEC_0019,37.8,3663.0,2025-04-22 08:29:43
7924,7925,SEC_0410,73.69,5111.0,2025-06-26 02:35:43
7925,7926,SEC_0459,70.95,6619.0,2025-02-07 10:24:00
7926,7927,SEC_0296,72.76,6900.0,2025-01-07 07:23:17
7927,7928,SEC_0306,54.52,1030.0,2025-04-19 02:25:44
7928,7929,SEC_0171,53.07,412.0,2025-02-20 11:57:12
7929,7930,SEC_0331,60.09,1982.0,2025-03-26 17:57:53
7930,7931,SEC_0493,81.13,8854.0,2025-05-20 16:51:19
7931,7932,SEC_0195,78.95,9540.0,2025-05-02 12:21:11
7932,7933,SEC_0012,33.16,3471.0,2025-01-28 07:10:11
7933,7934,SEC_0195,42.0,1306.0,2025-02-23 09:36:29
7934,7935,SEC_0490,39.8,4681.0,2025-01-02 17:37:30
7935,7936,SEC_0283,67.9,4596.0,2025-06-02 23:02:33
7936,7937,SEC_0369,44.53,816.0,2025-05-01 21:21:26
7937,7938,SEC_0182,51.37,9669.0,2025-02-19 14:50:08
7938,7939,SEC_0450,91.14,5613.0,2025-04-23 05:06:18
7939,7940,SEC_0305,76.42,2038.0,2025-06-09 03:11:36
7940,7941,SEC_0144,82.51,9523.0,2025-06-23 11:30:26
7941,7942,SEC_0386,44.03,4876.0,2025-04-25 23:52:42
7942,7943,SEC_0316,23.77,7087.0,2025-02-11 17:14:43
7943,7944,SEC_0182,48.49,1150.0,2025-06-22 03:36:36
7944,7945,SEC_0030,-35.45,6409.0,2025-04-08 12:55:16
7945,7946,SEC_0084,30.47,-7.0,2025-04-24 11:48:00
7946,7947,SEC_0166,-76.6,1437.0,2025-02-17 17:01:37
7947,7948,SEC_0284,41.78,3251.0,2025-02-07 16:12:52
7948,7949,SEC_0281,42.86,7664.0,2025-01-26 13:11:45
7949,7950,SEC_0096,48.92,695.0,2025-04-13 22:45:36
7950,7951,SEC_0381,89.47,-5088.0,2025-05-31 18:40:57
7951,7952,SEC_0266,52.01,3300.0,2025-06-21 21:59:30
7952,7953,SEC_0444,72.64,4844.0,2025-01-10 23:14:50
7953,7954,SEC_0298,49.67,7738.0,2025-04-14 01:46:24
7954,7955,SEC_0296,33.98,-4953.0,2025-01-04 08:02:01
7955,7956,SEC_0225,38.21,5048.0,2025-02-17 00:26:47
7956,7957,SEC_0333,54.54,7843.0,2025-05-24 06:54:47
7957,7958,SEC_0361,56.39,26.0,2025-02-08 20:05:59
7958,7959,SEC_0374,64.25,4548.0,2025-04-21 03:34:46
7959,7960,SEC_0042,64.26,2154.0,2025-06-11 18:35:02
7960,7961,SEC_0303,71.53,8020.0,2025-05-30 19:22:41
7961,7962,SEC_0421,43.35,3490.0,2025-02-26 23:55:36
7962,7963,SEC_0246,94.46,8524.0,2025-05-22 09:18:30
7963,7964,SEC_0208,97.09,5162.0,2025-02-19 00:30:12
7964,7965,SEC_0237,46.7,645.0,2025-02-02 05:22:59
7965,7966,SEC_0022,43.03,1853.0,2025-01-28 13:05:27
7966,7967,SEC_0185,31.96,7724.0,2025-05-09 11:15:00
7967,7968,SEC_0468,57.47,4131.0,2025-06-29 09:15:17
7968,7969,SEC_0242,62.54,3585.0,2025-05-08 16:34:27
7969,7970,SEC_0363,45.89,3810.0,2025-01-09 02:04:33
7970,7971,SEC_0283,59.43,9003.0,2025-04-08 20:56:27
7971,7972,SEC_0041,36.0,1312.0,2025-01-02 12:52:54
7972,7973,SEC_0336,72.99,1895.0,2025-05-01 07:03:23
7973,7974,SEC_0162,46.56,6239.0,2025-01-13 15:27:45
7974,7975,SEC_0160,59.54,4301.0,2025-04-12 18:56:26
7975,7976,SEC_0474,58.15,7789.0,2025-04-26 16:33:47
7976,7977,SEC_0089,30.32,6978.0,2025-01-14 14:45:58
7977,7978,SEC_0322,70.12,,2025-02-14 03:34:30
7978,7979,SEC_0012,43.15,6410.0,2025-01-12 16:21:19
7979,7980,SEC_0424,58.02,2071.0,2025-05-12 12:46:24
7980,7981,SEC_0073,35.77,,2025-03-09 02:17:00
7981,7982,SEC_0076,47.28,4135.0,2025-04-03 12:10:49
7982,7983,SEC_0346,60.88,4269.0,2025-04-21 12:56:41
7983,7984,SEC_0201,39.5,6011.0,2025-05-21 03:11:07
7984,7985,SEC_0010,40.15,3485.0,2025-06-23 13:53:06
7985,7986,SEC_0352,56.69,414.0,2025-01-16 13:00:50
7986,7987,SEC_0226,51.92,7842.0,2025-03-13 10:02:52
7987,7988,SEC_0176,60.63,8884.0,2025-06-05 19:38:06
7988,7989,SEC_0276,48.89,6149.0,2025-05-31 17:47:06
7989,7990,SEC_0039,66.18,4310.0,2025-05-07 10:53:14
7990,7991,SEC_0060,46.06,5792.0,2025-06-05 00:52:50
7991,7992,SEC_0066,65.31,920.0,2025-04-21 19:05:18
7992,7993,SEC_0321,41.59,907.0,2025-02-24 04:58:48
7993,7994,SEC_0435,45.45,3211.0,2025-01-13 12:56:20
7994,7995,SEC_0124,67.98,2720.0,2025-03-29 11:50:29
7995,7996,SEC_0164,46.79,4896.0,2025-01-08 20:28:53
7996,7997,SEC_0408,38.42,793.0,2025-01-18 21:30:15
7997,7998,SEC_0411,91.75,8768.0,2025-06-04 15:51:46
7998,7999,SEC_0386,54.03,9920.0,2025-06-20 14:19:20
7999,8000,SEC_0159,62.89,5544.0,2025-04-18 07:07:54
8000,8001,SEC_0057,27.7,3726.0,2025-06-11 15:27:11
8001,8002,SEC_0078,-81.41,8192.0,2025-04-02 22:37:25
8002,8003,SEC_0194,120.77,5162.0,2025-04-03 05:16:42
8003,8004,SEC_0285,79.25,1361.0,2025-03-04 10:44:00
8004,8005,SEC_0015,82.72,2049.0,2025-03-06 17:04:47
8005,8006,SEC_0012,48.3,,2025-03-27 20:41:55
8006,8007,SEC_0101,58.88,6099.0,2025-01-17 16:17:24
8007,8008,SEC_0156,63.21,3197.0,2025-02-15 01:17:15
8008,8009,SEC_0340,44.29,9280.0,2025-03-12 07:05:21
8009,8010,SEC_0125,52.6,206.0,2025-06-23 03:57:20
8010,8011,SEC_0359,40.44,3316.0,2025-03-07 03:20:17
8011,8012,SEC_0280,48.49,6734.0,2025-06-15 04:40:07
8012,8013,SEC_0405,70.26,8815.0,2025-01-09 17:16:09
8013,8014,SEC_0394,32.15,1678.0,2025-04-08 17:04:53
8014,8015,SEC_0110,72.67,3013.0,2025-06-14 22:58:17
8015,8016,SEC_0334,34.01,7548.0,2025-04-20 10:02:09
8016,8017,SEC_0357,55.46,1872.0,2025-04-13 12:57:44
8017,8018,SEC_0146,57.0,8271.0,2025-06-08 10:35:35
8018,8019,SEC_0216,64.83,6559.0,2025-04-11 06:41:39
8019,8020,SEC_0398,51.72,9669.0,2025-01-08 14:46:34
8020,8021,SEC_0162,39.91,4735.0,2025-01-29 21:11:09
8021,8022,SEC_0128,57.71,5790.0,2025-01-08 01:59:34
8022,8023,SEC_0314,104.77,6935.0,2025-03-07 12:47:46
8023,8024,SEC_0332,54.36,3229.0,2025-02-06 14:47:01
8024,8025,SEC_0150,41.91,2336.0,2025-04-08 07:21:51
8025,8026,SEC_0454,47.46,1726.0,2025-04-30 09:49:38
8026,8027,SEC_0036,57.12,5738.0,2025-03-27 05:08:41
8027,8028,SEC_0173,50.37,9307.0,2025-04-15 09:31:11
8028,8029,SEC_0420,48.31,5986.0,2025-01-18 23:29:00
8029,8030,SEC_0022,81.31,7217.0,2025-03-19 03:12:30
8030,8031,SEC_0206,63.76,161.0,2025-03-26 02:37:38
8031,8032,SEC_0127,52.69,1426.0,2025-05-25 13:03:27
8032,8033,SEC_0336,52.81,1734.0,2025-04-07 19:51:08
8033,8034,SEC_0445,57.51,2523.0,2025-01-10 00:14:03
8034,8035,SEC_0356,64.59,7167.0,2025-01-21 16:04:08
8035,8036,SEC_0440,80.21,602.0,2025-01-07 23:00:30
8036,8037,SEC_0217,48.25,9748.0,2025-01-21 19:20:39
8037,8038,SEC_0096,40.52,4685.0,2025-02-12 10:27:11
8038,8039,SEC_0417,46.21,1521.0,2025-05-04 05:38:11
8039,8040,SEC_0429,41.99,2391.0,2025-01-18 20:58:27
8040,8041,SEC_0164,34.54,9098.0,2025-04-07 03:31:19
8041,8042,SEC_0148,83.36,9843.0,2025-03-23 16:12:06
8042,8043,SEC_0018,70.55,1118.0,2025-01-25 00:40:20
8043,8044,SEC_0294,27.52,7301.0,2025-05-07 00:08:47
8044,8045,SEC_0195,58.29,9717.0,2025-02-04 18:45:03
8045,8046,SEC_0151,48.76,4722.0,2025-03-30 17:36:33
8046,8047,SEC_0480,47.05,6142.0,2025-05-29 03:11:17
8047,8048,SEC_0365,25.89,3081.0,2025-01-12 23:23:28
8048,8049,SEC_0123,54.19,7940.0,2025-04-16 01:39:34
8049,8050,SEC_0400,55.87,4778.0,2025-01-31 07:27:58
8050,8051,SEC_0187,38.36,7266.0,2025-04-22 09:22:00
8051,8052,SEC_0453,88.84,3802.0,2025-04-11 03:11:32
8052,8053,SEC_0452,69.23,,2025-03-31 01:49:31
8053,8054,SEC_0149,39.65,7511.0,2025-01-03 22:03:50
8054,8055,SEC_0104,74.21,8100.0,2025-02-17 22:18:12
8055,8056,SEC_0243,47.48,6082.0,2025-03-20 20:23:53
8056,8057,SEC_0462,74.93,3628.0,2025-05-01 04:56:27
8057,8058,SEC_0231,35.41,4381.0,2025-01-29 13:43:55
8058,8059,SEC_0479,57.46,5380.0,2025-05-17 15:30:07
8059,8060,SEC_0206,37.91,2543.0,2025-06-21 07:44:03
8060,8061,SEC_0198,,4451.0,2025-02-14 18:09:52
8061,8062,SEC_0396,30.58,6961.0,2025-06-18 03:11:27
8062,8063,SEC_0400,37.7,200.0,2025-02-08 05:35:33
8063,8064,SEC_0337,37.63,6997.0,2025-06-21 18:39:04
8064,8065,SEC_0493,36.25,2184.0,2025-06-02 21:38:43
8065,8066,SEC_0087,57.78,5044.0,2025-04-24 12:08:42
8066,8067,SEC_0142,32.14,4037.0,2025-01-25 05:02:11
8067,8068,SEC_0317,59.72,5013.0,2025-04-22 23:16:04
8068,8069,SEC_0199,73.83,7835.0,2025-06-01 09:30:38
8069,8070,SEC_0046,41.82,-3494.0,2025-01-06 03:20:15
8070,8071,SEC_0288,53.22,3973.0,2025-04-08 23:12:47
8071,8072,SEC_0015,49.37,9557.0,2025-04-20 19:04:05
8072,8073,SEC_0044,48.26,1853.0,2025-02-14 07:16:50
8073,8074,SEC_0401,25.36,8580.0,2025-01-16 09:25:28
8074,8075,SEC_0169,38.94,1663.0,2025-02-28 08:22:56
8075,8076,SEC_0310,84.64,7590.0,2025-02-13 11:21:46
8076,8077,SEC_0495,60.17,213.0,2025-04-04 04:14:13
8077,8078,SEC_0044,50.78,4656.0,2025-04-11 08:35:17
8078,8079,SEC_0098,29.78,8750.0,2025-03-20 19:36:23
8079,8080,SEC_0261,65.23,3120.0,2025-06-11 21:18:28
8080,8081,SEC_0109,41.53,6646.0,2025-03-19 14:16:24
8081,8082,SEC_0283,37.67,2692.0,2025-05-19 22:02:32
8082,8083,SEC_0372,38.82,1995.0,2025-04-21 18:23:55
8083,8084,SEC_0343,63.64,5049.0,2025-01-05 02:52:33
8084,8085,SEC_0104,53.45,475.0,2025-05-31 06:19:00
8085,8086,SEC_0256,70.77,9960.0,2025-06-14 03:35:39
8086,8087,SEC_0379,76.53,8234.0,2025-03-19 10:31:34
8087,8088,SEC_0206,43.74,3993.0,2025-05-20 06:12:17
8088,8089,SEC_0335,53.9,4824.0,2025-05-15 04:34:46
8089,8090,SEC_0043,49.85,3518.0,2025-02-20 22:24:40
8090,8091,SEC_0353,36.29,2269.0,2025-05-16 08:11:03
8091,8092,SEC_0245,37.89,9837.0,2025-05-07 14:51:05
8092,8093,SEC_0287,51.97,940.0,2025-02-19 09:27:52
8093,8094,SEC_0355,53.67,4439.0,2025-03-25 08:29:07
8094,8095,SEC_0273,53.71,6299.0,2025-01-20 22:12:55
8095,8096,SEC_0476,53.73,2986.0,2025-04-16 09:10:00
8096,8097,SEC_0083,42.74,4990.0,2025-03-08 16:10:17
8097,8098,SEC_0110,103.18,6029.0,2025-02-24 14:48:11
8098,8099,SEC_0438,58.53,9557.0,2025-05-20 11:14:09
8099,8100,SEC_0190,45.94,9043.0,2025-06-09 03:38:17
8100,8101,SEC_0471,61.6,8423.0,2025-01-18 16:05:54
8101,8102,SEC_0288,42.29,2500.0,2025-03-26 17:49:20
8102,8103,SEC_0424,55.04,7621.0,2025-06-25 21:16:00
8103,8104,SEC_0397,61.57,4305.0,2025-01-29 19:01:13
8104,8105,SEC_0251,64.41,2904.0,2025-04-09 04:53:18
8105,8106,SEC_0212,37.44,7764.0,2025-05-24 21:41:41
8106,8107,SEC_0291,135.47,7965.0,2025-02-22 13:00:48
8107,8108,SEC_0133,77.83,9431.0,2025-06-03 08:55:00
8108,8109,SEC_0201,100.46,2075.0,2025-04-08 09:14:05
8109,8110,SEC_0285,50.56,7826.0,2025-04-08 03:26:37
8110,8111,SEC_0326,58.79,2066.0,2025-05-30 12:32:05
8111,8112,SEC_0409,55.2,8822.0,2025-04-22 22:59:52
8112,8113,SEC_0095,46.33,3209.0,2025-02-05 14:48:21
8113,8114,SEC_0278,68.53,4675.0,2025-03-07 22:13:33
8114,8115,SEC_0450,41.88,9095.0,2025-02-16 10:45:55
8115,8116,SEC_0429,67.32,9246.0,2025-01-10 20:11:17
8116,8117,SEC_0325,47.02,123.0,2025-06-11 15:36:06
8117,8118,SEC_0219,61.54,957.0,2025-04-17 11:02:12
8118,8119,SEC_0089,84.65,5097.0,2025-01-20 20:45:13
8119,8120,SEC_0072,52.46,987.0,2025-06-09 03:32:15
8120,8121,SEC_0247,69.0,-9444.0,2025-03-05 01:33:11
8121,8122,SEC_0129,46.87,4434.0,2025-02-24 08:11:51
8122,8123,SEC_0212,38.31,991.0,2025-06-20 10:44:59
8123,8124,SEC_0428,89.88,7926.0,2025-03-15 23:34:20
8124,8125,SEC_0343,68.33,5557.0,2025-05-21 05:00:26
8125,8126,SEC_0096,52.44,9094.0,2025-04-10 15:32:49
8126,8127,SEC_0075,67.28,6826.0,2025-02-28 13:58:57
8127,8128,SEC_0423,40.25,4710.0,2025-02-13 15:51:51
8128,8129,SEC_0495,62.34,7974.0,2025-06-29 23:08:49
8129,8130,SEC_0054,58.27,3581.0,2025-02-01 12:39:35
8130,8131,SEC_0344,66.36,2803.0,2025-06-07 11:14:32
8131,8132,SEC_0459,89.35,2205.0,2025-05-29 18:22:48
8132,8133,SEC_0413,84.31,872.0,2025-01-06 19:13:33
8133,8134,SEC_0054,35.99,,2025-04-27 06:37:19
8134,8135,SEC_0218,30.01,6096.0,2025-02-19 06:22:47
8135,8136,SEC_0016,,3404.0,2025-04-09 23:59:25
8136,8137,SEC_0099,57.44,6154.0,2025-06-25 03:05:28
8137,8138,SEC_0020,38.83,5551.0,2025-04-13 09:01:58
8138,8139,SEC_0046,40.93,3883.0,2025-04-23 18:27:59
8139,8140,SEC_0451,43.33,3208.0,2025-03-25 04:06:47
8140,8141,SEC_0193,81.49,3098.0,2025-02-14 11:08:37
8141,8142,SEC_0383,47.38,3079.0,2025-05-13 09:17:50
8142,8143,SEC_0058,34.77,2639.0,2025-04-30 13:02:00
8143,8144,SEC_0437,53.55,5552.0,2025-03-20 06:57:19
8144,8145,SEC_0111,54.55,2947.0,2025-01-06 08:06:25
8145,8146,SEC_0129,40.06,3472.0,2025-03-16 15:05:06
8146,8147,SEC_0337,65.18,4303.0,2025-02-21 20:24:01
8147,8148,SEC_0194,76.8,1625.0,2025-04-09 16:34:06
8148,8149,SEC_0413,49.08,9718.0,2025-02-13 15:58:13
8149,8150,SEC_0340,34.77,1483.0,2025-03-31 05:17:06
8150,8151,SEC_0326,50.29,259.0,2025-05-12 05:46:39
8151,8152,SEC_0008,59.77,454.0,2025-04-24 02:58:02
8152,8153,SEC_0029,28.58,8991.0,2025-05-30 00:17:52
8153,8154,SEC_0112,63.08,4471.0,2025-05-16 05:20:20
8154,8155,SEC_0435,48.79,2512.0,2025-01-08 12:26:51
8155,8156,SEC_0161,55.32,4171.0,2025-01-13 18:16:42
8156,8157,SEC_0131,50.05,8434.0,2025-03-11 16:27:31
8157,8158,SEC_0188,43.55,5137.0,2025-04-15 20:23:17
8158,8159,SEC_0163,52.81,1713.0,2025-05-18 08:12:02
8159,8160,SEC_0197,46.87,7427.0,2025-01-04 04:28:41
8160,8161,SEC_0475,49.04,-2003.0,2025-06-25 06:16:37
8161,8162,SEC_0364,41.92,8152.0,2025-01-30 03:09:29
8162,8163,SEC_0204,64.14,6255.0,2025-02-12 13:18:24
8163,8164,SEC_0212,79.13,3328.0,2025-05-10 03:35:10
8164,8165,SEC_0109,42.01,8689.0,2025-06-13 11:30:45
8165,8166,SEC_0276,52.72,8036.0,2025-05-12 12:25:48
8166,8167,SEC_0073,39.31,3112.0,2025-06-02 03:24:39
8167,8168,SEC_0167,61.34,5242.0,2025-05-13 21:18:05
8168,8169,SEC_0260,58.4,8919.0,2025-04-02 09:33:32
8169,8170,SEC_0243,45.89,1832.0,2025-02-26 08:35:35
8170,8171,SEC_0275,53.26,1822.0,2025-05-09 21:27:11
8171,8172,SEC_0102,70.78,1817.0,2025-03-25 07:26:56
8172,8173,SEC_0475,-33.71,92.0,2025-03-03 20:27:25
8173,8174,SEC_0173,37.06,3433.0,2025-03-24 11:54:38
8174,8175,SEC_0171,65.01,1970.0,2025-02-10 07:14:52
8175,8176,SEC_0141,55.5,2385.0,2025-03-09 13:47:09
8176,8177,SEC_0397,53.46,3680.0,2025-05-13 02:51:53
8177,8178,SEC_0188,72.45,603.0,2025-06-18 23:38:39
8178,8179,SEC_0441,67.45,428.0,2025-05-03 18:07:23
8179,8180,SEC_0086,91.33,9649.0,2025-04-28 04:08:35
8180,8181,SEC_0476,71.41,8199.0,2025-02-25 18:26:21
8181,8182,SEC_0052,63.93,6264.0,2025-03-28 20:22:35
8182,8183,SEC_0111,53.72,2435.0,2025-03-01 05:46:29
8183,8184,SEC_0437,52.29,1374.0,2025-04-28 13:28:31
8184,8185,SEC_0365,54.55,8833.0,2025-03-04 19:40:47
8185,8186,SEC_0342,58.38,5163.0,2025-01-20 18:45:57
8186,8187,SEC_0043,38.01,6841.0,2025-04-27 17:21:50
8187,8188,SEC_0211,59.09,3812.0,2025-04-26 21:46:12
8188,8189,SEC_0456,50.75,3307.0,2025-06-08 19:49:29
8189,8190,SEC_0500,60.77,8638.0,2025-02-02 19:16:15
8190,8191,SEC_0200,45.91,8705.0,2025-03-04 06:09:44
8191,8192,SEC_0298,-44.8,9182.0,2025-02-11 09:55:38
8192,8193,SEC_0346,58.51,6357.0,2025-06-26 09:38:49
8193,8194,SEC_0240,63.0,1402.0,2025-05-29 02:03:35
8194,8195,SEC_0115,45.55,546.0,2025-04-09 20:36:27
8195,8196,SEC_0026,81.11,2534.0,2025-01-08 11:47:33
8196,8197,SEC_0407,80.94,2010.0,2025-02-27 03:23:47
8197,8198,SEC_0299,33.96,5902.0,2025-05-04 05:37:32
8198,8199,SEC_0077,43.25,4086.0,2025-04-28 15:26:27
8199,8200,SEC_0412,,2216.0,2025-02-01 19:41:32
8200,8201,SEC_0137,61.02,4986.0,2025-05-25 12:48:56
8201,8202,SEC_0020,103.51,9020.0,2025-04-14 14:06:05
8202,8203,SEC_0440,56.96,2185.0,2025-01-18 12:22:35
8203,8204,SEC_0211,52.72,1276.0,2025-06-25 22:41:48
8204,8205,SEC_0240,38.81,9709.0,2025-02-23 18:50:59
8205,8206,SEC_0039,33.93,9505.0,2025-02-09 05:52:44
8206,8207,SEC_0435,52.45,5169.0,2025-03-07 04:39:50
8207,8208,SEC_0268,101.21,3524.0,2025-05-06 21:55:09
8208,8209,SEC_0207,51.24,8708.0,2025-05-03 15:25:09
8209,8210,SEC_0479,43.3,4784.0,2025-03-28 08:15:29
8210,8211,SEC_0439,62.53,1020.0,2025-01-19 00:04:36
8211,8212,SEC_0462,29.91,9488.0,2025-05-12 10:10:58
8212,8213,SEC_0267,55.91,7599.0,2025-05-05 05:52:08
8213,8214,SEC_0154,69.92,1050.0,2025-04-20 21:55:21
8214,8215,SEC_0042,41.09,2341.0,2025-04-02 19:41:36
8215,8216,SEC_0411,82.32,7574.0,2025-05-08 10:46:33
8216,8217,SEC_0011,66.55,9450.0,2025-02-08 10:53:32
8217,8218,SEC_0294,82.55,2279.0,2025-05-24 05:03:47
8218,8219,SEC_0098,-36.13,2986.0,2025-04-25 03:24:40
8219,8220,SEC_0427,51.72,5706.0,2025-01-22 14:50:05
8220,8221,SEC_0275,72.0,1145.0,2025-01-03 18:23:59
8221,8222,SEC_0448,34.84,7631.0,2025-06-07 14:21:53
8222,8223,SEC_0390,72.54,706.0,2025-04-25 02:32:16
8223,8224,SEC_0430,51.73,2425.0,2025-04-30 12:13:19
8224,8225,SEC_0372,72.38,1935.0,2025-04-16 14:31:08
8225,8226,SEC_0230,58.28,2485.0,2025-05-03 00:47:12
8226,8227,SEC_0369,83.37,6997.0,2025-02-11 23:13:31
8227,8228,SEC_0426,37.06,1746.0,2025-05-15 06:13:17
8228,8229,SEC_0220,60.26,5765.0,2025-02-26 11:01:36
8229,8230,SEC_0065,,,2025-05-13 01:25:06
8230,8231,SEC_0355,61.92,2547.0,2025-05-31 19:02:18
8231,8232,SEC_0232,60.24,5629.0,2025-03-16 19:35:41
8232,8233,SEC_0328,50.12,778.0,2025-06-02 20:00:51
8233,8234,SEC_0443,43.16,9526.0,2025-06-03 04:11:53
8234,8235,SEC_0052,49.52,3115.0,2025-04-26 06:46:57
8235,8236,SEC_0374,56.22,2937.0,2025-01-02 01:01:01
8236,8237,SEC_0431,59.46,4111.0,2025-06-15 21:27:44
8237,8238,SEC_0376,97.48,1346.0,2025-06-24 04:24:04
8238,8239,SEC_0263,70.95,2042.0,2025-05-19 15:29:25
8239,8240,SEC_0267,45.78,2675.0,2025-04-19 04:20:33
8240,8241,SEC_0359,64.96,7505.0,2025-04-15 23:07:14
8241,8242,SEC_0317,71.12,9748.0,2025-04-21 02:45:03
8242,8243,SEC_0324,44.84,690.0,2025-06-16 01:30:33
8243,8244,SEC_0409,67.4,9727.0,2025-06-13 10:35:30
8244,8245,SEC_0396,34.95,7057.0,2025-02-16 09:27:45
8245,8246,SEC_0154,44.36,120.0,2025-05-10 01:47:31
8246,8247,SEC_0358,35.61,6170.0,2025-03-22 14:41:33
8247,8248,SEC_0366,51.25,5833.0,2025-06-10 11:52:31
8248,8249,SEC_0140,47.37,1614.0,2025-02-23 17:15:16
8249,8250,SEC_0427,48.47,7624.0,2025-06-08 01:43:03
8250,8251,SEC_0051,69.73,3034.0,2025-05-04 16:06:29
8251,8252,SEC_0117,56.1,2937.0,2025-04-23 20:55:42
8252,8253,SEC_0421,69.41,5660.0,2025-04-15 06:49:28
8253,8254,SEC_0046,88.93,9342.0,2025-06-02 15:11:30
8254,8255,SEC_0309,102.35,5068.0,2025-03-21 19:58:18
8255,8256,SEC_0088,52.36,4803.0,2025-06-29 00:38:11
8256,8257,SEC_0208,64.1,9902.0,2025-05-22 16:30:15
8257,8258,SEC_0377,52.12,3159.0,2025-01-01 01:06:01
8258,8259,SEC_0269,74.01,9559.0,2025-01-13 13:05:58
8259,8260,SEC_0089,69.82,-4491.0,2025-01-09 21:31:57
8260,8261,SEC_0381,-44.78,456.0,2025-02-10 11:17:42
8261,8262,SEC_0118,46.8,7644.0,2025-01-10 07:26:00
8262,8263,SEC_0054,82.75,4621.0,2025-05-05 01:52:41
8263,8264,SEC_0441,46.3,8868.0,2025-02-20 23:46:54
8264,8265,SEC_0116,52.8,9194.0,2025-05-22 14:39:13
8265,8266,SEC_0118,66.85,9088.0,2025-05-03 10:14:12
8266,8267,SEC_0260,51.95,5100.0,2025-05-03 23:20:18
8267,8268,SEC_0075,86.5,60.0,2025-04-17 12:02:46
8268,8269,SEC_0480,74.44,6200.0,2025-05-14 08:47:14
8269,8270,SEC_0305,41.88,6312.0,2025-04-23 01:13:40
8270,8271,SEC_0007,45.8,5532.0,2025-05-09 08:04:04
8271,8272,SEC_0366,65.12,2765.0,2025-05-22 16:54:41
8272,8273,SEC_0122,53.75,7009.0,2025-01-04 20:58:34
8273,8274,SEC_0011,30.5,1795.0,2025-01-06 05:26:56
8274,8275,SEC_0348,40.8,5687.0,2025-05-09 04:17:47
8275,8276,SEC_0438,58.57,3488.0,2025-01-03 18:23:33
8276,8277,SEC_0489,71.32,4988.0,2025-05-01 00:04:28
8277,8278,SEC_0215,71.63,3422.0,2025-05-15 18:06:40
8278,8279,SEC_0429,98.38,6581.0,2025-01-18 15:33:28
8279,8280,SEC_0279,44.37,5533.0,2025-06-13 00:12:09
8280,8281,SEC_0498,45.01,1374.0,2025-01-29 20:06:12
8281,8282,SEC_0028,54.18,3554.0,2025-01-31 01:53:04
8282,8283,SEC_0235,33.02,3673.0,2025-05-20 20:22:35
8283,8284,SEC_0367,54.55,8145.0,2025-06-16 18:27:35
8284,8285,SEC_0313,51.49,9275.0,2025-04-03 13:56:15
8285,8286,SEC_0026,69.24,9126.0,2025-03-11 05:07:12
8286,8287,SEC_0409,72.85,5438.0,2025-04-11 15:14:11
8287,8288,SEC_0054,60.78,8164.0,2025-02-23 01:08:22
8288,8289,SEC_0029,54.65,7447.0,2025-01-19 07:00:03
8289,8290,SEC_0467,60.9,,2025-02-22 02:13:47
8290,8291,SEC_0353,43.04,5966.0,2025-03-18 12:04:52
8291,8292,SEC_0164,53.26,5916.0,2025-02-24 06:11:02
8292,8293,SEC_0270,54.87,9735.0,2025-06-06 04:19:16
8293,8294,SEC_0334,53.38,6116.0,2025-04-16 16:36:54
8294,8295,SEC_0035,51.87,5095.0,2025-06-21 12:29:19
8295,8296,SEC_0286,45.31,2383.0,2025-02-16 09:17:36
8296,8297,SEC_0348,40.14,4099.0,2025-06-01 04:03:42
8297,8298,SEC_0273,51.34,9200.0,2025-02-05 06:06:35
8298,8299,SEC_0451,65.26,9474.0,2025-01-01 17:56:30
8299,8300,SEC_0208,32.42,4359.0,2025-05-05 12:43:46
8300,8301,SEC_0238,47.03,8313.0,2025-05-03 13:00:32
8301,8302,SEC_0414,101.57,9097.0,2025-04-01 13:58:05
8302,8303,SEC_0500,51.53,140.0,2025-05-20 11:57:34
8303,8304,SEC_0093,57.13,7645.0,2025-04-14 11:35:10
8304,8305,SEC_0173,94.79,1816.0,2025-05-15 22:07:10
8305,8306,SEC_0079,60.09,5409.0,2025-04-08 14:24:50
8306,8307,SEC_0110,60.5,4302.0,2025-01-12 11:22:18
8307,8308,SEC_0217,41.55,7286.0,2025-01-01 14:42:25
8308,8309,SEC_0435,59.97,9221.0,2025-03-13 06:12:36
8309,8310,SEC_0358,54.36,6779.0,2025-04-13 09:39:21
8310,8311,SEC_0106,72.06,8537.0,2025-01-26 02:57:24
8311,8312,SEC_0047,80.09,2420.0,2025-05-10 00:48:25
8312,8313,SEC_0181,,3236.0,2025-02-28 09:28:08
8313,8314,SEC_0064,,-2595.0,2025-03-20 04:43:35
8314,8315,SEC_0246,30.97,1388.0,2025-05-13 09:10:26
8315,8316,SEC_0244,27.92,984.0,2025-03-24 16:40:32
8316,8317,SEC_0422,-75.79,2123.0,2025-01-23 18:23:16
8317,8318,SEC_0320,25.83,5420.0,2025-04-24 00:22:34
8318,8319,SEC_0087,60.23,2995.0,2025-01-01 14:53:03
8319,8320,SEC_0217,51.83,7057.0,2025-06-28 08:12:18
8320,8321,SEC_0490,79.0,7549.0,2025-02-07 15:51:48
8321,8322,SEC_0007,54.03,6854.0,2025-05-26 10:09:44
8322,8323,SEC_0278,93.75,2901.0,2025-03-27 18:51:54
8323,8324,SEC_0337,51.36,776.0,2025-03-16 03:20:29
8324,8325,SEC_0210,77.01,4982.0,2025-06-18 19:22:06
8325,8326,SEC_0497,34.83,736.0,2025-01-31 01:06:56
8326,8327,SEC_0169,27.37,6778.0,2025-01-25 11:06:40
8327,8328,SEC_0330,54.14,7754.0,2025-01-09 23:11:36
8328,8329,SEC_0138,35.87,5148.0,2025-02-05 12:15:27
8329,8330,SEC_0441,53.63,1487.0,2025-03-02 20:26:35
8330,8331,SEC_0391,48.23,396.0,2025-05-23 07:06:38
8331,8332,SEC_0496,65.47,2002.0,2025-03-31 21:47:11
8332,8333,SEC_0381,39.67,8556.0,2025-02-24 21:54:49
8333,8334,SEC_0306,62.02,8063.0,2025-02-12 06:46:28
8334,8335,SEC_0230,70.75,7269.0,2025-01-14 21:59:06
8335,8336,SEC_0475,51.33,5878.0,2025-05-08 21:53:40
8336,8337,SEC_0308,,4189.0,2025-04-03 15:23:55
8337,8338,SEC_0161,40.71,4362.0,2025-03-14 14:08:13
8338,8339,SEC_0001,-48.68,6350.0,2025-05-09 14:02:19
8339,8340,SEC_0236,36.5,6181.0,2025-01-01 07:37:22
8340,8341,SEC_0437,110.13,7795.0,2025-04-09 21:59:36
8341,8342,SEC_0188,78.94,744.0,2025-04-03 00:43:39
8342,8343,SEC_0418,89.84,6163.0,2025-06-19 09:58:30
8343,8344,SEC_0004,78.6,374.0,2025-01-26 07:05:51
8344,8345,SEC_0401,44.75,5906.0,2025-05-14 13:18:19
8345,8346,SEC_0132,34.45,4128.0,2025-04-29 15:36:27
8346,8347,SEC_0427,48.08,8332.0,2025-05-30 19:13:10
8347,8348,SEC_0218,62.97,5690.0,2025-03-06 17:04:13
8348,8349,SEC_0260,50.05,3021.0,2025-06-15 10:06:23
8349,8350,SEC_0001,27.93,3293.0,2025-03-03 01:23:19
8350,8351,SEC_0071,68.31,6877.0,2025-03-13 06:39:22
8351,8352,SEC_0478,33.8,6898.0,2025-06-27 15:10:44
8352,8353,SEC_0178,48.1,5339.0,2025-02-20 09:45:21
8353,8354,SEC_0457,92.12,1565.0,2025-05-05 18:06:50
8354,8355,SEC_0189,55.41,58.0,2025-02-23 12:16:56
8355,8356,SEC_0291,75.41,3497.0,2025-05-21 13:43:30
8356,8357,SEC_0008,60.58,5395.0,2025-01-18 21:13:01
8357,8358,SEC_0253,40.34,5143.0,2025-06-20 00:56:01
8358,8359,SEC_0408,67.95,2949.0,2025-03-13 21:01:13
8359,8360,SEC_0467,53.57,4474.0,2025-02-17 16:31:53
8360,8361,SEC_0292,34.96,8565.0,2025-03-01 03:22:12
8361,8362,SEC_0434,33.24,3135.0,2025-04-08 17:13:11
8362,8363,SEC_0244,61.25,1588.0,2025-04-13 07:59:46
8363,8364,SEC_0123,103.79,8970.0,2025-05-28 21:19:17
8364,8365,SEC_0299,39.53,4263.0,2025-05-25 10:17:03
8365,8366,SEC_0283,,6667.0,2025-02-09 10:10:48
8366,8367,SEC_0032,61.52,3679.0,2025-06-04 04:01:05
8367,8368,SEC_0334,36.81,999.0,2025-01-03 17:22:54
8368,8369,SEC_0377,110.63,8752.0,2025-04-29 20:53:27
8369,8370,SEC_0146,42.11,3344.0,2025-06-04 11:45:45
8370,8371,SEC_0156,47.01,3502.0,2025-03-12 03:09:58
8371,8372,SEC_0413,-42.89,4015.0,2025-02-08 23:06:39
8372,8373,SEC_0016,72.27,5108.0,2025-03-28 05:07:30
8373,8374,SEC_0355,104.45,4329.0,2025-05-24 16:58:08
8374,8375,SEC_0047,44.21,4656.0,2025-02-13 10:46:13
8375,8376,SEC_0251,70.81,5328.0,2025-05-12 22:30:25
8376,8377,SEC_0187,36.9,7621.0,2025-04-23 17:54:10
8377,8378,SEC_0031,72.8,5859.0,2025-02-15 12:36:43
8378,8379,SEC_0260,92.53,-5621.0,2025-04-28 11:06:53
8379,8380,SEC_0421,84.41,9113.0,2025-04-20 05:01:02
8380,8381,SEC_0017,56.82,7005.0,2025-06-15 06:26:28
8381,8382,SEC_0039,-40.05,1243.0,2025-04-17 16:31:09
8382,8383,SEC_0304,54.61,7016.0,2025-04-26 21:35:54
8383,8384,SEC_0430,49.74,81.0,2025-02-20 07:33:59
8384,8385,SEC_0474,47.75,2662.0,2025-01-10 11:26:09
8385,8386,SEC_0432,58.09,4799.0,2025-06-11 23:06:29
8386,8387,SEC_0039,53.52,541.0,2025-04-18 23:53:20
8387,8388,SEC_0489,67.52,5946.0,2025-05-02 10:55:34
8388,8389,SEC_0132,67.65,6909.0,2025-02-08 00:51:31
8389,8390,SEC_0030,53.58,9467.0,2025-03-23 22:43:12
8390,8391,SEC_0158,62.16,2786.0,2025-03-31 20:10:48
8391,8392,SEC_0278,81.16,3487.0,2025-01-11 03:07:52
8392,8393,SEC_0203,46.55,3158.0,2025-04-17 07:48:58
8393,8394,SEC_0066,54.86,4718.0,2025-04-30 05:31:30
8394,8395,SEC_0108,40.1,5337.0,2025-02-07 20:25:09
8395,8396,SEC_0268,63.05,7166.0,2025-06-15 07:04:46
8396,8397,SEC_0222,57.95,2244.0,2025-02-01 09:56:35
8397,8398,SEC_0292,62.69,9513.0,2025-06-08 02:50:13
8398,8399,SEC_0018,40.58,2994.0,2025-05-04 14:07:36
8399,8400,SEC_0090,68.69,2092.0,2025-01-29 05:02:21
8400,8401,SEC_0181,56.3,5210.0,2025-01-27 05:27:10
8401,8402,SEC_0255,74.35,7646.0,2025-04-25 08:13:13
8402,8403,SEC_0455,47.88,5741.0,2025-03-21 06:54:30
8403,8404,SEC_0253,67.0,4155.0,2025-02-19 03:05:52
8404,8405,SEC_0257,62.4,8671.0,2025-06-06 16:58:45
8405,8406,SEC_0383,86.26,2666.0,2025-04-23 23:55:43
8406,8407,SEC_0442,52.73,6019.0,2025-06-12 04:47:23
8407,8408,SEC_0346,46.23,1757.0,2025-04-17 07:11:04
8408,8409,SEC_0087,47.08,9991.0,2025-05-24 10:03:06
8409,8410,SEC_0090,39.15,5714.0,2025-06-23 22:34:10
8410,8411,SEC_0237,46.95,3121.0,2025-03-10 23:03:09
8411,8412,SEC_0390,27.05,5152.0,2025-02-14 10:59:17
8412,8413,SEC_0070,82.32,5606.0,2025-05-04 10:11:15
8413,8414,SEC_0044,97.54,2579.0,2025-04-13 13:52:15
8414,8415,SEC_0200,52.23,1027.0,2025-03-01 12:32:22
8415,8416,SEC_0152,62.27,4474.0,2025-06-29 05:41:48
8416,8417,SEC_0086,57.35,4668.0,2025-04-01 21:48:24
8417,8418,SEC_0019,36.82,1955.0,2025-02-04 08:09:39
8418,8419,SEC_0101,74.28,9757.0,2025-05-03 19:30:05
8419,8420,SEC_0402,77.68,587.0,2025-05-22 11:47:51
8420,8421,SEC_0095,39.95,685.0,2025-02-18 01:31:35
8421,8422,SEC_0254,60.28,6043.0,2025-02-07 17:55:51
8422,8423,SEC_0357,50.46,-3269.0,2025-02-15 06:50:37
8423,8424,SEC_0030,78.02,659.0,2025-03-15 07:49:43
8424,8425,SEC_0249,53.26,1297.0,2025-03-08 16:32:05
8425,8426,SEC_0426,53.69,1526.0,2025-02-16 17:04:39
8426,8427,SEC_0033,94.28,7151.0,2025-05-02 00:13:57
8427,8428,SEC_0458,37.13,7793.0,2025-05-26 21:23:05
8428,8429,SEC_0229,58.82,,2025-03-29 23:15:25
8429,8430,SEC_0012,56.07,-5790.0,2025-04-12 13:51:09
8430,8431,SEC_0118,45.55,7421.0,2025-05-09 10:18:25
8431,8432,SEC_0350,100.68,5754.0,2025-01-08 15:52:12
8432,8433,SEC_0155,60.4,9264.0,2025-05-06 23:02:06
8433,8434,SEC_0423,66.79,6635.0,2025-05-18 12:17:38
8434,8435,SEC_0393,69.71,5109.0,2025-06-06 21:28:37
8435,8436,SEC_0246,49.59,5248.0,2025-02-26 14:18:37
8436,8437,SEC_0405,79.24,8402.0,2025-02-02 20:15:15
8437,8438,SEC_0332,74.6,624.0,2025-05-20 00:19:28
8438,8439,SEC_0247,52.63,9998.0,2025-01-05 20:55:47
8439,8440,SEC_0029,72.35,5262.0,2025-02-14 09:25:03
8440,8441,SEC_0161,79.2,4269.0,2025-05-02 21:59:33
8441,8442,SEC_0235,69.31,5985.0,2025-04-19 09:03:35
8442,8443,SEC_0190,42.5,3750.0,2025-04-10 23:23:40
8443,8444,SEC_0117,53.11,4543.0,2025-02-20 00:13:15
8444,8445,SEC_0271,62.97,11.0,2025-05-19 22:00:44
8445,8446,SEC_0258,58.89,761.0,2025-01-06 00:34:36
8446,8447,SEC_0180,43.66,9520.0,2025-06-20 03:54:37
8447,8448,SEC_0487,50.1,1178.0,2025-05-02 09:36:44
8448,8449,SEC_0373,60.68,9169.0,2025-01-03 13:09:39
8449,8450,SEC_0172,34.72,2493.0,2025-02-03 01:00:41
8450,8451,SEC_0438,54.92,2390.0,2025-01-15 09:18:08
8451,8452,SEC_0274,-67.29,6365.0,2025-01-20 02:24:52
8452,8453,SEC_0259,59.43,2553.0,2025-02-15 23:47:02
8453,8454,SEC_0135,42.21,1483.0,2025-04-10 12:38:13
8454,8455,SEC_0171,44.5,2311.0,2025-04-25 00:59:14
8455,8456,SEC_0210,85.29,3742.0,2025-02-06 15:31:56
8456,8457,SEC_0236,41.21,7286.0,2025-05-30 09:20:38
8457,8458,SEC_0422,77.92,7618.0,2025-04-16 08:30:55
8458,8459,SEC_0421,45.31,3840.0,2025-05-04 13:59:15
8459,8460,SEC_0186,76.63,7582.0,2025-06-24 07:31:48
8460,8461,SEC_0417,64.22,2756.0,2025-05-17 06:11:54
8461,8462,SEC_0364,49.18,9015.0,2025-06-03 11:51:50
8462,8463,SEC_0443,32.14,3598.0,2025-04-02 00:45:05
8463,8464,SEC_0095,61.53,8653.0,2025-06-12 07:48:51
8464,8465,SEC_0378,57.65,5238.0,2025-06-11 14:55:15
8465,8466,SEC_0011,61.82,1741.0,2025-04-30 22:22:45
8466,8467,SEC_0068,64.19,2125.0,2025-06-26 04:12:43
8467,8468,SEC_0379,36.81,9637.0,2025-01-19 00:27:38
8468,8469,SEC_0210,61.44,5292.0,2025-06-11 17:24:22
8469,8470,SEC_0196,68.22,3098.0,2025-02-17 08:33:39
8470,8471,SEC_0369,67.98,5248.0,2025-01-16 06:55:37
8471,8472,SEC_0098,37.49,4470.0,2025-03-05 09:48:32
8472,8473,SEC_0093,77.19,8846.0,2025-03-08 21:12:04
8473,8474,SEC_0472,62.09,5000.0,2025-05-30 13:29:20
8474,8475,SEC_0022,64.5,8936.0,2025-06-11 02:49:06
8475,8476,SEC_0450,41.73,6567.0,2025-06-27 18:58:48
8476,8477,SEC_0172,68.52,7345.0,2025-03-08 02:08:34
8477,8478,SEC_0383,32.55,853.0,2025-03-01 09:29:00
8478,8479,SEC_0134,42.33,4927.0,2025-04-04 09:16:56
8479,8480,SEC_0426,79.84,9754.0,2025-05-17 11:16:52
8480,8481,SEC_0025,67.53,5069.0,2025-04-25 12:53:15
8481,8482,SEC_0185,59.59,5390.0,2025-04-08 12:46:47
8482,8483,SEC_0085,72.47,1319.0,2025-06-12 15:44:41
8483,8484,SEC_0055,73.99,122.0,2025-05-13 04:51:58
8484,8485,SEC_0251,68.54,4255.0,2025-04-22 06:57:28
8485,8486,SEC_0144,51.15,8499.0,2025-03-30 00:38:35
8486,8487,SEC_0351,41.95,9305.0,2025-05-27 14:47:01
8487,8488,SEC_0398,44.74,1897.0,2025-05-12 03:58:46
8488,8489,SEC_0167,83.36,5977.0,2025-05-04 09:53:07
8489,8490,SEC_0412,37.24,-8007.0,2025-05-15 13:42:20
8490,8491,SEC_0224,63.26,8538.0,2025-01-19 15:33:00
8491,8492,SEC_0220,63.29,3912.0,2025-04-30 08:03:58
8492,8493,SEC_0179,84.81,8341.0,2025-02-19 04:49:34
8493,8494,SEC_0119,63.24,1040.0,2025-03-10 14:54:41
8494,8495,SEC_0433,48.09,9583.0,2025-05-09 03:29:53
8495,8496,SEC_0265,48.32,3905.0,2025-03-05 22:27:50
8496,8497,SEC_0442,,4877.0,2025-01-20 21:55:21
8497,8498,SEC_0429,76.69,8310.0,2025-04-23 08:13:35
8498,8499,SEC_0150,69.54,704.0,2025-04-03 07:32:38
8499,8500,SEC_0416,39.42,2956.0,2025-05-24 01:56:38
8500,8501,SEC_0453,59.36,5471.0,2025-04-02 00:16:28
8501,8502,SEC_0215,69.94,6441.0,2025-05-27 02:33:43
8502,8503,SEC_0197,50.85,2025.0,2025-02-21 10:11:30
8503,8504,SEC_0042,28.56,4997.0,2025-06-25 13:05:46
8504,8505,SEC_0053,51.47,6570.0,2025-06-06 18:08:52
8505,8506,SEC_0480,34.97,4346.0,2025-02-27 07:32:21
8506,8507,SEC_0443,33.35,5863.0,2025-04-16 14:02:04
8507,8508,SEC_0330,75.15,5635.0,2025-04-02 12:37:43
8508,8509,SEC_0251,116.32,998.0,2025-01-29 21:00:39
8509,8510,SEC_0295,82.21,406.0,2025-02-17 17:39:21
8510,8511,SEC_0378,24.95,244.0,2025-02-06 17:20:50
8511,8512,SEC_0271,51.84,7968.0,2025-01-16 02:33:31
8512,8513,SEC_0455,45.75,2415.0,2025-06-16 17:36:13
8513,8514,SEC_0413,-35.12,3857.0,2025-06-02 11:57:39
8514,8515,SEC_0123,62.77,6264.0,2025-03-30 21:04:05
8515,8516,SEC_0367,51.65,7939.0,2025-03-27 13:11:31
8516,8517,SEC_0387,38.5,9798.0,2025-01-19 04:14:49
8517,8518,SEC_0339,29.46,8625.0,2025-03-06 03:56:35
8518,8519,SEC_0266,45.48,1142.0,2025-06-17 16:14:06
8519,8520,SEC_0348,54.73,4127.0,2025-03-27 07:47:48
8520,8521,SEC_0029,52.69,3025.0,2025-01-25 21:50:39
8521,8522,SEC_0463,75.1,9365.0,2025-04-07 18:52:41
8522,8523,SEC_0035,60.42,7008.0,2025-04-10 00:32:38
8523,8524,SEC_0006,49.24,3457.0,2025-05-01 21:25:47
8524,8525,SEC_0396,42.73,6000.0,2025-06-18 09:49:53
8525,8526,SEC_0111,32.1,4198.0,2025-03-01 07:13:16
8526,8527,SEC_0294,39.35,9288.0,2025-02-26 17:49:53
8527,8528,SEC_0077,82.06,5825.0,2025-02-11 04:57:31
8528,8529,SEC_0349,70.77,6767.0,2025-06-24 18:33:29
8529,8530,SEC_0147,59.54,2853.0,2025-06-10 00:40:29
8530,8531,SEC_0067,47.08,2456.0,2025-03-22 13:12:08
8531,8532,SEC_0392,79.23,7515.0,2025-05-17 18:59:43
8532,8533,SEC_0008,40.31,1391.0,2025-06-08 07:26:43
8533,8534,SEC_0122,40.45,4926.0,2025-03-16 12:28:52
8534,8535,SEC_0340,53.09,2837.0,2025-03-30 23:31:14
8535,8536,SEC_0175,28.36,618.0,2025-04-29 01:09:21
8536,8537,SEC_0388,39.97,2470.0,2025-01-05 02:51:57
8537,8538,SEC_0179,-50.86,2703.0,2025-03-15 16:44:41
8538,8539,SEC_0085,47.54,6258.0,2025-04-30 17:22:47
8539,8540,SEC_0451,40.59,8106.0,2025-03-15 18:25:55
8540,8541,SEC_0045,100.55,3166.0,2025-03-12 00:27:41
8541,8542,SEC_0136,82.19,8452.0,2025-01-22 18:31:07
8542,8543,SEC_0343,91.32,4431.0,2025-03-17 00:26:24
8543,8544,SEC_0016,53.0,9239.0,2025-01-27 10:53:16
8544,8545,SEC_0333,-47.15,5993.0,2025-01-21 19:20:15
8545,8546,SEC_0195,88.28,6598.0,2025-06-28 01:23:49
8546,8547,SEC_0496,56.01,1408.0,2025-04-27 23:50:29
8547,8548,SEC_0009,39.72,9593.0,2025-06-07 07:42:41
8548,8549,SEC_0316,40.56,9202.0,2025-03-13 18:48:01
8549,8550,SEC_0334,49.53,5558.0,2025-01-29 11:41:59
8550,8551,SEC_0333,54.24,7000.0,2025-06-24 08:13:46
8551,8552,SEC_0327,55.95,7590.0,2025-06-03 00:45:42
8552,8553,SEC_0015,51.67,3407.0,2025-03-14 04:30:37
8553,8554,SEC_0327,110.15,5701.0,2025-03-20 09:27:29
8554,8555,SEC_0102,36.38,8128.0,2025-02-03 16:13:13
8555,8556,SEC_0226,66.81,4228.0,2025-03-31 09:47:42
8556,8557,SEC_0425,47.31,9937.0,2025-05-02 04:44:00
8557,8558,SEC_0278,53.97,1546.0,2025-02-19 19:40:42
8558,8559,SEC_0408,72.4,7308.0,2025-02-24 20:11:10
8559,8560,SEC_0113,31.98,8133.0,2025-03-09 04:09:51
8560,8561,SEC_0485,41.11,135.0,2025-04-14 07:31:05
8561,8562,SEC_0428,52.45,2860.0,2025-02-23 12:10:39
8562,8563,SEC_0001,85.02,6004.0,2025-03-23 11:42:41
8563,8564,SEC_0266,84.88,1265.0,2025-03-18 23:57:08
8564,8565,SEC_0491,80.09,-1773.0,2025-04-30 13:49:25
8565,8566,SEC_0208,28.28,165.0,2025-03-29 08:06:49
8566,8567,SEC_0110,39.85,8812.0,2025-06-14 07:53:52
8567,8568,SEC_0200,40.34,8423.0,2025-05-17 05:56:01
8568,8569,SEC_0440,53.7,6726.0,2025-05-24 12:21:01
8569,8570,SEC_0369,31.31,2781.0,2025-01-02 01:16:46
8570,8571,SEC_0473,75.9,7754.0,2025-02-07 09:15:47
8571,8572,SEC_0306,30.01,5299.0,2025-01-23 18:30:09
8572,8573,SEC_0012,74.42,9570.0,2025-06-02 18:36:26
8573,8574,SEC_0345,70.9,6815.0,2025-03-25 09:57:09
8574,8575,SEC_0465,39.32,3753.0,2025-06-17 05:42:07
8575,8576,SEC_0188,79.73,3973.0,2025-03-04 01:38:05
8576,8577,SEC_0154,49.4,3233.0,2025-06-06 20:29:55
8577,8578,SEC_0494,45.7,7595.0,2025-06-02 14:34:34
8578,8579,SEC_0368,48.11,403.0,2025-01-23 23:21:54
8579,8580,SEC_0334,49.37,7200.0,2025-02-24 09:31:17
8580,8581,SEC_0425,50.75,6265.0,2025-05-20 12:10:00
8581,8582,SEC_0420,,4481.0,2025-05-03 14:37:05
8582,8583,SEC_0377,41.8,6620.0,2025-01-21 19:46:58
8583,8584,SEC_0279,44.81,2608.0,2025-06-29 11:18:41
8584,8585,SEC_0171,45.99,9383.0,2025-05-24 11:52:15
8585,8586,SEC_0134,90.18,8581.0,2025-02-26 18:58:01
8586,8587,SEC_0495,46.0,3405.0,2025-03-27 10:55:59
8587,8588,SEC_0453,45.12,5643.0,2025-03-15 15:01:26
8588,8589,SEC_0427,86.05,-9966.0,2025-01-16 15:52:24
8589,8590,SEC_0025,-49.57,,2025-04-07 06:17:52
8590,8591,SEC_0018,-41.8,6897.0,2025-01-17 11:06:34
8591,8592,SEC_0190,39.17,1495.0,2025-04-21 04:40:34
8592,8593,SEC_0141,35.66,2752.0,2025-04-13 11:51:49
8593,8594,SEC_0043,64.22,9740.0,2025-03-04 17:53:18
8594,8595,SEC_0334,31.78,6711.0,2025-03-09 10:50:06
8595,8596,SEC_0284,81.77,821.0,2025-06-01 08:05:55
8596,8597,SEC_0146,53.12,5141.0,2025-04-12 21:56:41
8597,8598,SEC_0315,47.89,5139.0,2025-06-03 14:14:07
8598,8599,SEC_0444,50.98,9672.0,2025-05-24 23:34:37
8599,8600,SEC_0319,62.73,2370.0,2025-03-29 04:58:33
8600,8601,SEC_0441,47.42,4066.0,2025-02-18 08:56:48
8601,8602,SEC_0092,51.55,1464.0,2025-05-03 16:38:32
8602,8603,SEC_0179,74.88,1908.0,2025-05-30 23:38:46
8603,8604,SEC_0056,60.59,6202.0,2025-02-10 09:57:01
8604,8605,SEC_0155,37.53,7896.0,2025-06-25 16:14:18
8605,8606,SEC_0160,44.15,7826.0,2025-03-27 15:10:19
8606,8607,SEC_0111,31.99,3966.0,2025-02-11 00:05:10
8607,8608,SEC_0137,65.67,9509.0,2025-04-19 22:43:23
8608,8609,SEC_0232,67.8,182.0,2025-02-09 21:41:36
8609,8610,SEC_0480,41.25,6001.0,2025-02-03 16:14:00
8610,8611,SEC_0468,109.01,7246.0,2025-03-02 18:39:39
8611,8612,SEC_0220,,9153.0,2025-04-17 14:42:51
8612,8613,SEC_0481,54.97,990.0,2025-05-22 17:55:19
8613,8614,SEC_0068,42.98,9918.0,2025-05-25 15:01:46
8614,8615,SEC_0302,59.27,6273.0,2025-05-06 20:58:35
8615,8616,SEC_0249,42.68,707.0,2025-06-15 10:44:57
8616,8617,SEC_0482,72.6,6653.0,2025-02-14 03:40:59
8617,8618,SEC_0496,57.39,,2025-06-12 09:25:39
8618,8619,SEC_0323,58.64,4331.0,2025-02-17 23:04:32
8619,8620,SEC_0410,,1621.0,2025-01-06 07:08:56
8620,8621,SEC_0392,45.34,4650.0,2025-04-15 00:13:11
8621,8622,SEC_0006,45.89,6597.0,2025-02-24 15:36:28
8622,8623,SEC_0464,70.63,4682.0,2025-04-17 18:36:17
8623,8624,SEC_0280,48.11,8045.0,2025-01-07 11:53:07
8624,8625,SEC_0432,88.34,3581.0,2025-06-06 11:31:15
8625,8626,SEC_0487,73.71,8615.0,2025-02-20 19:48:44
8626,8627,SEC_0094,48.84,4016.0,2025-05-15 13:53:26
8627,8628,SEC_0429,,3197.0,2025-04-25 15:16:50
8628,8629,SEC_0269,35.32,6150.0,2025-05-15 09:17:03
8629,8630,SEC_0197,47.25,4554.0,2025-05-16 10:33:43
8630,8631,SEC_0025,61.65,4011.0,2025-01-05 15:40:10
8631,8632,SEC_0148,76.0,6666.0,2025-06-05 00:28:22
8632,8633,SEC_0118,51.15,4647.0,2025-06-14 05:33:45
8633,8634,SEC_0338,41.82,6091.0,2025-04-02 17:55:23
8634,8635,SEC_0367,52.34,3751.0,2025-04-16 18:25:47
8635,8636,SEC_0338,54.93,9838.0,2025-04-27 16:08:35
8636,8637,SEC_0066,80.76,2537.0,2025-06-27 00:18:54
8637,8638,SEC_0458,79.43,3260.0,2025-03-11 21:08:21
8638,8639,SEC_0301,40.42,6880.0,2025-06-04 13:53:06
8639,8640,SEC_0370,62.57,7439.0,2025-06-15 20:03:50
8640,8641,SEC_0175,42.26,2512.0,2025-04-23 21:50:15
8641,8642,SEC_0319,42.62,2091.0,2025-01-10 23:30:13
8642,8643,SEC_0076,74.56,4635.0,2025-03-23 08:44:16
8643,8644,SEC_0495,51.43,568.0,2025-05-03 06:20:55
8644,8645,SEC_0461,66.15,121.0,2025-04-30 10:53:20
8645,8646,SEC_0114,64.1,6769.0,2025-02-14 01:06:55
8646,8647,SEC_0111,-53.31,8508.0,2025-04-19 08:39:30
8647,8648,SEC_0249,60.33,621.0,2025-06-09 01:20:59
8648,8649,SEC_0439,58.04,4064.0,2025-01-24 19:39:45
8649,8650,SEC_0203,38.66,454.0,2025-04-23 08:07:01
8650,8651,SEC_0147,63.19,2735.0,2025-04-23 16:43:19
8651,8652,SEC_0035,44.18,959.0,2025-01-31 17:17:43
8652,8653,SEC_0487,39.62,763.0,2025-06-19 10:01:10
8653,8654,SEC_0309,70.56,9553.0,2025-05-06 07:27:34
8654,8655,SEC_0026,45.72,,2025-03-11 10:20:07
8655,8656,SEC_0238,76.19,6521.0,2025-03-23 01:36:20
8656,8657,SEC_0014,75.91,2052.0,2025-02-15 01:54:58
8657,8658,SEC_0374,47.32,6990.0,2025-06-22 19:49:37
8658,8659,SEC_0045,75.23,8389.0,2025-05-24 20:05:54
8659,8660,SEC_0428,48.58,7808.0,2025-02-07 08:11:54
8660,8661,SEC_0216,53.49,261.0,2025-01-04 05:55:22
8661,8662,SEC_0233,63.32,6747.0,2025-01-01 04:46:58
8662,8663,SEC_0193,100.67,5891.0,2025-03-23 18:43:07
8663,8664,SEC_0051,72.4,6054.0,2025-04-01 10:17:36
8664,8665,SEC_0427,53.66,1281.0,2025-05-31 08:30:54
8665,8666,SEC_0375,56.32,136.0,2025-01-20 03:12:22
8666,8667,SEC_0214,33.96,6100.0,2025-02-13 20:30:13
8667,8668,SEC_0151,73.81,7878.0,2025-05-22 13:56:10
8668,8669,SEC_0440,71.46,2546.0,2025-01-20 11:12:41
8669,8670,SEC_0275,59.44,8561.0,2025-02-10 14:21:17
8670,8671,SEC_0338,67.72,3663.0,2025-04-30 06:20:47
8671,8672,SEC_0076,29.74,6730.0,2025-03-15 18:09:05
8672,8673,SEC_0439,39.47,-3455.0,2025-05-24 02:44:09
8673,8674,SEC_0220,93.73,4809.0,2025-05-30 16:07:44
8674,8675,SEC_0348,50.54,8049.0,2025-02-20 20:50:48
8675,8676,SEC_0444,68.53,6521.0,2025-03-25 14:34:25
8676,8677,SEC_0187,43.64,545.0,2025-02-02 01:08:35
8677,8678,SEC_0289,47.82,,2025-05-08 21:57:12
8678,8679,SEC_0403,95.24,7118.0,2025-02-19 20:15:55
8679,8680,SEC_0028,52.08,4600.0,2025-01-15 15:20:42
8680,8681,SEC_0379,63.88,3424.0,2025-04-20 23:02:40
8681,8682,SEC_0180,56.78,4806.0,2025-04-29 11:11:09
8682,8683,SEC_0253,58.79,4484.0,2025-05-26 23:08:01
8683,8684,SEC_0126,58.19,6972.0,2025-06-09 20:01:21
8684,8685,SEC_0177,30.17,7120.0,2025-02-24 14:55:39
8685,8686,SEC_0037,63.0,1098.0,2025-05-02 07:34:09
8686,8687,SEC_0410,46.47,6861.0,2025-01-21 05:21:02
8687,8688,SEC_0099,93.12,5436.0,2025-05-24 22:12:23
8688,8689,SEC_0098,-43.3,1944.0,2025-04-28 06:31:56
8689,8690,SEC_0127,47.4,1720.0,2025-02-16 11:17:27
8690,8691,SEC_0483,113.73,5769.0,2025-06-06 19:33:45
8691,8692,SEC_0168,67.83,8483.0,2025-06-04 00:29:15
8692,8693,SEC_0080,40.65,9167.0,2025-02-06 00:41:43
8693,8694,SEC_0294,57.57,415.0,2025-02-11 07:05:55
8694,8695,SEC_0333,37.86,9043.0,2025-03-18 19:58:38
8695,8696,SEC_0126,58.98,7106.0,2025-04-04 17:05:11
8696,8697,SEC_0343,42.89,2729.0,2025-01-09 06:43:02
8697,8698,SEC_0310,95.53,7204.0,2025-06-23 17:22:47
8698,8699,SEC_0150,61.95,4642.0,2025-04-08 22:45:36
8699,8700,SEC_0016,63.96,742.0,2025-01-21 09:54:58
8700,8701,SEC_0028,72.6,592.0,2025-05-06 03:14:33
8701,8702,SEC_0496,75.07,-750.0,2025-06-17 05:37:09
8702,8703,SEC_0419,44.4,2220.0,2025-06-26 23:25:04
8703,8704,SEC_0444,56.18,9030.0,2025-06-26 06:47:31
8704,8705,SEC_0173,47.77,8726.0,2025-03-22 16:52:40
8705,8706,SEC_0046,102.33,4461.0,2025-03-06 20:20:22
8706,8707,SEC_0328,27.51,7512.0,2025-04-22 05:52:16
8707,8708,SEC_0236,45.95,9966.0,2025-02-04 13:13:32
8708,8709,SEC_0439,53.3,7509.0,2025-04-12 12:50:03
8709,8710,SEC_0214,56.89,2654.0,2025-02-20 13:37:03
8710,8711,SEC_0085,56.54,2571.0,2025-04-23 22:34:29
8711,8712,SEC_0282,53.85,5749.0,2025-06-01 08:48:27
8712,8713,SEC_0232,52.0,265.0,2025-01-22 12:12:33
8713,8714,SEC_0085,58.7,3596.0,2025-04-12 18:12:15
8714,8715,SEC_0409,62.71,2035.0,2025-06-21 02:38:21
8715,8716,SEC_0489,93.43,3203.0,2025-01-08 16:44:33
8716,8717,SEC_0065,93.18,8574.0,2025-02-03 01:19:51
8717,8718,SEC_0134,59.76,9359.0,2025-02-17 10:51:18
8718,8719,SEC_0151,47.06,389.0,2025-05-25 08:21:33
8719,8720,SEC_0115,48.06,6198.0,2025-04-15 18:43:01
8720,8721,SEC_0064,36.81,2072.0,2025-03-10 03:03:09
8721,8722,SEC_0343,72.67,8587.0,2025-01-20 14:36:25
8722,8723,SEC_0427,53.87,7841.0,2025-05-14 12:50:29
8723,8724,SEC_0363,62.25,3257.0,2025-05-01 09:30:32
8724,8725,SEC_0407,60.35,4020.0,2025-01-24 15:28:40
8725,8726,SEC_0352,44.29,6059.0,2025-05-13 13:27:53
8726,8727,SEC_0158,42.68,6631.0,2025-03-18 23:40:57
8727,8728,SEC_0077,47.66,2860.0,2025-06-09 14:24:01
8728,8729,SEC_0491,63.16,2394.0,2025-01-03 17:49:54
8729,8730,SEC_0146,53.29,6820.0,2025-02-02 05:07:59
8730,8731,SEC_0343,32.15,6072.0,2025-06-12 19:04:09
8731,8732,SEC_0463,40.16,2051.0,2025-06-15 00:10:30
8732,8733,SEC_0225,50.39,3122.0,2025-03-12 11:20:42
8733,8734,SEC_0405,54.1,9117.0,2025-01-13 12:42:49
8734,8735,SEC_0313,63.73,4972.0,2025-01-06 11:52:43
8735,8736,SEC_0103,55.25,7696.0,2025-03-09 01:31:40
8736,8737,SEC_0407,48.97,3355.0,2025-05-16 11:57:01
8737,8738,SEC_0347,48.47,4475.0,2025-02-13 03:09:28
8738,8739,SEC_0301,58.0,3398.0,2025-05-16 21:14:35
8739,8740,SEC_0428,61.89,5418.0,2025-02-13 06:55:08
8740,8741,SEC_0466,49.45,3769.0,2025-05-22 02:46:53
8741,8742,SEC_0088,39.52,6282.0,2025-01-16 03:57:25
8742,8743,SEC_0371,53.01,2982.0,2025-05-26 15:07:54
8743,8744,SEC_0303,44.93,5522.0,2025-05-21 17:52:00
8744,8745,SEC_0168,59.52,3473.0,2025-02-21 08:32:46
8745,8746,SEC_0435,85.13,2618.0,2025-04-13 03:04:06
8746,8747,SEC_0170,36.4,5482.0,2025-01-28 18:09:46
8747,8748,SEC_0135,77.11,6210.0,2025-03-04 19:40:32
8748,8749,SEC_0050,62.85,3500.0,2025-06-07 12:24:04
8749,8750,SEC_0432,76.01,6996.0,2025-02-20 22:25:12
8750,8751,SEC_0340,47.91,7882.0,2025-02-09 06:22:49
8751,8752,SEC_0347,35.38,3593.0,2025-04-17 15:34:07
8752,8753,SEC_0134,57.62,8624.0,2025-06-29 06:44:58
8753,8754,SEC_0347,83.09,6055.0,2025-05-05 06:40:25
8754,8755,SEC_0137,39.72,7273.0,2025-02-02 04:08:56
8755,8756,SEC_0245,41.55,9305.0,2025-01-27 12:31:12
8756,8757,SEC_0109,65.12,4697.0,2025-04-03 07:34:29
8757,8758,SEC_0313,46.82,7547.0,2025-04-18 00:08:46
8758,8759,SEC_0287,90.0,6474.0,2025-05-11 10:34:42
8759,8760,SEC_0021,66.4,5223.0,2025-01-29 11:24:14
8760,8761,SEC_0090,44.0,2450.0,2025-04-23 01:44:59
8761,8762,SEC_0296,46.09,5803.0,2025-02-09 07:16:24
8762,8763,SEC_0112,46.64,545.0,2025-03-12 04:45:49
8763,8764,SEC_0301,53.9,6653.0,2025-02-08 21:31:23
8764,8765,SEC_0077,59.82,6328.0,2025-02-11 04:52:02
8765,8766,SEC_0177,58.52,7059.0,2025-04-24 22:28:33
8766,8767,SEC_0343,38.96,2629.0,2025-06-17 08:12:31
8767,8768,SEC_0148,71.56,3452.0,2025-06-11 04:00:39
8768,8769,SEC_0101,50.05,8730.0,2025-01-15 11:38:07
8769,8770,SEC_0246,41.34,1437.0,2025-01-31 06:14:42
8770,8771,SEC_0117,47.52,8088.0,2025-02-27 17:14:38
8771,8772,SEC_0092,74.02,6662.0,2025-03-02 09:56:20
8772,8773,SEC_0401,57.81,3063.0,2025-02-09 11:40:27
8773,8774,SEC_0028,59.34,260.0,2025-01-22 00:54:29
8774,8775,SEC_0425,38.44,7552.0,2025-04-11 21:25:18
8775,8776,SEC_0450,56.81,4412.0,2025-04-29 07:01:31
8776,8777,SEC_0025,73.65,4842.0,2025-02-14 10:47:10
8777,8778,SEC_0058,31.79,7962.0,2025-02-22 11:54:37
8778,8779,SEC_0498,48.59,719.0,2025-06-23 00:18:49
8779,8780,SEC_0297,65.82,5197.0,2025-06-20 11:12:38
8780,8781,SEC_0134,57.25,2728.0,2025-03-24 22:31:22
8781,8782,SEC_0331,40.22,7547.0,2025-01-01 18:01:42
8782,8783,SEC_0249,61.53,8653.0,2025-05-17 04:04:14
8783,8784,SEC_0038,-38.47,2855.0,2025-02-03 02:46:12
8784,8785,SEC_0390,42.09,5201.0,2025-06-16 09:27:27
8785,8786,SEC_0429,43.43,4068.0,2025-03-01 16:31:06
8786,8787,SEC_0075,86.75,9895.0,2025-02-09 08:06:57
8787,8788,SEC_0142,33.09,2978.0,2025-03-12 04:25:24
8788,8789,SEC_0322,33.83,3481.0,2025-01-21 06:05:53
8789,8790,SEC_0168,59.44,9934.0,2025-04-24 14:14:37
8790,8791,SEC_0259,56.34,-8222.0,2025-02-04 11:41:05
8791,8792,SEC_0373,47.42,3494.0,2025-03-07 01:51:43
8792,8793,SEC_0355,54.83,9174.0,2025-06-12 14:12:11
8793,8794,SEC_0225,39.67,231.0,2025-05-24 06:48:10
8794,8795,SEC_0152,56.13,7527.0,2025-05-24 08:41:44
8795,8796,SEC_0019,58.14,5282.0,2025-05-02 08:29:26
8796,8797,SEC_0146,78.6,1252.0,2025-05-27 14:09:07
8797,8798,SEC_0448,96.76,5341.0,2025-06-25 06:51:27
8798,8799,SEC_0241,50.39,6890.0,2025-06-22 17:15:57
8799,8800,SEC_0372,37.26,1964.0,2025-03-19 14:55:06
8800,8801,SEC_0381,61.28,3167.0,2025-05-01 05:00:13
8801,8802,SEC_0344,52.45,1779.0,2025-05-04 21:13:11
8802,8803,SEC_0237,51.76,8053.0,2025-05-05 17:44:10
8803,8804,SEC_0035,33.67,4871.0,2025-01-02 00:33:30
8804,8805,SEC_0190,56.24,1148.0,2025-02-11 06:31:56
8805,8806,SEC_0001,61.98,2848.0,2025-04-28 13:40:03
8806,8807,SEC_0484,73.55,3851.0,2025-05-31 19:01:51
8807,8808,SEC_0153,46.92,3071.0,2025-06-22 23:38:24
8808,8809,SEC_0429,42.62,621.0,2025-02-15 05:47:39
8809,8810,SEC_0433,46.8,964.0,2025-03-03 06:55:25
8810,8811,SEC_0126,72.25,7216.0,2025-06-05 18:24:25
8811,8812,SEC_0491,82.75,2143.0,2025-06-15 13:34:21
8812,8813,SEC_0482,76.42,9693.0,2025-06-18 15:03:14
8813,8814,SEC_0345,66.31,7419.0,2025-04-03 10:29:31
8814,8815,SEC_0400,54.07,1327.0,2025-01-19 04:36:49
8815,8816,SEC_0226,56.66,122.0,2025-03-24 15:25:05
8816,8817,SEC_0221,59.2,4314.0,2025-03-27 10:19:18
8817,8818,SEC_0403,50.62,1077.0,2025-01-01 09:22:23
8818,8819,SEC_0407,71.29,1183.0,2025-05-26 14:40:44
8819,8820,SEC_0211,33.25,795.0,2025-03-18 20:27:47
8820,8821,SEC_0025,35.15,-9817.0,2025-06-17 08:06:33
8821,8822,SEC_0016,33.24,4272.0,2025-01-22 10:30:51
8822,8823,SEC_0182,42.92,8484.0,2025-04-11 08:38:00
8823,8824,SEC_0499,81.77,7327.0,2025-02-24 14:46:41
8824,8825,SEC_0329,38.22,8683.0,2025-03-20 15:47:11
8825,8826,SEC_0129,38.64,2809.0,2025-03-14 22:20:56
8826,8827,SEC_0042,42.62,3429.0,2025-04-08 20:25:57
8827,8828,SEC_0403,76.12,8826.0,2025-05-30 16:27:53
8828,8829,SEC_0481,83.98,3500.0,2025-02-27 23:19:03
8829,8830,SEC_0418,74.03,2173.0,2025-01-10 13:09:42
8830,8831,SEC_0336,75.42,5987.0,2025-04-19 04:11:22
8831,8832,SEC_0236,89.62,3908.0,2025-02-11 06:08:12
8832,8833,SEC_0360,31.85,4700.0,2025-06-15 16:27:03
8833,8834,SEC_0439,37.81,7082.0,2025-02-26 02:23:08
8834,8835,SEC_0402,44.25,5225.0,2025-02-22 08:11:27
8835,8836,SEC_0034,56.32,3469.0,2025-02-14 15:27:20
8836,8837,SEC_0345,56.27,5761.0,2025-02-21 03:02:03
8837,8838,SEC_0381,56.53,,2025-03-24 23:06:22
8838,8839,SEC_0045,70.12,4264.0,2025-04-20 19:19:56
8839,8840,SEC_0134,30.71,7770.0,2025-02-08 22:06:07
8840,8841,SEC_0021,52.35,8951.0,2025-04-19 07:11:59
8841,8842,SEC_0122,59.13,-1198.0,2025-02-17 20:48:39
8842,8843,SEC_0070,49.52,1905.0,2025-06-12 17:27:19
8843,8844,SEC_0352,57.79,5270.0,2025-04-30 03:45:11
8844,8845,SEC_0361,74.19,1651.0,2025-04-04 12:09:05
8845,8846,SEC_0048,55.63,3192.0,2025-02-01 11:15:29
8846,8847,SEC_0491,103.68,28.0,2025-02-17 10:27:54
8847,8848,SEC_0039,72.62,6261.0,2025-05-16 22:26:39
8848,8849,SEC_0287,59.14,2751.0,2025-05-20 01:21:52
8849,8850,SEC_0490,63.51,2880.0,2025-03-19 00:24:41
8850,8851,SEC_0010,68.24,4358.0,2025-06-28 23:27:29
8851,8852,SEC_0030,90.53,2833.0,2025-03-08 07:21:30
8852,8853,SEC_0244,77.66,3110.0,2025-04-30 20:03:30
8853,8854,SEC_0274,63.7,9653.0,2025-01-23 05:25:39
8854,8855,SEC_0444,43.88,5759.0,2025-06-11 10:17:23
8855,8856,SEC_0088,61.84,2922.0,2025-03-23 05:03:47
8856,8857,SEC_0244,64.95,1434.0,2025-06-20 12:40:01
8857,8858,SEC_0381,68.95,4429.0,2025-02-12 05:48:42
8858,8859,SEC_0329,43.81,7699.0,2025-02-01 00:14:29
8859,8860,SEC_0479,68.13,8112.0,2025-03-08 20:38:40
8860,8861,SEC_0015,69.42,3537.0,2025-01-12 11:05:15
8861,8862,SEC_0004,37.98,6864.0,2025-04-14 08:06:21
8862,8863,SEC_0191,38.08,1182.0,2025-05-01 05:37:08
8863,8864,SEC_0168,76.36,3406.0,2025-03-12 16:20:17
8864,8865,SEC_0009,42.24,3915.0,2025-04-05 15:30:48
8865,8866,SEC_0109,86.6,9976.0,2025-06-03 18:06:25
8866,8867,SEC_0137,50.22,3723.0,2025-03-04 06:52:37
8867,8868,SEC_0154,61.28,2643.0,2025-04-15 07:28:19
8868,8869,SEC_0388,60.39,7578.0,2025-06-27 18:43:01
8869,8870,SEC_0209,44.06,-3712.0,2025-03-31 10:11:58
8870,8871,SEC_0272,82.86,2961.0,2025-04-08 14:37:53
8871,8872,SEC_0143,-50.23,4831.0,2025-03-27 16:20:43
8872,8873,SEC_0099,55.57,5459.0,2025-01-25 08:51:29
8873,8874,SEC_0377,30.12,9772.0,2025-02-09 02:57:47
8874,8875,SEC_0308,36.56,1620.0,2025-04-21 03:00:54
8875,8876,SEC_0069,76.56,6139.0,2025-06-12 08:15:43
8876,8877,SEC_0247,54.51,6681.0,2025-05-05 01:42:10
8877,8878,SEC_0261,45.8,2341.0,2025-04-04 11:55:14
8878,8879,SEC_0276,46.02,9420.0,2025-01-24 15:10:06
8879,8880,SEC_0079,64.37,1729.0,2025-06-14 10:54:38
8880,8881,SEC_0146,79.69,3586.0,2025-03-12 19:15:50
8881,8882,SEC_0111,46.13,202.0,2025-06-11 04:22:26
8882,8883,SEC_0258,75.85,5986.0,2025-02-03 01:10:42
8883,8884,SEC_0093,52.04,6176.0,2025-05-13 21:06:30
8884,8885,SEC_0013,63.45,3161.0,2025-03-19 09:40:12
8885,8886,SEC_0260,32.06,,2025-01-19 11:33:37
8886,8887,SEC_0426,33.75,7873.0,2025-06-09 23:59:25
8887,8888,SEC_0109,69.83,7840.0,2025-02-26 23:23:18
8888,8889,SEC_0330,59.29,6860.0,2025-02-12 22:04:02
8889,8890,SEC_0189,61.63,753.0,2025-02-06 10:23:00
8890,8891,SEC_0095,39.5,115.0,2025-05-25 18:17:26
8891,8892,SEC_0105,48.1,5342.0,2025-02-11 11:29:16
8892,8893,SEC_0008,33.06,3981.0,2025-06-18 11:08:17
8893,8894,SEC_0067,42.34,6326.0,2025-03-01 06:16:55
8894,8895,SEC_0496,,2819.0,2025-01-22 05:56:33
8895,8896,SEC_0191,60.24,469.0,2025-05-05 02:21:55
8896,8897,SEC_0366,44.09,426.0,2025-01-09 08:42:11
8897,8898,SEC_0256,64.43,8142.0,2025-06-13 05:55:19
8898,8899,SEC_0009,53.97,1576.0,2025-06-21 14:10:08
8899,8900,SEC_0478,51.02,834.0,2025-01-04 03:43:55
8900,8901,SEC_0117,55.99,4107.0,2025-01-10 23:58:32
8901,8902,SEC_0267,102.5,3704.0,2025-01-17 19:58:27
8902,8903,SEC_0099,52.02,1409.0,2025-01-05 10:21:25
8903,8904,SEC_0485,72.65,3482.0,2025-06-24 21:30:52
8904,8905,SEC_0298,64.32,6186.0,2025-01-11 21:00:44
8905,8906,SEC_0397,50.68,5822.0,2025-06-20 18:04:05
8906,8907,SEC_0164,34.29,6845.0,2025-01-16 13:16:12
8907,8908,SEC_0376,45.23,6396.0,2025-01-22 18:05:49
8908,8909,SEC_0141,55.86,8796.0,2025-01-14 15:17:28
8909,8910,SEC_0268,52.91,213.0,2025-04-03 13:36:45
8910,8911,SEC_0037,80.56,6412.0,2025-05-19 06:12:59
8911,8912,SEC_0074,43.81,4802.0,2025-06-01 00:41:39
8912,8913,SEC_0073,52.25,1759.0,2025-06-06 08:42:15
8913,8914,SEC_0308,64.13,5781.0,2025-06-18 17:10:40
8914,8915,SEC_0199,50.23,8974.0,2025-05-31 12:55:00
8915,8916,SEC_0130,73.12,1527.0,2025-05-03 04:40:31
8916,8917,SEC_0246,39.4,841.0,2025-06-01 06:33:38
8917,8918,SEC_0312,34.61,1342.0,2025-02-25 04:33:07
8918,8919,SEC_0060,50.1,1501.0,2025-06-16 02:34:15
8919,8920,SEC_0279,53.45,8122.0,2025-02-01 18:03:59
8920,8921,SEC_0103,58.29,5560.0,2025-01-08 03:26:18
8921,8922,SEC_0296,56.91,5927.0,2025-04-25 06:03:05
8922,8923,SEC_0320,48.3,8708.0,2025-05-26 13:54:02
8923,8924,SEC_0487,34.73,7676.0,2025-04-30 14:02:37
8924,8925,SEC_0341,52.69,9340.0,2025-01-25 01:52:30
8925,8926,SEC_0151,39.97,6458.0,2025-01-11 06:51:13
8926,8927,SEC_0157,55.77,3257.0,2025-01-13 22:48:39
8927,8928,SEC_0206,39.16,2595.0,2025-05-13 03:43:34
8928,8929,SEC_0474,61.18,3657.0,2025-01-02 14:13:16
8929,8930,SEC_0179,90.05,9741.0,2025-06-19 02:22:46
8930,8931,SEC_0197,43.91,2087.0,2025-06-05 04:23:54
8931,8932,SEC_0223,37.36,3156.0,2025-01-22 19:40:28
8932,8933,SEC_0089,76.97,7189.0,2025-03-07 17:13:14
8933,8934,SEC_0287,92.77,6397.0,2025-05-07 08:10:42
8934,8935,SEC_0434,37.57,979.0,2025-03-08 22:13:53
8935,8936,SEC_0276,53.12,3048.0,2025-05-14 09:39:27
8936,8937,SEC_0236,63.18,-2590.0,2025-06-04 02:11:12
8937,8938,SEC_0183,50.5,2007.0,2025-03-27 07:11:02
8938,8939,SEC_0209,32.28,6784.0,2025-06-20 19:46:42
8939,8940,SEC_0493,36.17,5943.0,2025-05-26 01:38:55
8940,8941,SEC_0130,37.32,2600.0,2025-01-17 18:44:47
8941,8942,SEC_0153,39.96,2509.0,2025-02-22 03:03:53
8942,8943,SEC_0013,56.04,8472.0,2025-01-22 19:41:43
8943,8944,SEC_0122,75.89,1194.0,2025-02-27 21:43:33
8944,8945,SEC_0359,36.33,5916.0,2025-04-15 04:35:57
8945,8946,SEC_0220,43.13,9950.0,2025-05-20 00:56:22
8946,8947,SEC_0106,39.13,2046.0,2025-02-07 12:40:42
8947,8948,SEC_0375,59.53,7797.0,2025-01-18 07:16:46
8948,8949,SEC_0070,42.67,8440.0,2025-01-21 04:35:01
8949,8950,SEC_0195,40.32,9577.0,2025-06-25 05:29:26
8950,8951,SEC_0186,33.81,9565.0,2025-04-22 22:23:16
8951,8952,SEC_0099,82.1,7603.0,2025-03-06 21:14:32
8952,8953,SEC_0082,105.31,3673.0,2025-05-19 14:47:14
8953,8954,SEC_0075,55.99,7182.0,2025-02-06 09:26:45
8954,8955,SEC_0374,-85.26,45.0,2025-04-11 00:44:40
8955,8956,SEC_0340,46.06,2086.0,2025-01-07 16:35:10
8956,8957,SEC_0192,54.58,4512.0,2025-04-14 04:20:16
8957,8958,SEC_0325,66.38,6389.0,2025-02-01 23:19:48
8958,8959,SEC_0467,43.57,7776.0,2025-03-19 14:57:48
8959,8960,SEC_0214,52.05,5372.0,2025-02-04 23:11:15
8960,8961,SEC_0315,50.16,7949.0,2025-06-10 21:53:12
8961,8962,SEC_0444,62.26,6224.0,2025-05-14 20:47:22
8962,8963,SEC_0467,55.62,4324.0,2025-03-25 21:18:20
8963,8964,SEC_0382,43.89,6627.0,2025-02-08 17:29:04
8964,8965,SEC_0367,49.89,8815.0,2025-04-19 23:56:28
8965,8966,SEC_0318,76.28,8050.0,2025-03-19 21:09:07
8966,8967,SEC_0144,64.37,7092.0,2025-04-13 04:34:08
8967,8968,SEC_0384,62.71,8677.0,2025-04-10 00:59:46
8968,8969,SEC_0216,107.43,8217.0,2025-03-15 01:58:55
8969,8970,SEC_0361,38.89,,2025-04-29 07:28:19
8970,8971,SEC_0324,,1249.0,2025-05-13 21:33:24
8971,8972,SEC_0015,55.5,8971.0,2025-02-26 08:53:57
8972,8973,SEC_0217,60.53,5027.0,2025-05-01 18:20:32
8973,8974,SEC_0492,57.67,2843.0,2025-05-20 07:29:13
8974,8975,SEC_0439,44.24,5699.0,2025-03-18 18:16:10
8975,8976,SEC_0035,40.02,1583.0,2025-02-24 15:47:56
8976,8977,SEC_0183,54.6,4849.0,2025-01-26 10:03:08
8977,8978,SEC_0270,43.18,9906.0,2025-05-02 04:03:53
8978,8979,SEC_0433,48.87,3139.0,2025-02-08 21:25:01
8979,8980,SEC_0467,69.37,4756.0,2025-05-08 19:10:51
8980,8981,SEC_0358,37.79,1518.0,2025-01-08 19:37:03
8981,8982,SEC_0100,51.55,4643.0,2025-04-11 08:36:28
8982,8983,SEC_0007,74.92,-5197.0,2025-05-25 11:31:42
8983,8984,SEC_0030,46.89,3769.0,2025-01-24 08:27:39
8984,8985,SEC_0467,84.85,6199.0,2025-06-28 10:41:07
8985,8986,SEC_0305,34.29,8073.0,2025-06-05 22:02:27
8986,8987,SEC_0473,94.24,9689.0,2025-03-13 23:58:40
8987,8988,SEC_0144,54.89,5559.0,2025-06-18 06:52:01
8988,8989,SEC_0111,36.65,9928.0,2025-05-23 04:59:54
8989,8990,SEC_0232,70.1,1344.0,2025-04-01 17:48:25
8990,8991,SEC_0179,62.13,5491.0,2025-05-26 20:23:16
8991,8992,SEC_0072,82.65,5336.0,2025-01-09 16:19:29
8992,8993,SEC_0210,34.44,49.0,2025-03-14 05:01:28
8993,8994,SEC_0220,39.3,5917.0,2025-02-21 17:35:28
8994,8995,SEC_0080,68.79,2511.0,2025-05-29 15:44:36
8995,8996,SEC_0500,,6226.0,2025-02-18 13:50:58
8996,8997,SEC_0083,64.88,3661.0,2025-06-07 05:16:48
8997,8998,SEC_0042,67.97,1747.0,2025-02-16 02:13:38
8998,8999,SEC_0273,43.45,8688.0,2025-05-27 03:18:18
8999,9000,SEC_0191,51.7,8171.0,2025-05-14 20:41:41
9000,9001,SEC_0173,45.33,634.0,2025-04-24 04:51:21
9001,9002,SEC_0461,63.48,6981.0,2025-03-10 14:37:24
9002,9003,SEC_0007,72.16,2721.0,2025-01-01 00:30:03
9003,9004,SEC_0155,57.73,176.0,2025-06-03 03:35:07
9004,9005,SEC_0010,69.31,8831.0,2025-04-21 20:08:48
9005,9006,SEC_0034,54.13,8153.0,2025-05-23 04:58:02
9006,9007,SEC_0036,-81.24,3358.0,2025-03-20 07:24:36
9007,9008,SEC_0409,42.16,4393.0,2025-01-19 03:27:20
9008,9009,SEC_0006,83.49,5380.0,2025-03-16 00:51:06
9009,9010,SEC_0408,44.04,5971.0,2025-01-10 09:59:09
9010,9011,SEC_0402,54.87,8667.0,2025-06-04 05:32:27
9011,9012,SEC_0215,38.16,9839.0,2025-03-16 20:27:07
9012,9013,SEC_0134,63.55,1959.0,2025-02-14 18:53:32
9013,9014,SEC_0285,56.79,6680.0,2025-01-28 09:21:40
9014,9015,SEC_0126,68.14,7349.0,2025-04-19 14:51:16
9015,9016,SEC_0409,-32.46,5885.0,2025-04-26 04:07:44
9016,9017,SEC_0439,56.84,8541.0,2025-03-14 03:47:16
9017,9018,SEC_0337,61.62,8829.0,2025-04-08 19:32:07
9018,9019,SEC_0174,40.59,3615.0,2025-01-24 02:59:04
9019,9020,SEC_0152,64.07,3821.0,2025-05-02 22:42:26
9020,9021,SEC_0331,27.41,4323.0,2025-06-28 15:04:35
9021,9022,SEC_0026,52.55,5468.0,2025-05-26 19:49:58
9022,9023,SEC_0383,83.41,-5503.0,2025-01-02 16:30:46
9023,9024,SEC_0115,52.41,6380.0,2025-04-09 06:50:24
9024,9025,SEC_0382,44.0,1205.0,2025-04-04 07:21:14
9025,9026,SEC_0482,53.55,6450.0,2025-01-29 23:45:41
9026,9027,SEC_0284,56.24,8540.0,2025-05-01 06:46:04
9027,9028,SEC_0387,71.44,1204.0,2025-01-19 05:55:55
9028,9029,SEC_0075,56.77,6559.0,2025-06-14 08:30:21
9029,9030,SEC_0166,68.62,983.0,2025-05-04 04:17:35
9030,9031,SEC_0189,56.13,8924.0,2025-02-13 15:36:24
9031,9032,SEC_0078,43.61,6529.0,2025-01-22 20:52:52
9032,9033,SEC_0435,35.85,6656.0,2025-01-15 10:21:43
9033,9034,SEC_0090,61.04,5600.0,2025-01-15 05:56:42
9034,9035,SEC_0176,26.01,5691.0,2025-04-24 06:26:39
9035,9036,SEC_0021,32.15,5906.0,2025-04-13 17:20:41
9036,9037,SEC_0054,35.89,6332.0,2025-05-13 01:14:50
9037,9038,SEC_0184,67.65,8645.0,2025-01-03 00:29:28
9038,9039,SEC_0359,34.92,4074.0,2025-03-11 22:43:05
9039,9040,SEC_0222,62.87,2895.0,2025-04-01 17:34:49
9040,9041,SEC_0315,40.06,2235.0,2025-01-17 22:33:48
9041,9042,SEC_0328,52.25,7632.0,2025-02-14 17:57:54
9042,9043,SEC_0179,53.58,5860.0,2025-06-16 21:28:29
9043,9044,SEC_0276,52.02,8356.0,2025-02-15 20:41:53
9044,9045,SEC_0112,44.97,1448.0,2025-04-23 13:34:28
9045,9046,SEC_0224,34.13,-102.0,2025-04-14 16:57:19
9046,9047,SEC_0214,55.04,7435.0,2025-01-14 23:26:21
9047,9048,SEC_0059,64.54,7321.0,2025-04-04 15:46:33
9048,9049,SEC_0327,66.94,9645.0,2025-05-13 03:22:30
9049,9050,SEC_0393,55.95,536.0,2025-03-20 07:02:39
9050,9051,SEC_0109,58.98,7501.0,2025-01-02 20:32:10
9051,9052,SEC_0385,43.32,-1701.0,2025-01-14 14:14:13
9052,9053,SEC_0157,62.48,7040.0,2025-03-18 05:37:07
9053,9054,SEC_0191,61.79,9656.0,2025-04-24 23:45:02
9054,9055,SEC_0200,49.93,7115.0,2025-02-10 20:17:44
9055,9056,SEC_0312,55.39,7470.0,2025-05-26 03:07:58
9056,9057,SEC_0196,54.16,6493.0,2025-02-14 15:20:43
9057,9058,SEC_0035,62.61,4345.0,2025-03-22 22:43:38
9058,9059,SEC_0379,34.36,1972.0,2025-05-24 15:27:43
9059,9060,SEC_0387,34.15,9645.0,2025-05-12 23:25:55
9060,9061,SEC_0246,34.69,9786.0,2025-06-18 04:31:30
9061,9062,SEC_0237,47.78,713.0,2025-05-11 18:29:14
9062,9063,SEC_0104,62.59,3656.0,2025-04-05 03:21:56
9063,9064,SEC_0007,27.83,6242.0,2025-01-09 08:16:35
9064,9065,SEC_0283,56.16,6473.0,2025-03-23 04:57:37
9065,9066,SEC_0001,78.11,7761.0,2025-04-08 06:21:38
9066,9067,SEC_0219,59.26,9641.0,2025-05-09 06:47:55
9067,9068,SEC_0464,29.79,3649.0,2025-02-28 06:05:21
9068,9069,SEC_0230,63.84,5125.0,2025-06-16 22:22:24
9069,9070,SEC_0455,58.71,8651.0,2025-05-11 14:20:33
9070,9071,SEC_0172,49.26,2844.0,2025-03-11 13:31:39
9071,9072,SEC_0087,57.66,7974.0,2025-04-07 12:36:23
9072,9073,SEC_0041,35.92,593.0,2025-03-22 21:25:27
9073,9074,SEC_0123,55.44,498.0,2025-01-30 03:22:35
9074,9075,SEC_0331,63.03,2135.0,2025-02-24 13:52:41
9075,9076,SEC_0298,44.35,2450.0,2025-01-20 13:08:37
9076,9077,SEC_0373,47.41,5413.0,2025-06-14 17:31:06
9077,9078,SEC_0417,46.05,7449.0,2025-05-25 05:58:51
9078,9079,SEC_0178,47.34,4293.0,2025-03-31 11:06:50
9079,9080,SEC_0063,42.56,27.0,2025-03-10 15:07:06
9080,9081,SEC_0484,43.33,9910.0,2025-01-30 21:49:42
9081,9082,SEC_0165,63.74,2254.0,2025-04-11 05:40:54
9082,9083,SEC_0489,32.37,3643.0,2025-02-02 22:59:38
9083,9084,SEC_0187,57.68,3656.0,2025-03-22 02:20:55
9084,9085,SEC_0383,63.7,9476.0,2025-05-07 09:55:04
9085,9086,SEC_0209,36.39,1087.0,2025-05-13 22:03:25
9086,9087,SEC_0227,53.36,8023.0,2025-02-19 20:09:59
9087,9088,SEC_0432,41.47,2016.0,2025-01-04 08:31:46
9088,9089,SEC_0389,76.78,5068.0,2025-04-03 13:50:31
9089,9090,SEC_0048,51.33,-9908.0,2025-04-07 06:56:50
9090,9091,SEC_0224,84.94,7124.0,2025-04-29 03:41:41
9091,9092,SEC_0003,81.18,9919.0,2025-04-01 17:31:34
9092,9093,SEC_0372,59.87,7085.0,2025-01-13 06:45:43
9093,9094,SEC_0175,103.84,9100.0,2025-06-14 19:58:33
9094,9095,SEC_0446,34.04,3464.0,2025-04-01 21:58:45
9095,9096,SEC_0099,84.24,4342.0,2025-01-13 05:10:33
9096,9097,SEC_0116,50.38,6422.0,2025-01-22 23:56:51
9097,9098,SEC_0270,52.56,4468.0,2025-06-11 16:17:11
9098,9099,SEC_0447,47.54,9001.0,2025-03-03 08:29:26
9099,9100,SEC_0368,35.34,2897.0,2025-01-05 01:34:49
9100,9101,SEC_0253,64.77,3129.0,2025-04-05 10:18:54
9101,9102,SEC_0317,37.63,,2025-06-21 07:08:55
9102,9103,SEC_0415,-45.73,9343.0,2025-04-14 04:21:48
9103,9104,SEC_0095,46.34,6881.0,2025-01-01 16:24:09
9104,9105,SEC_0273,73.6,1335.0,2025-01-09 15:28:38
9105,9106,SEC_0380,53.4,8710.0,2025-06-07 00:24:02
9106,9107,SEC_0024,26.23,7079.0,2025-01-25 17:23:52
9107,9108,SEC_0116,41.69,1289.0,2025-05-24 06:14:07
9108,9109,SEC_0151,-34.17,8938.0,2025-01-18 11:43:27
9109,9110,SEC_0338,63.48,5648.0,2025-04-13 06:08:06
9110,9111,SEC_0050,38.29,5929.0,2025-01-27 23:32:59
9111,9112,SEC_0206,45.52,4803.0,2025-03-27 17:12:00
9112,9113,SEC_0498,92.31,698.0,2025-03-31 07:55:27
9113,9114,SEC_0335,66.09,475.0,2025-02-15 22:35:06
9114,9115,SEC_0079,38.5,7697.0,2025-04-09 10:28:21
9115,9116,SEC_0070,69.93,6533.0,2025-05-24 16:31:56
9116,9117,SEC_0027,44.02,8703.0,2025-03-17 20:10:41
9117,9118,SEC_0271,69.88,8730.0,2025-05-30 02:07:02
9118,9119,SEC_0050,48.25,2945.0,2025-04-24 15:22:47
9119,9120,SEC_0292,40.94,5633.0,2025-03-04 05:35:58
9120,9121,SEC_0247,39.8,5385.0,2025-01-26 19:13:48
9121,9122,SEC_0264,59.52,1367.0,2025-04-25 07:53:00
9122,9123,SEC_0079,71.8,1062.0,2025-06-09 08:35:27
9123,9124,SEC_0387,-61.05,2308.0,2025-01-27 14:56:28
9124,9125,SEC_0190,47.95,308.0,2025-05-25 12:31:26
9125,9126,SEC_0047,31.84,9189.0,2025-06-07 23:46:07
9126,9127,SEC_0461,45.07,9477.0,2025-06-26 00:03:33
9127,9128,SEC_0361,37.5,9322.0,2025-05-13 07:26:44
9128,9129,SEC_0354,82.32,304.0,2025-02-02 15:16:25
9129,9130,SEC_0472,48.45,6487.0,2025-05-11 20:08:35
9130,9131,SEC_0488,59.75,5567.0,2025-02-15 22:13:44
9131,9132,SEC_0352,49.25,,2025-02-09 12:49:59
9132,9133,SEC_0189,62.11,3892.0,2025-01-30 13:47:32
9133,9134,SEC_0416,67.72,9047.0,2025-04-06 23:32:28
9134,9135,SEC_0256,109.79,9938.0,2025-05-21 12:28:00
9135,9136,SEC_0222,47.62,5725.0,2025-01-29 06:56:39
9136,9137,SEC_0372,74.66,6281.0,2025-06-18 21:01:59
9137,9138,SEC_0241,59.35,5351.0,2025-02-07 19:36:54
9138,9139,SEC_0269,45.9,9010.0,2025-06-05 08:44:54
9139,9140,SEC_0001,46.9,9165.0,2025-02-10 16:23:59
9140,9141,SEC_0034,62.88,4134.0,2025-02-14 16:08:55
9141,9142,SEC_0446,49.95,9371.0,2025-01-31 11:48:16
9142,9143,SEC_0079,56.34,105.0,2025-01-23 21:09:02
9143,9144,SEC_0236,66.65,8447.0,2025-01-21 09:43:14
9144,9145,SEC_0334,115.42,7572.0,2025-06-14 10:32:03
9145,9146,SEC_0377,55.13,6602.0,2025-03-27 08:49:30
9146,9147,SEC_0349,38.92,6672.0,2025-02-08 14:52:25
9147,9148,SEC_0098,61.52,8783.0,2025-04-13 14:17:02
9148,9149,SEC_0082,47.22,8717.0,2025-02-21 18:41:15
9149,9150,SEC_0455,96.36,8562.0,2025-03-22 19:13:29
9150,9151,SEC_0477,47.03,2964.0,2025-06-20 21:04:24
9151,9152,SEC_0415,54.9,8856.0,2025-01-20 16:03:15
9152,9153,SEC_0192,-65.82,690.0,2025-05-30 08:35:17
9153,9154,SEC_0253,63.27,6744.0,2025-01-25 22:36:40
9154,9155,SEC_0409,,2589.0,2025-05-20 20:28:29
9155,9156,SEC_0038,66.7,1536.0,2025-05-09 11:46:05
9156,9157,SEC_0014,110.26,2029.0,2025-04-03 09:38:20
9157,9158,SEC_0392,62.48,1857.0,2025-05-11 12:07:52
9158,9159,SEC_0347,80.62,3187.0,2025-01-21 22:59:42
9159,9160,SEC_0310,47.43,2770.0,2025-03-08 16:08:53
9160,9161,SEC_0386,98.74,6086.0,2025-03-15 00:01:56
9161,9162,SEC_0209,49.19,6487.0,2025-04-21 00:29:22
9162,9163,SEC_0357,85.27,7242.0,2025-06-28 20:29:08
9163,9164,SEC_0462,71.35,2988.0,2025-06-23 14:30:38
9164,9165,SEC_0089,55.7,8136.0,2025-02-16 04:06:26
9165,9166,SEC_0056,85.52,6091.0,2025-04-08 03:59:32
9166,9167,SEC_0094,54.4,9341.0,2025-03-24 03:38:20
9167,9168,SEC_0093,82.31,781.0,2025-03-03 07:24:09
9168,9169,SEC_0340,61.16,4406.0,2025-04-07 19:54:33
9169,9170,SEC_0085,48.76,2154.0,2025-03-08 06:38:38
9170,9171,SEC_0445,60.1,-8748.0,2025-05-23 04:15:12
9171,9172,SEC_0245,55.16,3297.0,2025-04-17 11:56:21
9172,9173,SEC_0022,47.81,3314.0,2025-06-12 23:31:02
9173,9174,SEC_0291,58.55,,2025-05-07 21:01:37
9174,9175,SEC_0485,61.63,6297.0,2025-03-02 10:21:22
9175,9176,SEC_0272,26.14,2584.0,2025-04-17 17:38:01
9176,9177,SEC_0306,63.46,3044.0,2025-03-31 01:26:00
9177,9178,SEC_0122,68.19,7570.0,2025-06-23 10:39:03
9178,9179,SEC_0128,84.39,5980.0,2025-04-14 19:07:31
9179,9180,SEC_0113,37.68,1170.0,2025-05-15 15:17:30
9180,9181,SEC_0427,40.24,3263.0,2025-04-22 16:23:23
9181,9182,SEC_0273,58.14,7037.0,2025-03-21 05:27:51
9182,9183,SEC_0336,44.09,6727.0,2025-06-24 01:07:54
9183,9184,SEC_0442,38.21,4023.0,2025-02-11 12:35:19
9184,9185,SEC_0130,48.23,8393.0,2025-03-11 17:10:21
9185,9186,SEC_0132,49.01,1891.0,2025-04-04 18:57:57
9186,9187,SEC_0085,40.26,8204.0,2025-04-02 14:36:13
9187,9188,SEC_0423,40.18,5172.0,2025-02-08 05:05:04
9188,9189,SEC_0482,52.65,9518.0,2025-05-08 03:26:25
9189,9190,SEC_0350,35.35,6665.0,2025-06-18 01:17:07
9190,9191,SEC_0390,35.18,7308.0,2025-03-06 02:21:21
9191,9192,SEC_0081,55.78,6244.0,2025-06-21 02:40:56
9192,9193,SEC_0487,85.77,3557.0,2025-06-16 23:01:53
9193,9194,SEC_0473,68.03,7305.0,2025-06-14 17:06:20
9194,9195,SEC_0325,78.79,4967.0,2025-02-05 08:37:09
9195,9196,SEC_0069,31.77,366.0,2025-06-17 22:31:16
9196,9197,SEC_0148,35.78,8052.0,2025-04-19 23:37:23
9197,9198,SEC_0448,54.77,657.0,2025-05-03 08:12:53
9198,9199,SEC_0016,70.17,8353.0,2025-02-13 03:53:07
9199,9200,SEC_0307,66.12,8367.0,2025-01-28 15:30:32
9200,9201,SEC_0105,36.48,3471.0,2025-06-22 02:30:50
9201,9202,SEC_0165,-76.76,4061.0,2025-02-11 02:38:49
9202,9203,SEC_0488,53.28,-5600.0,2025-02-09 13:58:06
9203,9204,SEC_0201,68.95,545.0,2025-05-19 03:32:06
9204,9205,SEC_0197,45.53,6427.0,2025-02-18 08:37:50
9205,9206,SEC_0426,34.36,1762.0,2025-03-17 07:47:14
9206,9207,SEC_0185,70.37,957.0,2025-05-16 06:35:07
9207,9208,SEC_0322,62.86,8644.0,2025-01-18 00:05:23
9208,9209,SEC_0265,37.57,8177.0,2025-01-17 18:02:56
9209,9210,SEC_0363,44.68,7792.0,2025-01-17 03:38:09
9210,9211,SEC_0100,67.08,8274.0,2025-06-18 15:10:11
9211,9212,SEC_0342,58.08,1237.0,2025-03-28 09:55:24
9212,9213,SEC_0320,63.47,4912.0,2025-01-28 15:21:18
9213,9214,SEC_0214,46.65,6278.0,2025-06-25 16:06:28
9214,9215,SEC_0278,83.67,447.0,2025-05-13 21:31:39
9215,9216,SEC_0162,52.81,2166.0,2025-05-24 14:16:55
9216,9217,SEC_0439,26.84,1620.0,2025-03-09 18:33:22
9217,9218,SEC_0157,56.38,1794.0,2025-01-22 22:36:21
9218,9219,SEC_0422,65.46,9366.0,2025-03-22 16:17:20
9219,9220,SEC_0251,59.69,6006.0,2025-04-14 00:52:08
9220,9221,SEC_0366,48.04,646.0,2025-04-05 05:16:14
9221,9222,SEC_0097,30.38,379.0,2025-02-14 13:06:35
9222,9223,SEC_0018,44.93,2656.0,2025-03-03 16:56:32
9223,9224,SEC_0327,46.22,7110.0,2025-03-23 23:41:53
9224,9225,SEC_0449,44.8,3585.0,2025-05-16 01:21:36
9225,9226,SEC_0383,65.6,1141.0,2025-05-18 07:31:51
9226,9227,SEC_0097,49.4,3736.0,2025-03-18 15:27:24
9227,9228,SEC_0001,82.64,662.0,2025-06-02 11:29:07
9228,9229,SEC_0216,51.03,5437.0,2025-01-02 13:55:29
9229,9230,SEC_0132,78.63,8204.0,2025-02-14 21:16:38
9230,9231,SEC_0260,58.23,5210.0,2025-05-23 08:08:55
9231,9232,SEC_0125,59.09,388.0,2025-02-21 10:27:43
9232,9233,SEC_0082,44.48,,2025-01-08 03:31:58
9233,9234,SEC_0283,36.41,4736.0,2025-01-25 08:59:59
9234,9235,SEC_0171,53.41,8292.0,2025-01-21 17:49:08
9235,9236,SEC_0059,-90.56,6472.0,2025-01-02 23:53:01
9236,9237,SEC_0032,47.58,2772.0,2025-02-21 17:58:26
9237,9238,SEC_0161,45.37,4170.0,2025-01-21 18:01:04
9238,9239,SEC_0284,51.85,7264.0,2025-06-12 06:35:10
9239,9240,SEC_0106,92.8,6236.0,2025-01-05 18:05:43
9240,9241,SEC_0105,69.14,4020.0,2025-04-02 08:46:36
9241,9242,SEC_0439,78.59,4271.0,2025-01-17 21:09:33
9242,9243,SEC_0228,30.14,5857.0,2025-03-14 19:48:21
9243,9244,SEC_0188,42.63,35.0,2025-04-21 08:31:00
9244,9245,SEC_0070,43.08,7619.0,2025-02-04 06:43:40
9245,9246,SEC_0318,76.77,3381.0,2025-02-02 03:15:02
9246,9247,SEC_0464,66.55,5477.0,2025-02-24 02:12:52
9247,9248,SEC_0290,74.95,7544.0,2025-04-26 12:14:50
9248,9249,SEC_0087,31.1,3177.0,2025-03-29 08:33:24
9249,9250,SEC_0370,76.18,8368.0,2025-01-01 16:20:27
9250,9251,SEC_0362,66.54,2154.0,2025-05-30 19:07:25
9251,9252,SEC_0472,,4688.0,2025-02-01 18:55:54
9252,9253,SEC_0056,51.47,1587.0,2025-01-08 04:30:14
9253,9254,SEC_0113,41.76,8057.0,2025-03-10 05:34:05
9254,9255,SEC_0013,53.04,5423.0,2025-03-11 17:05:03
9255,9256,SEC_0440,62.48,3659.0,2025-03-01 04:29:30
9256,9257,SEC_0018,83.2,953.0,2025-06-19 17:28:09
9257,9258,SEC_0182,41.19,6271.0,2025-01-06 00:07:37
9258,9259,SEC_0461,47.43,5366.0,2025-02-04 20:01:00
9259,9260,SEC_0113,,2872.0,2025-05-01 07:28:59
9260,9261,SEC_0229,68.72,2979.0,2025-05-15 05:18:53
9261,9262,SEC_0171,,2971.0,2025-01-29 02:47:27
9262,9263,SEC_0295,57.58,4909.0,2025-03-27 14:23:22
9263,9264,SEC_0189,37.8,1960.0,2025-02-21 09:12:08
9264,9265,SEC_0426,55.35,5183.0,2025-04-14 12:34:01
9265,9266,SEC_0465,,806.0,2025-01-16 06:30:25
9266,9267,SEC_0079,46.83,3101.0,2025-02-09 08:26:53
9267,9268,SEC_0146,58.34,1576.0,2025-06-01 06:57:10
9268,9269,SEC_0407,41.76,8792.0,2025-01-22 08:41:52
9269,9270,SEC_0182,52.79,2616.0,2025-03-13 16:08:23
9270,9271,SEC_0499,34.21,8804.0,2025-01-13 11:14:07
9271,9272,SEC_0286,67.51,5627.0,2025-03-24 03:58:11
9272,9273,SEC_0250,48.2,8753.0,2025-04-27 05:49:59
9273,9274,SEC_0354,51.28,627.0,2025-02-04 18:28:07
9274,9275,SEC_0314,55.74,6885.0,2025-04-06 02:56:19
9275,9276,SEC_0196,30.26,2812.0,2025-01-10 05:54:43
9276,9277,SEC_0323,44.36,1611.0,2025-03-10 13:12:36
9277,9278,SEC_0071,56.86,8867.0,2025-05-15 21:20:38
9278,9279,SEC_0248,52.04,-49.0,2025-01-22 05:22:13
9279,9280,SEC_0146,104.92,1387.0,2025-02-16 04:33:22
9280,9281,SEC_0106,79.65,1903.0,2025-06-03 18:04:08
9281,9282,SEC_0263,56.93,4723.0,2025-03-19 14:13:22
9282,9283,SEC_0296,40.18,4373.0,2025-01-26 06:53:28
9283,9284,SEC_0070,47.06,3843.0,2025-02-25 00:20:04
9284,9285,SEC_0470,66.52,7070.0,2025-03-07 02:02:03
9285,9286,SEC_0193,55.87,4312.0,2025-01-21 02:08:46
9286,9287,SEC_0068,80.06,8422.0,2025-03-08 10:59:19
9287,9288,SEC_0494,55.74,7807.0,2025-03-01 03:36:24
9288,9289,SEC_0305,56.53,6467.0,2025-03-24 22:24:54
9289,9290,SEC_0052,88.88,7998.0,2025-04-09 19:58:49
9290,9291,SEC_0370,39.29,6369.0,2025-06-04 02:05:02
9291,9292,SEC_0363,-91.85,1686.0,2025-01-21 02:16:32
9292,9293,SEC_0285,68.78,9503.0,2025-05-24 17:55:51
9293,9294,SEC_0405,144.12,8140.0,2025-01-04 02:48:54
9294,9295,SEC_0474,44.24,5134.0,2025-05-02 01:05:39
9295,9296,SEC_0334,89.02,8825.0,2025-05-04 09:45:25
9296,9297,SEC_0009,-56.84,2423.0,2025-06-21 13:24:57
9297,9298,SEC_0251,51.64,2751.0,2025-01-05 18:54:07
9298,9299,SEC_0431,59.83,8525.0,2025-06-17 05:12:17
9299,9300,SEC_0332,56.69,6310.0,2025-02-08 01:59:31
9300,9301,SEC_0298,43.22,8699.0,2025-06-18 03:20:39
9301,9302,SEC_0435,52.48,4213.0,2025-02-15 12:16:09
9302,9303,SEC_0184,59.87,943.0,2025-04-09 09:54:59
9303,9304,SEC_0179,48.06,8828.0,2025-03-11 13:09:49
9304,9305,SEC_0198,64.21,9782.0,2025-01-08 00:03:47
9305,9306,SEC_0128,49.96,1463.0,2025-05-16 12:33:19
9306,9307,SEC_0020,62.65,7472.0,2025-06-28 21:29:35
9307,9308,SEC_0472,60.42,1992.0,2025-06-10 18:09:47
9308,9309,SEC_0411,62.51,5391.0,2025-02-14 19:32:25
9309,9310,SEC_0422,36.43,9927.0,2025-04-17 19:26:48
9310,9311,SEC_0328,75.88,113.0,2025-06-17 18:03:54
9311,9312,SEC_0065,42.11,7184.0,2025-03-26 20:48:33
9312,9313,SEC_0182,51.64,2264.0,2025-01-31 21:44:47
9313,9314,SEC_0241,44.98,8619.0,2025-04-26 04:40:22
9314,9315,SEC_0369,-55.78,5255.0,2025-05-19 21:29:54
9315,9316,SEC_0024,52.81,-9259.0,2025-06-23 19:39:23
9316,9317,SEC_0384,66.38,2812.0,2025-03-22 19:10:40
9317,9318,SEC_0431,55.32,834.0,2025-06-02 20:12:27
9318,9319,SEC_0455,48.55,7228.0,2025-01-25 17:40:46
9319,9320,SEC_0083,31.84,8422.0,2025-04-21 16:56:15
9320,9321,SEC_0470,71.19,4255.0,2025-06-19 02:50:10
9321,9322,SEC_0319,63.77,9016.0,2025-04-10 16:46:25
9322,9323,SEC_0185,72.06,2519.0,2025-01-11 17:39:50
9323,9324,SEC_0439,51.64,3668.0,2025-04-03 02:36:53
9324,9325,SEC_0316,60.77,9297.0,2025-01-07 12:53:52
9325,9326,SEC_0099,44.88,1042.0,2025-04-29 04:36:42
9326,9327,SEC_0062,43.67,-5113.0,2025-03-07 10:50:51
9327,9328,SEC_0286,-50.15,708.0,2025-03-18 09:41:00
9328,9329,SEC_0477,71.99,7459.0,2025-03-29 21:49:59
9329,9330,SEC_0022,50.28,1384.0,2025-06-20 18:16:40
9330,9331,SEC_0459,53.72,-1303.0,2025-03-27 18:40:00
9331,9332,SEC_0212,58.72,7119.0,2025-03-20 06:51:48
9332,9333,SEC_0126,55.01,8869.0,2025-04-14 13:25:26
9333,9334,SEC_0413,74.02,2565.0,2025-03-04 18:45:37
9334,9335,SEC_0499,43.62,9756.0,2025-01-28 08:40:07
9335,9336,SEC_0425,56.26,1261.0,2025-03-10 14:58:31
9336,9337,SEC_0042,62.95,3204.0,2025-05-05 10:12:41
9337,9338,SEC_0098,33.36,358.0,2025-01-16 01:48:57
9338,9339,SEC_0449,59.13,,2025-03-18 17:45:32
9339,9340,SEC_0031,81.66,5413.0,2025-05-30 13:50:31
9340,9341,SEC_0158,49.15,3235.0,2025-03-21 08:13:31
9341,9342,SEC_0112,39.43,8084.0,2025-03-19 12:30:39
9342,9343,SEC_0402,,419.0,2025-01-06 09:46:51
9343,9344,SEC_0247,57.62,7907.0,2025-05-08 12:20:05
9344,9345,SEC_0122,86.21,5588.0,2025-04-30 14:32:53
9345,9346,SEC_0273,62.26,3956.0,2025-02-05 21:25:22
9346,9347,SEC_0294,41.14,1594.0,2025-06-11 02:54:09
9347,9348,SEC_0398,40.58,4603.0,2025-05-30 03:13:08
9348,9349,SEC_0471,70.66,9578.0,2025-03-03 14:47:52
9349,9350,SEC_0473,60.77,245.0,2025-01-16 19:44:51
9350,9351,SEC_0207,53.65,4573.0,2025-01-18 23:08:14
9351,9352,SEC_0110,57.5,615.0,2025-05-12 02:56:20
9352,9353,SEC_0440,62.34,250.0,2025-03-11 21:28:15
9353,9354,SEC_0278,61.06,6621.0,2025-05-20 02:03:33
9354,9355,SEC_0451,34.76,9788.0,2025-05-11 22:50:34
9355,9356,SEC_0056,78.65,5870.0,2025-06-11 20:27:17
9356,9357,SEC_0375,80.24,5972.0,2025-01-20 02:31:11
9357,9358,SEC_0403,93.98,511.0,2025-05-24 09:25:39
9358,9359,SEC_0057,88.04,5969.0,2025-06-03 07:31:25
9359,9360,SEC_0428,83.66,4870.0,2025-02-21 11:33:39
9360,9361,SEC_0482,50.1,9558.0,2025-05-22 10:13:56
9361,9362,SEC_0291,59.76,7506.0,2025-02-22 00:10:21
9362,9363,SEC_0114,77.49,7648.0,2025-04-29 02:38:21
9363,9364,SEC_0381,31.81,9116.0,2025-04-05 20:09:14
9364,9365,SEC_0385,51.13,74.0,2025-03-08 05:45:24
9365,9366,SEC_0308,32.73,9001.0,2025-01-25 00:22:00
9366,9367,SEC_0341,59.39,2879.0,2025-01-07 20:55:47
9367,9368,SEC_0477,79.82,5142.0,2025-04-23 15:01:26
9368,9369,SEC_0198,54.91,2127.0,2025-03-22 03:21:34
9369,9370,SEC_0421,46.03,-2205.0,2025-04-22 18:17:40
9370,9371,SEC_0321,59.44,6471.0,2025-02-15 23:23:10
9371,9372,SEC_0179,61.79,3680.0,2025-06-17 07:09:16
9372,9373,SEC_0385,63.11,8090.0,2025-01-27 14:12:30
9373,9374,SEC_0219,37.92,985.0,2025-04-21 11:51:52
9374,9375,SEC_0277,58.74,1299.0,2025-06-10 08:11:56
9375,9376,SEC_0437,57.7,7549.0,2025-05-11 01:54:31
9376,9377,SEC_0016,72.57,7188.0,2025-01-26 00:11:58
9377,9378,SEC_0492,53.37,3956.0,2025-03-24 12:17:27
9378,9379,SEC_0379,98.72,5714.0,2025-04-28 14:02:33
9379,9380,SEC_0061,55.96,3688.0,2025-02-04 00:33:29
9380,9381,SEC_0054,47.3,3046.0,2025-02-03 07:57:06
9381,9382,SEC_0168,40.41,9052.0,2025-02-20 08:54:16
9382,9383,SEC_0026,46.8,6717.0,2025-01-26 12:56:55
9383,9384,SEC_0336,42.96,2086.0,2025-03-17 23:53:54
9384,9385,SEC_0476,52.1,6534.0,2025-04-04 06:12:57
9385,9386,SEC_0065,90.56,2728.0,2025-05-21 02:25:20
9386,9387,SEC_0100,35.24,377.0,2025-05-13 20:23:24
9387,9388,SEC_0074,35.99,6993.0,2025-02-26 14:24:03
9388,9389,SEC_0192,50.89,5701.0,2025-03-11 21:43:19
9389,9390,SEC_0171,36.27,4691.0,2025-05-04 23:29:13
9390,9391,SEC_0273,40.67,2795.0,2025-04-10 07:25:08
9391,9392,SEC_0377,60.45,1066.0,2025-04-13 19:19:52
9392,9393,SEC_0187,53.74,3683.0,2025-01-24 07:30:13
9393,9394,SEC_0023,62.27,7638.0,2025-03-03 19:16:45
9394,9395,SEC_0391,65.19,1052.0,2025-05-03 16:14:20
9395,9396,SEC_0428,81.68,8821.0,2025-01-15 14:52:58
9396,9397,SEC_0181,61.17,8081.0,2025-05-26 17:55:22
9397,9398,SEC_0327,78.37,2374.0,2025-06-01 03:43:54
9398,9399,SEC_0108,56.38,6763.0,2025-02-10 01:30:23
9399,9400,SEC_0335,61.38,8059.0,2025-06-26 03:17:01
9400,9401,SEC_0162,61.15,6469.0,2025-02-02 20:18:34
9401,9402,SEC_0302,59.46,3975.0,2025-04-15 04:22:42
9402,9403,SEC_0493,58.07,9376.0,2025-01-18 13:29:57
9403,9404,SEC_0452,94.28,6660.0,2025-04-10 20:58:03
9404,9405,SEC_0206,67.32,7829.0,2025-02-23 15:54:34
9405,9406,SEC_0078,47.74,4842.0,2025-03-29 07:53:31
9406,9407,SEC_0016,110.28,9470.0,2025-05-08 16:43:47
9407,9408,SEC_0327,48.76,1952.0,2025-05-14 15:10:28
9408,9409,SEC_0096,54.51,3922.0,2025-01-05 08:52:05
9409,9410,SEC_0147,42.56,3425.0,2025-01-22 22:38:48
9410,9411,SEC_0002,67.7,6726.0,2025-05-29 06:16:50
9411,9412,SEC_0010,90.66,9518.0,2025-05-09 17:40:32
9412,9413,SEC_0434,34.91,1172.0,2025-03-21 23:26:41
9413,9414,SEC_0125,50.24,3770.0,2025-05-02 06:50:15
9414,9415,SEC_0081,76.32,3632.0,2025-01-15 18:43:47
9415,9416,SEC_0485,39.73,2311.0,2025-06-01 01:37:26
9416,9417,SEC_0140,64.87,2344.0,2025-03-05 23:40:33
9417,9418,SEC_0326,36.95,3387.0,2025-06-24 06:57:31
9418,9419,SEC_0150,61.71,3068.0,2025-04-25 12:46:02
9419,9420,SEC_0288,55.89,2340.0,2025-01-15 11:50:17
9420,9421,SEC_0361,147.71,684.0,2025-04-03 19:37:49
9421,9422,SEC_0340,68.26,9068.0,2025-01-01 16:47:08
9422,9423,SEC_0129,28.45,1055.0,2025-01-11 22:28:09
9423,9424,SEC_0438,53.39,7212.0,2025-01-23 18:22:07
9424,9425,SEC_0239,69.92,2603.0,2025-05-27 12:33:31
9425,9426,SEC_0058,48.23,4015.0,2025-05-21 21:48:27
9426,9427,SEC_0198,47.61,7302.0,2025-02-11 01:44:08
9427,9428,SEC_0211,48.31,349.0,2025-05-16 12:51:10
9428,9429,SEC_0402,64.34,1023.0,2025-04-23 03:13:42
9429,9430,SEC_0390,37.47,8642.0,2025-02-28 00:23:05
9430,9431,SEC_0045,46.13,504.0,2025-01-29 03:19:24
9431,9432,SEC_0097,74.43,8278.0,2025-04-12 13:06:34
9432,9433,SEC_0279,47.18,523.0,2025-02-11 00:36:32
9433,9434,SEC_0023,46.34,2509.0,2025-02-28 00:22:09
9434,9435,SEC_0410,36.13,8822.0,2025-01-01 23:40:40
9435,9436,SEC_0461,66.27,18.0,2025-02-25 14:09:29
9436,9437,SEC_0391,62.03,7424.0,2025-04-04 14:56:06
9437,9438,SEC_0335,73.09,1269.0,2025-04-11 03:56:42
9438,9439,SEC_0044,52.78,1177.0,2025-01-25 08:52:50
9439,9440,SEC_0027,60.02,1633.0,2025-03-19 22:23:10
9440,9441,SEC_0282,59.87,3614.0,2025-04-02 10:08:15
9441,9442,SEC_0097,35.61,115.0,2025-01-09 20:49:24
9442,9443,SEC_0463,110.61,8945.0,2025-02-13 23:43:12
9443,9444,SEC_0036,73.22,6591.0,2025-03-06 20:11:24
9444,9445,SEC_0109,55.91,2401.0,2025-01-11 10:07:21
9445,9446,SEC_0055,51.05,6769.0,2025-05-20 22:50:10
9446,9447,SEC_0192,81.22,2589.0,2025-05-17 08:10:34
9447,9448,SEC_0219,56.19,322.0,2025-03-27 06:14:43
9448,9449,SEC_0185,71.81,7627.0,2025-03-14 20:30:11
9449,9450,SEC_0069,45.91,834.0,2025-03-07 08:06:46
9450,9451,SEC_0317,41.99,8404.0,2025-02-05 22:12:20
9451,9452,SEC_0130,52.01,-9449.0,2025-06-05 01:53:12
9452,9453,SEC_0055,54.77,159.0,2025-01-23 16:59:02
9453,9454,SEC_0378,62.0,2620.0,2025-01-02 11:42:09
9454,9455,SEC_0097,84.78,1348.0,2025-04-19 20:17:14
9455,9456,SEC_0336,-76.22,3165.0,2025-06-10 06:44:58
9456,9457,SEC_0087,81.08,6814.0,2025-03-03 04:55:11
9457,9458,SEC_0294,43.83,911.0,2025-01-19 14:44:23
9458,9459,SEC_0119,,7167.0,2025-05-31 10:03:06
9459,9460,SEC_0208,73.0,2452.0,2025-03-17 18:32:33
9460,9461,SEC_0334,78.61,404.0,2025-02-14 19:20:54
9461,9462,SEC_0413,68.21,1691.0,2025-01-29 03:28:20
9462,9463,SEC_0154,46.12,3486.0,2025-02-03 01:25:29
9463,9464,SEC_0035,39.95,9449.0,2025-02-24 06:07:33
9464,9465,SEC_0079,58.55,4289.0,2025-05-16 21:19:59
9465,9466,SEC_0067,41.78,9835.0,2025-06-11 08:52:10
9466,9467,SEC_0343,62.69,8117.0,2025-01-28 19:57:55
9467,9468,SEC_0413,79.46,,2025-06-22 11:15:32
9468,9469,SEC_0034,57.78,4446.0,2025-02-04 12:00:59
9469,9470,SEC_0097,36.9,6460.0,2025-02-01 21:38:44
9470,9471,SEC_0169,46.86,7087.0,2025-04-12 20:11:34
9471,9472,SEC_0169,,1945.0,2025-06-05 00:22:02
9472,9473,SEC_0151,62.94,3572.0,2025-05-14 15:11:07
9473,9474,SEC_0071,64.47,1561.0,2025-04-17 12:37:03
9474,9475,SEC_0003,92.82,4748.0,2025-06-09 23:36:19
9475,9476,SEC_0314,60.63,7155.0,2025-06-17 00:39:16
9476,9477,SEC_0032,60.05,593.0,2025-02-16 20:54:05
9477,9478,SEC_0287,70.6,5328.0,2025-02-17 09:02:05
9478,9479,SEC_0082,38.4,756.0,2025-04-11 22:20:35
9479,9480,SEC_0043,47.77,9492.0,2025-01-05 18:22:11
9480,9481,SEC_0391,-43.75,497.0,2025-01-26 08:35:58
9481,9482,SEC_0105,66.45,2422.0,2025-04-24 19:25:59
9482,9483,SEC_0001,41.44,1599.0,2025-06-01 10:50:02
9483,9484,SEC_0061,64.65,4128.0,2025-06-09 13:57:56
9484,9485,SEC_0270,51.16,7017.0,2025-03-14 02:13:16
9485,9486,SEC_0180,49.07,5552.0,2025-02-23 14:56:40
9486,9487,SEC_0224,71.78,3591.0,2025-01-01 03:42:12
9487,9488,SEC_0006,36.61,462.0,2025-01-03 09:21:51
9488,9489,SEC_0103,47.15,4967.0,2025-03-04 18:25:59
9489,9490,SEC_0010,131.48,8560.0,2025-05-14 03:48:50
9490,9491,SEC_0071,95.12,166.0,2025-04-01 00:17:47
9491,9492,SEC_0090,31.68,1729.0,2025-05-10 14:54:30
9492,9493,SEC_0226,46.89,7697.0,2025-02-15 08:33:52
9493,9494,SEC_0158,55.64,4698.0,2025-05-02 23:41:02
9494,9495,SEC_0228,35.75,2174.0,2025-04-17 07:10:38
9495,9496,SEC_0405,100.02,38.0,2025-02-23 06:40:52
9496,9497,SEC_0126,55.08,4444.0,2025-04-03 06:02:09
9497,9498,SEC_0444,51.64,7487.0,2025-05-06 09:25:27
9498,9499,SEC_0209,61.21,2022.0,2025-05-13 14:58:03
9499,9500,SEC_0097,60.92,6881.0,2025-06-24 11:31:01
9500,9501,SEC_0074,42.25,8926.0,2025-01-23 03:39:16
9501,9502,SEC_0115,81.01,4522.0,2025-04-29 21:49:17
9502,9503,SEC_0191,57.32,8840.0,2025-06-22 13:10:26
9503,9504,SEC_0495,80.85,3303.0,2025-03-17 01:03:25
9504,9505,SEC_0170,45.94,8512.0,2025-01-26 13:00:12
9505,9506,SEC_0307,31.86,4608.0,2025-06-16 00:19:12
9506,9507,SEC_0448,84.03,6369.0,2025-04-11 11:43:57
9507,9508,SEC_0204,68.18,9915.0,2025-05-15 03:04:47
9508,9509,SEC_0056,77.51,9949.0,2025-02-24 11:06:17
9509,9510,SEC_0208,78.96,5874.0,2025-06-20 05:11:58
9510,9511,SEC_0041,54.91,7499.0,2025-04-22 03:03:21
9511,9512,SEC_0032,48.91,7173.0,2025-03-21 11:34:33
9512,9513,SEC_0015,53.12,5636.0,2025-02-01 13:09:49
9513,9514,SEC_0062,64.42,3848.0,2025-06-03 18:10:50
9514,9515,SEC_0155,59.33,9130.0,2025-03-05 21:48:09
9515,9516,SEC_0284,31.54,765.0,2025-04-30 01:14:51
9516,9517,SEC_0209,52.69,6307.0,2025-04-04 10:44:14
9517,9518,SEC_0320,83.44,653.0,2025-04-16 15:46:47
9518,9519,SEC_0494,54.58,-7045.0,2025-04-26 20:21:14
9519,9520,SEC_0187,106.42,3965.0,2025-03-27 20:32:04
9520,9521,SEC_0498,40.92,4612.0,2025-03-13 18:15:36
9521,9522,SEC_0442,60.62,5760.0,2025-02-12 21:32:58
9522,9523,SEC_0130,40.63,8379.0,2025-03-07 19:44:46
9523,9524,SEC_0127,42.24,146.0,2025-05-10 11:50:46
9524,9525,SEC_0292,42.36,5102.0,2025-06-25 08:44:00
9525,9526,SEC_0114,105.94,4248.0,2025-04-29 18:49:14
9526,9527,SEC_0199,50.62,9579.0,2025-01-08 03:28:12
9527,9528,SEC_0013,44.22,4189.0,2025-05-18 15:35:44
9528,9529,SEC_0271,54.55,2697.0,2025-03-02 05:02:14
9529,9530,SEC_0089,51.07,8241.0,2025-03-07 11:26:50
9530,9531,SEC_0215,69.65,,2025-01-27 21:14:14
9531,9532,SEC_0444,29.61,3482.0,2025-05-14 12:34:16
9532,9533,SEC_0278,41.0,8967.0,2025-03-19 03:04:49
9533,9534,SEC_0447,70.38,4642.0,2025-05-08 02:02:30
9534,9535,SEC_0474,47.15,5560.0,2025-05-23 14:39:13
9535,9536,SEC_0481,43.53,1261.0,2025-06-08 10:20:13
9536,9537,SEC_0203,42.95,650.0,2025-06-23 17:04:41
9537,9538,SEC_0074,67.84,3049.0,2025-01-31 07:31:55
9538,9539,SEC_0025,66.95,2024.0,2025-05-09 16:23:53
9539,9540,SEC_0101,72.77,9273.0,2025-01-10 10:46:41
9540,9541,SEC_0176,38.52,4271.0,2025-03-24 16:12:04
9541,9542,SEC_0427,37.84,5334.0,2025-06-07 12:02:48
9542,9543,SEC_0117,76.8,,2025-01-26 10:42:48
9543,9544,SEC_0166,58.06,,2025-06-29 04:46:33
9544,9545,SEC_0041,45.52,2313.0,2025-01-24 00:28:16
9545,9546,SEC_0429,52.08,3475.0,2025-02-15 09:34:34
9546,9547,SEC_0344,37.7,3261.0,2025-03-09 23:21:49
9547,9548,SEC_0424,46.58,4839.0,2025-03-20 04:19:02
9548,9549,SEC_0366,57.27,5619.0,2025-03-28 13:57:13
9549,9550,SEC_0120,60.72,1351.0,2025-02-02 02:42:05
9550,9551,SEC_0097,53.18,9286.0,2025-04-08 10:31:37
9551,9552,SEC_0145,51.58,6049.0,2025-04-23 07:58:19
9552,9553,SEC_0216,68.03,7932.0,2025-03-10 17:51:09
9553,9554,SEC_0229,-52.96,8142.0,2025-02-15 17:13:54
9554,9555,SEC_0313,47.74,7324.0,2025-06-21 20:59:05
9555,9556,SEC_0130,43.44,5778.0,2025-05-19 17:43:37
9556,9557,SEC_0352,32.13,1855.0,2025-04-26 23:28:16
9557,9558,SEC_0377,66.35,2267.0,2025-04-17 10:29:53
9558,9559,SEC_0318,84.7,561.0,2025-05-27 20:20:05
9559,9560,SEC_0472,42.61,7547.0,2025-02-08 06:07:09
9560,9561,SEC_0137,37.3,4988.0,2025-05-18 04:50:33
9561,9562,SEC_0324,45.29,7208.0,2025-05-13 01:25:05
9562,9563,SEC_0337,59.57,6487.0,2025-05-22 13:48:17
9563,9564,SEC_0273,46.92,2384.0,2025-05-24 15:10:43
9564,9565,SEC_0117,46.67,6148.0,2025-01-31 06:31:46
9565,9566,SEC_0306,53.26,7665.0,2025-05-19 08:15:19
9566,9567,SEC_0368,-56.27,1684.0,2025-01-17 22:31:58
9567,9568,SEC_0094,60.98,9391.0,2025-04-23 01:48:23
9568,9569,SEC_0168,49.97,,2025-02-18 14:23:01
9569,9570,SEC_0442,49.71,9964.0,2025-04-14 05:13:55
9570,9571,SEC_0203,30.67,9900.0,2025-01-22 21:46:14
9571,9572,SEC_0341,72.29,2273.0,2025-05-22 08:53:12
9572,9573,SEC_0149,58.89,2613.0,2025-05-28 17:55:56
9573,9574,SEC_0402,85.91,7425.0,2025-03-27 22:48:01
9574,9575,SEC_0183,63.65,7227.0,2025-03-09 15:17:41
9575,9576,SEC_0413,53.41,6064.0,2025-01-28 23:18:30
9576,9577,SEC_0152,34.96,4342.0,2025-02-17 04:14:24
9577,9578,SEC_0074,33.44,1543.0,2025-04-20 00:32:05
9578,9579,SEC_0365,74.78,1238.0,2025-03-10 06:02:55
9579,9580,SEC_0401,64.62,5710.0,2025-01-28 01:56:23
9580,9581,SEC_0274,84.74,9917.0,2025-01-06 17:33:32
9581,9582,SEC_0042,72.2,2264.0,2025-03-08 14:43:34
9582,9583,SEC_0496,48.85,283.0,2025-04-05 00:06:41
9583,9584,SEC_0212,27.38,7999.0,2025-02-28 12:01:17
9584,9585,SEC_0101,65.45,7741.0,2025-03-13 08:43:29
9585,9586,SEC_0045,40.25,3287.0,2025-06-26 00:30:52
9586,9587,SEC_0082,51.66,8364.0,2025-02-16 09:45:07
9587,9588,SEC_0017,61.78,1883.0,2025-06-16 05:07:26
9588,9589,SEC_0073,45.19,6188.0,2025-04-20 02:31:32
9589,9590,SEC_0014,42.63,,2025-03-07 04:10:28
9590,9591,SEC_0433,49.79,6875.0,2025-02-24 07:10:37
9591,9592,SEC_0157,29.55,7503.0,2025-03-01 02:06:39
9592,9593,SEC_0223,40.04,8793.0,2025-03-30 07:48:30
9593,9594,SEC_0132,39.87,3791.0,2025-02-08 21:07:22
9594,9595,SEC_0338,50.87,2024.0,2025-06-16 21:45:37
9595,9596,SEC_0404,41.09,467.0,2025-04-21 01:01:10
9596,9597,SEC_0376,46.77,3951.0,2025-02-14 09:44:55
9597,9598,SEC_0376,47.78,3890.0,2025-01-03 19:41:49
9598,9599,SEC_0047,103.37,2593.0,2025-02-24 03:15:29
9599,9600,SEC_0107,68.78,6633.0,2025-06-07 02:24:03
9600,9601,SEC_0108,52.66,9212.0,2025-03-08 02:00:46
9601,9602,SEC_0265,62.47,6359.0,2025-05-13 01:42:35
9602,9603,SEC_0205,71.97,1548.0,2025-03-03 10:40:58
9603,9604,SEC_0079,59.52,7170.0,2025-06-03 11:37:30
9604,9605,SEC_0155,40.04,4750.0,2025-05-06 01:24:18
9605,9606,SEC_0271,52.4,,2025-04-07 16:32:31
9606,9607,SEC_0476,40.74,704.0,2025-04-12 04:35:47
9607,9608,SEC_0485,49.47,6551.0,2025-06-29 13:48:04
9608,9609,SEC_0247,52.06,9045.0,2025-01-23 07:34:07
9609,9610,SEC_0019,74.87,8498.0,2025-05-08 12:57:41
9610,9611,SEC_0346,43.02,7637.0,2025-06-09 02:13:21
9611,9612,SEC_0436,42.0,9980.0,2025-03-08 03:01:13
9612,9613,SEC_0026,44.03,9066.0,2025-06-01 16:40:21
9613,9614,SEC_0217,45.48,-1582.0,2025-04-23 18:18:48
9614,9615,SEC_0154,49.63,3958.0,2025-03-12 03:06:51
9615,9616,SEC_0154,60.27,4591.0,2025-05-27 22:33:15
9616,9617,SEC_0174,43.14,3333.0,2025-04-19 18:43:06
9617,9618,SEC_0092,56.51,1686.0,2025-04-26 19:42:15
9618,9619,SEC_0433,56.72,9798.0,2025-02-27 15:47:10
9619,9620,SEC_0338,64.46,7532.0,2025-02-07 16:28:46
9620,9621,SEC_0480,51.25,6912.0,2025-02-02 06:18:53
9621,9622,SEC_0181,70.08,5732.0,2025-05-04 23:38:24
9622,9623,SEC_0131,60.99,896.0,2025-03-17 10:47:04
9623,9624,SEC_0450,60.17,8033.0,2025-03-04 04:21:31
9624,9625,SEC_0481,46.28,2347.0,2025-02-18 04:32:26
9625,9626,SEC_0298,59.29,3532.0,2025-02-22 14:33:45
9626,9627,SEC_0275,60.68,1862.0,2025-02-16 01:10:02
9627,9628,SEC_0273,45.64,4853.0,2025-05-18 22:02:41
9628,9629,SEC_0492,78.12,31.0,2025-06-04 07:29:34
9629,9630,SEC_0417,119.95,243.0,2025-01-09 14:05:15
9630,9631,SEC_0076,44.83,6919.0,2025-04-06 21:28:47
9631,9632,SEC_0177,47.42,9691.0,2025-05-05 08:58:34
9632,9633,SEC_0184,47.77,5512.0,2025-06-25 11:56:48
9633,9634,SEC_0319,36.86,5509.0,2025-06-16 13:49:09
9634,9635,SEC_0131,41.98,4669.0,2025-03-08 07:53:32
9635,9636,SEC_0363,70.61,6088.0,2025-04-08 14:15:28
9636,9637,SEC_0049,53.27,7016.0,2025-03-20 15:13:34
9637,9638,SEC_0055,97.1,7637.0,2025-01-21 23:11:17
9638,9639,SEC_0154,50.07,6663.0,2025-05-24 19:05:05
9639,9640,SEC_0355,61.86,4004.0,2025-05-02 17:00:59
9640,9641,SEC_0200,41.63,9852.0,2025-02-20 14:46:18
9641,9642,SEC_0308,52.82,599.0,2025-05-11 02:52:38
9642,9643,SEC_0356,56.06,2196.0,2025-03-08 15:50:46
9643,9644,SEC_0373,29.04,70.0,2025-03-21 18:57:31
9644,9645,SEC_0118,42.63,8140.0,2025-02-23 02:24:51
9645,9646,SEC_0263,66.07,9586.0,2025-04-26 15:27:45
9646,9647,SEC_0046,65.03,3660.0,2025-03-26 03:21:47
9647,9648,SEC_0302,-37.54,9842.0,2025-05-04 19:35:54
9648,9649,SEC_0356,48.99,5635.0,2025-03-28 04:08:54
9649,9650,SEC_0400,26.82,2282.0,2025-04-11 07:00:16
9650,9651,SEC_0408,54.54,6823.0,2025-04-12 02:07:55
9651,9652,SEC_0189,79.69,3683.0,2025-04-22 17:52:58
9652,9653,SEC_0310,80.73,2684.0,2025-04-29 04:26:18
9653,9654,SEC_0318,-79.87,4563.0,2025-02-03 22:36:49
9654,9655,SEC_0129,,4653.0,2025-02-04 11:09:31
9655,9656,SEC_0049,77.28,4932.0,2025-05-12 18:11:42
9656,9657,SEC_0025,51.58,9503.0,2025-02-11 07:20:16
9657,9658,SEC_0266,46.69,4714.0,2025-06-26 20:36:40
9658,9659,SEC_0118,76.88,5414.0,2025-01-18 10:33:09
9659,9660,SEC_0464,59.53,5601.0,2025-02-22 12:56:15
9660,9661,SEC_0144,31.86,4104.0,2025-04-07 15:43:14
9661,9662,SEC_0442,78.65,2076.0,2025-01-22 05:54:35
9662,9663,SEC_0200,51.11,783.0,2025-03-16 12:34:13
9663,9664,SEC_0157,44.7,-3807.0,2025-01-18 11:06:14
9664,9665,SEC_0487,73.23,9526.0,2025-05-14 16:23:46
9665,9666,SEC_0348,70.33,1058.0,2025-01-25 03:05:34
9666,9667,SEC_0134,-40.97,2055.0,2025-04-15 23:34:11
9667,9668,SEC_0400,52.08,2110.0,2025-04-28 21:10:23
9668,9669,SEC_0148,41.57,7284.0,2025-03-11 08:00:57
9669,9670,SEC_0336,41.91,1321.0,2025-06-28 21:42:38
9670,9671,SEC_0071,22.25,7850.0,2025-04-11 14:22:32
9671,9672,SEC_0233,40.28,4418.0,2025-04-27 23:06:09
9672,9673,SEC_0334,51.87,3700.0,2025-03-28 08:23:32
9673,9674,SEC_0299,23.34,733.0,2025-05-08 18:39:48
9674,9675,SEC_0154,36.18,6563.0,2025-06-27 09:17:10
9675,9676,SEC_0090,65.5,3550.0,2025-01-08 10:49:40
9676,9677,SEC_0334,35.74,6164.0,2025-04-04 13:28:11
9677,9678,SEC_0199,52.08,6556.0,2025-03-15 18:35:53
9678,9679,SEC_0161,33.25,5379.0,2025-03-03 03:57:55
9679,9680,SEC_0026,61.73,8797.0,2025-06-28 23:43:07
9680,9681,SEC_0121,49.51,1723.0,2025-04-09 03:26:38
9681,9682,SEC_0301,41.46,2813.0,2025-01-09 18:35:53
9682,9683,SEC_0212,24.7,9774.0,2025-04-23 09:54:03
9683,9684,SEC_0063,41.76,7538.0,2025-02-23 13:09:18
9684,9685,SEC_0451,66.65,2279.0,2025-02-17 00:36:45
9685,9686,SEC_0436,86.92,2351.0,2025-02-19 04:45:37
9686,9687,SEC_0068,51.12,3624.0,2025-03-27 11:57:11
9687,9688,SEC_0253,52.98,-6531.0,2025-03-15 16:20:20
9688,9689,SEC_0410,44.56,715.0,2025-06-12 19:16:28
9689,9690,SEC_0459,78.95,925.0,2025-06-12 01:16:19
9690,9691,SEC_0002,50.8,3163.0,2025-03-25 12:37:28
9691,9692,SEC_0398,71.39,4154.0,2025-02-27 07:36:49
9692,9693,SEC_0108,58.82,4530.0,2025-06-10 16:49:38
9693,9694,SEC_0286,56.65,2570.0,2025-05-17 06:10:38
9694,9695,SEC_0049,-40.2,2816.0,2025-05-05 15:59:19
9695,9696,SEC_0140,93.2,-6973.0,2025-02-15 12:15:38
9696,9697,SEC_0218,84.76,4579.0,2025-04-15 01:57:23
9697,9698,SEC_0044,108.01,-4463.0,2025-04-01 10:55:36
9698,9699,SEC_0417,39.26,889.0,2025-06-24 23:58:17
9699,9700,SEC_0269,59.1,5949.0,2025-05-01 07:59:56
9700,9701,SEC_0078,43.03,3479.0,2025-04-13 02:51:23
9701,9702,SEC_0216,62.37,3590.0,2025-01-01 21:24:09
9702,9703,SEC_0382,59.6,1724.0,2025-03-01 23:32:57
9703,9704,SEC_0098,48.22,1259.0,2025-05-15 06:19:53
9704,9705,SEC_0236,50.98,7027.0,2025-02-24 05:04:40
9705,9706,SEC_0282,102.23,8603.0,2025-02-09 08:31:37
9706,9707,SEC_0149,52.43,2231.0,2025-01-06 11:06:48
9707,9708,SEC_0412,28.2,7455.0,2025-01-18 23:04:32
9708,9709,SEC_0304,46.49,2061.0,2025-04-29 15:11:49
9709,9710,SEC_0484,39.31,3899.0,2025-05-08 18:50:55
9710,9711,SEC_0424,41.43,2614.0,2025-02-23 05:51:53
9711,9712,SEC_0066,67.55,7016.0,2025-01-23 06:50:21
9712,9713,SEC_0234,71.33,6699.0,2025-06-27 05:11:40
9713,9714,SEC_0457,42.4,1803.0,2025-06-17 06:59:49
9714,9715,SEC_0087,46.28,678.0,2025-06-23 22:31:27
9715,9716,SEC_0079,44.28,8088.0,2025-02-17 08:14:05
9716,9717,SEC_0205,86.09,4714.0,2025-03-28 16:29:27
9717,9718,SEC_0279,71.97,7731.0,2025-04-08 13:59:50
9718,9719,SEC_0337,66.89,3005.0,2025-01-24 12:06:14
9719,9720,SEC_0254,40.06,8987.0,2025-03-18 22:42:06
9720,9721,SEC_0304,32.7,729.0,2025-02-08 07:47:29
9721,9722,SEC_0380,78.98,9886.0,2025-06-29 03:53:32
9722,9723,SEC_0130,97.09,4735.0,2025-03-25 01:24:43
9723,9724,SEC_0084,32.23,191.0,2025-01-01 01:01:46
9724,9725,SEC_0276,106.96,,2025-02-27 20:01:23
9725,9726,SEC_0187,52.89,3867.0,2025-06-01 08:03:12
9726,9727,SEC_0046,57.42,9682.0,2025-03-04 10:28:15
9727,9728,SEC_0387,36.77,6040.0,2025-06-14 23:42:03
9728,9729,SEC_0183,32.06,6446.0,2025-02-21 09:24:42
9729,9730,SEC_0268,,8830.0,2025-03-02 18:49:35
9730,9731,SEC_0296,74.38,4046.0,2025-02-16 05:30:18
9731,9732,SEC_0322,53.26,,2025-03-25 16:42:52
9732,9733,SEC_0100,62.69,5625.0,2025-05-31 13:39:02
9733,9734,SEC_0078,76.7,4159.0,2025-05-23 18:06:59
9734,9735,SEC_0272,53.05,4112.0,2025-06-16 20:15:20
9735,9736,SEC_0339,90.63,6835.0,2025-05-18 19:30:13
9736,9737,SEC_0162,42.62,,2025-02-21 15:19:17
9737,9738,SEC_0044,48.17,3952.0,2025-01-04 07:39:36
9738,9739,SEC_0238,41.64,5221.0,2025-01-09 16:30:36
9739,9740,SEC_0134,70.15,4059.0,2025-03-16 11:24:39
9740,9741,SEC_0461,76.25,3248.0,2025-03-29 00:07:49
9741,9742,SEC_0192,47.66,,2025-02-25 06:04:28
9742,9743,SEC_0356,35.95,6093.0,2025-02-02 23:03:01
9743,9744,SEC_0278,78.98,7981.0,2025-01-22 07:28:53
9744,9745,SEC_0018,41.92,9091.0,2025-05-26 03:21:07
9745,9746,SEC_0012,48.38,5587.0,2025-03-15 22:00:20
9746,9747,SEC_0180,39.57,7077.0,2025-02-17 21:40:18
9747,9748,SEC_0123,59.52,7941.0,2025-04-08 02:42:00
9748,9749,SEC_0246,43.34,2223.0,2025-01-12 01:08:13
9749,9750,SEC_0222,67.38,9450.0,2025-06-10 21:23:26
9750,9751,SEC_0373,46.16,7980.0,2025-06-17 06:09:14
9751,9752,SEC_0051,64.16,1515.0,2025-04-10 21:57:53
9752,9753,SEC_0488,41.37,8609.0,2025-01-18 05:27:50
9753,9754,SEC_0071,78.88,2884.0,2025-04-09 03:40:00
9754,9755,SEC_0480,46.99,3827.0,2025-01-19 18:59:07
9755,9756,SEC_0048,56.09,4340.0,2025-02-20 04:19:34
9756,9757,SEC_0019,38.23,675.0,2025-01-29 09:41:53
9757,9758,SEC_0262,54.34,6290.0,2025-02-17 20:08:52
9758,9759,SEC_0084,38.66,103.0,2025-03-22 19:56:52
9759,9760,SEC_0155,53.88,3994.0,2025-04-04 05:49:46
9760,9761,SEC_0053,40.92,3709.0,2025-02-26 05:06:59
9761,9762,SEC_0107,52.11,1496.0,2025-02-16 01:35:12
9762,9763,SEC_0357,62.79,3393.0,2025-05-03 19:07:39
9763,9764,SEC_0304,36.17,7538.0,2025-01-30 23:09:49
9764,9765,SEC_0135,53.89,2786.0,2025-04-16 08:35:12
9765,9766,SEC_0443,61.71,5820.0,2025-06-03 23:41:58
9766,9767,SEC_0069,61.63,-3660.0,2025-02-27 18:42:04
9767,9768,SEC_0011,97.08,4881.0,2025-04-15 00:24:34
9768,9769,SEC_0143,43.67,5589.0,2025-06-02 00:14:17
9769,9770,SEC_0192,54.55,4803.0,2025-06-27 16:52:31
9770,9771,SEC_0387,92.23,4892.0,2025-03-20 21:02:07
9771,9772,SEC_0378,36.16,3526.0,2025-06-15 18:02:19
9772,9773,SEC_0069,27.41,3518.0,2025-06-20 01:03:36
9773,9774,SEC_0023,64.11,4778.0,2025-01-07 16:02:00
9774,9775,SEC_0181,74.66,4190.0,2025-01-19 06:05:01
9775,9776,SEC_0293,28.99,6934.0,2025-05-22 02:52:27
9776,9777,SEC_0009,49.6,6138.0,2025-06-04 07:52:57
9777,9778,SEC_0271,-40.23,6255.0,2025-06-10 00:48:26
9778,9779,SEC_0387,59.91,1914.0,2025-05-20 01:15:36
9779,9780,SEC_0093,54.05,7336.0,2025-02-25 02:45:03
9780,9781,SEC_0454,80.86,1151.0,2025-03-05 22:28:32
9781,9782,SEC_0017,-36.47,4138.0,2025-04-23 07:50:03
9782,9783,SEC_0154,61.3,4137.0,2025-06-18 20:22:27
9783,9784,SEC_0405,65.79,7730.0,2025-03-30 00:26:56
9784,9785,SEC_0328,55.43,1511.0,2025-01-16 21:40:48
9785,9786,SEC_0149,29.9,3916.0,2025-02-12 14:52:13
9786,9787,SEC_0377,61.85,6326.0,2025-02-02 08:55:20
9787,9788,SEC_0267,43.85,3253.0,2025-02-27 15:20:52
9788,9789,SEC_0422,32.36,8936.0,2025-06-25 16:22:40
9789,9790,SEC_0328,-60.99,3939.0,2025-04-27 12:38:34
9790,9791,SEC_0106,68.73,2512.0,2025-05-15 16:46:42
9791,9792,SEC_0472,45.39,1074.0,2025-02-12 20:44:38
9792,9793,SEC_0381,70.12,2193.0,2025-06-20 18:53:05
9793,9794,SEC_0035,70.33,8208.0,2025-04-20 09:39:45
9794,9795,SEC_0119,54.31,,2025-04-17 14:12:56
9795,9796,SEC_0014,65.29,5172.0,2025-05-28 10:30:51
9796,9797,SEC_0014,73.18,8299.0,2025-03-08 12:23:36
9797,9798,SEC_0266,63.91,4315.0,2025-02-14 18:06:35
9798,9799,SEC_0140,27.49,6481.0,2025-05-17 22:39:57
9799,9800,SEC_0294,25.63,2858.0,2025-01-21 03:16:46
9800,9801,SEC_0364,75.18,4350.0,2025-06-06 01:44:12
9801,9802,SEC_0119,44.41,1429.0,2025-04-12 10:21:03
9802,9803,SEC_0238,47.05,6724.0,2025-04-20 15:59:26
9803,9804,SEC_0034,96.25,6780.0,2025-04-16 08:25:00
9804,9805,SEC_0169,43.81,7857.0,2025-05-14 21:06:20
9805,9806,SEC_0010,52.38,7301.0,2025-03-30 23:04:54
9806,9807,SEC_0122,54.8,6646.0,2025-04-09 15:45:17
9807,9808,SEC_0401,51.22,7671.0,2025-06-27 09:37:42
9808,9809,SEC_0145,-81.71,2922.0,2025-04-03 21:24:17
9809,9810,SEC_0451,48.79,8167.0,2025-06-29 01:55:23
9810,9811,SEC_0446,67.75,7245.0,2025-06-04 03:10:49
9811,9812,SEC_0223,55.76,879.0,2025-05-25 05:43:27
9812,9813,SEC_0371,72.97,8503.0,2025-04-25 02:18:03
9813,9814,SEC_0257,36.18,9307.0,2025-05-19 16:29:19
9814,9815,SEC_0268,27.77,1322.0,2025-02-25 13:05:59
9815,9816,SEC_0359,55.09,4376.0,2025-05-30 20:05:04
9816,9817,SEC_0004,42.34,9159.0,2025-06-04 08:23:51
9817,9818,SEC_0426,84.73,8887.0,2025-01-12 08:26:12
9818,9819,SEC_0397,53.25,,2025-06-02 18:55:24
9819,9820,SEC_0354,58.32,8463.0,2025-05-21 21:28:19
9820,9821,SEC_0106,49.79,5637.0,2025-03-14 11:19:05
9821,9822,SEC_0085,44.91,-5221.0,2025-03-20 12:35:29
9822,9823,SEC_0214,55.55,-9604.0,2025-01-07 21:34:58
9823,9824,SEC_0121,74.03,3028.0,2025-05-07 15:25:00
9824,9825,SEC_0132,49.71,3125.0,2025-01-12 12:33:16
9825,9826,SEC_0338,48.67,1754.0,2025-06-03 03:45:45
9826,9827,SEC_0197,69.51,8187.0,2025-01-19 19:35:56
9827,9828,SEC_0019,32.94,5100.0,2025-02-16 18:06:57
9828,9829,SEC_0130,77.99,4336.0,2025-04-28 12:59:38
9829,9830,SEC_0012,42.87,3286.0,2025-01-17 23:52:15
9830,9831,SEC_0081,72.48,8553.0,2025-04-27 04:28:51
9831,9832,SEC_0330,59.63,8926.0,2025-04-14 04:06:10
9832,9833,SEC_0354,29.22,852.0,2025-01-12 14:30:28
9833,9834,SEC_0262,54.79,860.0,2025-05-19 05:05:42
9834,9835,SEC_0392,80.99,1351.0,2025-02-06 00:22:00
9835,9836,SEC_0125,49.85,4919.0,2025-02-24 01:21:08
9836,9837,SEC_0307,51.24,5731.0,2025-01-14 02:12:23
9837,9838,SEC_0267,43.37,327.0,2025-03-06 05:53:37
9838,9839,SEC_0447,,2121.0,2025-04-16 14:32:21
9839,9840,SEC_0441,47.52,994.0,2025-03-18 07:01:11
9840,9841,SEC_0383,93.45,5376.0,2025-05-23 09:25:44
9841,9842,SEC_0140,77.22,1767.0,2025-04-26 12:30:18
9842,9843,SEC_0329,81.42,9373.0,2025-05-12 00:05:07
9843,9844,SEC_0002,55.93,1965.0,2025-01-12 03:36:19
9844,9845,SEC_0008,47.19,6602.0,2025-01-23 22:56:06
9845,9846,SEC_0250,63.02,2782.0,2025-05-09 22:14:20
9846,9847,SEC_0139,86.97,7020.0,2025-04-04 03:43:31
9847,9848,SEC_0124,92.94,2906.0,2025-06-15 11:15:43
9848,9849,SEC_0309,31.28,8291.0,2025-05-10 09:16:04
9849,9850,SEC_0228,122.91,244.0,2025-02-06 12:53:02
9850,9851,SEC_0010,58.89,4038.0,2025-02-08 15:23:42
9851,9852,SEC_0469,68.97,7939.0,2025-03-23 22:53:05
9852,9853,SEC_0212,41.74,9693.0,2025-03-20 23:54:41
9853,9854,SEC_0112,40.88,5495.0,2025-05-19 07:18:18
9854,9855,SEC_0008,35.46,2710.0,2025-01-04 16:44:29
9855,9856,SEC_0292,91.02,7702.0,2025-01-11 17:16:25
9856,9857,SEC_0477,44.42,7796.0,2025-03-28 08:12:52
9857,9858,SEC_0362,-53.11,7089.0,2025-03-06 13:33:31
9858,9859,SEC_0460,49.88,1048.0,2025-02-28 16:41:13
9859,9860,SEC_0253,40.2,4379.0,2025-04-24 04:30:49
9860,9861,SEC_0014,51.43,9508.0,2025-02-28 20:51:08
9861,9862,SEC_0240,56.06,9579.0,2025-06-23 11:40:46
9862,9863,SEC_0438,,6545.0,2025-03-09 09:13:21
9863,9864,SEC_0242,39.74,6712.0,2025-05-24 03:48:11
9864,9865,SEC_0469,45.83,7222.0,2025-06-14 04:31:33
9865,9866,SEC_0342,64.39,9930.0,2025-02-28 11:17:47
9866,9867,SEC_0149,55.35,8614.0,2025-06-12 14:21:18
9867,9868,SEC_0236,55.65,6993.0,2025-02-15 07:33:09
9868,9869,SEC_0306,40.8,8063.0,2025-01-10 14:35:23
9869,9870,SEC_0478,68.96,,2025-01-12 05:37:27
9870,9871,SEC_0167,83.44,5363.0,2025-03-14 04:05:19
9871,9872,SEC_0020,81.15,5474.0,2025-02-08 18:13:18
9872,9873,SEC_0216,51.52,9604.0,2025-03-01 07:38:35
9873,9874,SEC_0343,25.16,4571.0,2025-03-19 19:43:28
9874,9875,SEC_0135,,2453.0,2025-03-05 15:00:54
9875,9876,SEC_0393,56.27,,2025-05-29 23:43:07
9876,9877,SEC_0129,40.23,9543.0,2025-04-29 19:36:30
9877,9878,SEC_0410,42.67,5164.0,2025-03-22 19:52:06
9878,9879,SEC_0422,40.5,4834.0,2025-01-30 05:22:16
9879,9880,SEC_0294,59.29,6802.0,2025-04-30 19:39:31
9880,9881,SEC_0246,42.66,3341.0,2025-05-29 20:04:30
9881,9882,SEC_0189,57.37,-3845.0,2025-05-13 16:52:38
9882,9883,SEC_0044,111.38,640.0,2025-04-22 02:39:39
9883,9884,SEC_0086,51.64,9767.0,2025-02-22 16:10:20
9884,9885,SEC_0044,38.55,8097.0,2025-06-29 03:05:57
9885,9886,SEC_0330,35.3,8152.0,2025-01-21 10:32:03
9886,9887,SEC_0375,60.28,8378.0,2025-04-14 22:40:09
9887,9888,SEC_0446,99.57,5401.0,2025-05-11 04:05:47
9888,9889,SEC_0378,41.66,1319.0,2025-05-04 11:21:27
9889,9890,SEC_0390,28.6,8720.0,2025-04-29 03:17:54
9890,9891,SEC_0145,91.13,3260.0,2025-04-05 01:42:15
9891,9892,SEC_0051,116.15,3484.0,2025-03-06 21:52:28
9892,9893,SEC_0242,68.51,3020.0,2025-06-27 19:44:03
9893,9894,SEC_0294,62.13,4780.0,2025-05-23 23:39:30
9894,9895,SEC_0408,55.7,9760.0,2025-05-01 01:51:10
9895,9896,SEC_0051,66.97,8767.0,2025-04-17 03:19:57
9896,9897,SEC_0266,66.05,1325.0,2025-03-18 15:41:47
9897,9898,SEC_0120,59.44,4405.0,2025-04-22 16:11:05
9898,9899,SEC_0200,41.03,9405.0,2025-03-16 01:21:26
9899,9900,SEC_0405,-59.34,5938.0,2025-05-30 15:25:26
9900,9901,SEC_0248,53.01,-1435.0,2025-03-27 09:08:44
9901,9902,SEC_0070,42.92,8730.0,2025-05-19 22:46:45
9902,9903,SEC_0341,59.3,7555.0,2025-05-22 03:34:58
9903,9904,SEC_0057,47.19,4954.0,2025-04-30 18:53:44
9904,9905,SEC_0382,55.72,9767.0,2025-01-08 00:07:25
9905,9906,SEC_0039,62.61,8385.0,2025-05-15 14:59:06
9906,9907,SEC_0472,65.33,9379.0,2025-02-23 03:44:47
9907,9908,SEC_0289,47.54,8667.0,2025-04-04 08:40:14
9908,9909,SEC_0443,-62.5,4270.0,2025-05-30 06:50:57
9909,9910,SEC_0018,67.02,7379.0,2025-03-15 09:25:54
9910,9911,SEC_0440,73.12,2438.0,2025-03-17 20:18:53
9911,9912,SEC_0220,59.83,4553.0,2025-02-02 22:37:20
9912,9913,SEC_0313,65.47,1355.0,2025-06-22 10:11:18
9913,9914,SEC_0244,48.11,3401.0,2025-01-04 18:31:37
9914,9915,SEC_0352,118.28,7197.0,2025-03-27 19:51:51
9915,9916,SEC_0460,53.56,3755.0,2025-04-22 13:23:36
9916,9917,SEC_0304,76.43,6266.0,2025-06-11 13:18:39
9917,9918,SEC_0298,47.18,159.0,2025-04-16 02:10:51
9918,9919,SEC_0283,61.09,6742.0,2025-03-31 12:11:06
9919,9920,SEC_0074,60.41,1838.0,2025-03-27 08:02:05
9920,9921,SEC_0110,63.97,4612.0,2025-01-31 11:50:09
9921,9922,SEC_0180,42.33,-1026.0,2025-04-04 20:47:01
9922,9923,SEC_0426,61.36,7813.0,2025-04-23 19:09:46
9923,9924,SEC_0032,47.24,7247.0,2025-04-13 03:59:58
9924,9925,SEC_0234,69.81,659.0,2025-03-04 21:03:44
9925,9926,SEC_0282,,678.0,2025-06-26 20:15:03
9926,9927,SEC_0025,59.85,4047.0,2025-04-11 04:08:52
9927,9928,SEC_0331,54.14,3822.0,2025-01-12 01:23:52
9928,9929,SEC_0279,-95.25,2376.0,2025-05-04 20:38:42
9929,9930,SEC_0226,76.35,276.0,2025-05-08 01:12:01
9930,9931,SEC_0057,82.41,6860.0,2025-06-10 22:03:18
9931,9932,SEC_0180,43.32,1589.0,2025-01-21 01:39:54
9932,9933,SEC_0232,48.67,,2025-05-26 15:47:34
9933,9934,SEC_0382,54.53,246.0,2025-06-15 11:46:20
9934,9935,SEC_0343,76.97,9081.0,2025-04-01 12:07:05
9935,9936,SEC_0477,61.12,6671.0,2025-04-17 16:40:14
9936,9937,SEC_0287,43.61,8193.0,2025-02-15 02:21:40
9937,9938,SEC_0064,44.16,2185.0,2025-06-23 17:09:58
9938,9939,SEC_0455,78.08,3252.0,2025-03-30 09:05:31
9939,9940,SEC_0232,61.71,5864.0,2025-01-23 15:35:33
9940,9941,SEC_0289,55.46,3052.0,2025-06-17 13:25:12
9941,9942,SEC_0213,54.1,9703.0,2025-01-04 23:10:03
9942,9943,SEC_0258,71.42,3772.0,2025-05-30 19:04:34
9943,9944,SEC_0018,39.79,9321.0,2025-03-02 09:30:23
9944,9945,SEC_0175,55.45,8890.0,2025-02-02 21:33:07
9945,9946,SEC_0417,56.46,9281.0,2025-02-16 01:29:12
9946,9947,SEC_0229,37.57,2420.0,2025-02-22 23:14:49
9947,9948,SEC_0226,51.3,7397.0,2025-02-19 19:45:01
9948,9949,SEC_0084,108.41,2629.0,2025-02-27 10:15:08
9949,9950,SEC_0291,42.5,7310.0,2025-02-09 14:16:30
9950,9951,SEC_0435,56.7,686.0,2025-04-09 09:38:33
9951,9952,SEC_0370,29.28,2757.0,2025-05-23 07:58:29
9952,9953,SEC_0246,52.37,5024.0,2025-03-26 14:10:35
9953,9954,SEC_0402,39.55,9925.0,2025-02-13 05:23:46
9954,9955,SEC_0110,49.13,4836.0,2025-02-16 10:07:39
9955,9956,SEC_0254,62.04,1973.0,2025-03-16 17:14:16
9956,9957,SEC_0088,38.95,711.0,2025-03-14 21:52:40
9957,9958,SEC_0072,58.69,8517.0,2025-01-07 23:46:50
9958,9959,SEC_0381,43.21,5086.0,2025-01-08 12:39:29
9959,9960,SEC_0030,,5647.0,2025-02-02 23:45:10
9960,9961,SEC_0172,73.32,4894.0,2025-04-27 09:38:06
9961,9962,SEC_0309,40.92,2595.0,2025-06-19 10:18:16
9962,9963,SEC_0394,48.08,1093.0,2025-01-16 19:59:20
9963,9964,SEC_0343,46.01,2956.0,2025-06-10 09:02:42
9964,9965,SEC_0436,58.27,8404.0,2025-02-15 09:51:45
9965,9966,SEC_0177,55.13,9774.0,2025-03-29 15:23:11
9966,9967,SEC_0139,51.96,9636.0,2025-06-23 07:43:59
9967,9968,SEC_0194,44.14,4144.0,2025-03-02 15:36:43
9968,9969,SEC_0186,50.42,8771.0,2025-03-23 09:02:44
9969,9970,SEC_0218,59.63,7645.0,2025-02-08 14:52:58
9970,9971,SEC_0164,56.56,2998.0,2025-03-23 14:02:49
9971,9972,SEC_0161,76.44,5209.0,2025-05-26 03:21:32
9972,9973,SEC_0431,68.64,9947.0,2025-03-12 21:52:54
9973,9974,SEC_0013,76.09,2980.0,2025-05-15 07:16:50
9974,9975,SEC_0296,81.94,3606.0,2025-02-27 08:52:19
9975,9976,SEC_0089,57.75,422.0,2025-03-15 20:08:09
9976,9977,SEC_0324,70.53,611.0,2025-05-28 07:09:53
9977,9978,SEC_0042,60.38,8638.0,2025-05-26 00:47:39
9978,9979,SEC_0403,81.29,-9153.0,2025-01-06 23:14:50
9979,9980,SEC_0210,32.25,131.0,2025-02-23 09:48:29
9980,9981,SEC_0229,49.67,2648.0,2025-04-07 17:39:58
9981,9982,SEC_0350,61.75,6674.0,2025-06-09 21:10:37
9982,9983,SEC_0275,64.78,3730.0,2025-02-28 20:37:16
9983,9984,SEC_0442,54.31,4432.0,2025-03-14 02:03:23
9984,9985,SEC_0279,33.16,1025.0,2025-06-11 15:16:44
9985,9986,SEC_0251,51.77,9845.0,2025-06-11 06:36:49
9986,9987,SEC_0310,69.75,7040.0,2025-02-21 08:07:18
9987,9988,SEC_0208,49.67,538.0,2025-05-03 21:58:57
9988,9989,SEC_0321,56.13,4592.0,2025-04-09 06:27:44
9989,9990,SEC_0140,97.02,,2025-06-26 23:09:07
9990,9991,SEC_0280,-51.62,508.0,2025-02-20 02:00:14
9991,9992,SEC_0034,52.08,3925.0,2025-06-25 12:06:53
9992,9993,SEC_0309,57.87,8873.0,2025-02-27 22:19:33
9993,9994,SEC_0392,58.63,2613.0,2025-02-05 20:24:31
9994,9995,SEC_0018,56.85,4877.0,2025-03-26 19:54:17
9995,9996,SEC_0057,61.43,8952.0,2025-02-19 08:55:53
9996,9997,SEC_0112,38.21,4224.0,2025-06-06 02:30:43
9997,9998,SEC_0005,52.65,3148.0,2025-03-10 01:42:24
9998,9999,SEC_0410,37.77,2194.0,2025-06-09 14:02:00
9999,10000,SEC_0414,55.52,8083.0,2025-03-31 19:24:16
